filename,gt_shape,gt_dtype,gt_min,gt_max,gt_mean,gt_std,gt_error,lr_shape,lr_dtype,lr_min,lr_max,lr_mean,lr_std,lr_error
000000.npy,"(256, 256)",float32,0.0,1.0,0.21819251008903506,0.239505555120515,,"(128, 128)",float32,-0.0026427102275192738,1.3257757425308228,0.2184414509457877,0.24486540947795757,
000001.npy,"(256, 256)",float32,0.0,1.0,0.326519459799123,0.15751012170489126,,"(128, 128)",float32,-0.0031231592874974012,1.4091064929962158,0.32675413070052883,0.17107371334126525,
000002.npy,"(256, 256)",float32,0.0,1.0,0.3053920098718752,0.1515746504653553,,"(128, 128)",float32,0.0002783304953482002,1.3459364175796509,0.3046870141934104,0.16135875338685915,
000003.npy,"(256, 256)",float32,0.0,1.0,0.29946306820091007,0.14394236689613565,,"(128, 128)",float32,-0.0010054984595626593,1.3146018981933594,0.2989099983245467,0.15143396910783535,
000004.npy,"(256, 256)",float32,0.0,1.0,0.35731800544483416,0.18404712249601504,,"(128, 128)",float32,-0.04995102062821388,1.3318248987197876,0.3562584763436366,0.19592375024350514,
000005.npy,"(256, 256)",float32,0.0,1.0,0.26813094999302756,0.057561014574179406,,"(128, 128)",float32,-0.006049090996384621,0.9321689605712891,0.26851267808604007,0.0699517048325248,
000006.npy,"(256, 256)",float32,0.0,1.0,0.2682986158407896,0.05740674037639925,,"(128, 128)",float32,-0.011915026232600212,0.843887448310852,0.2683484501886708,0.06822785082728029,
000007.npy,"(256, 256)",float32,0.0,1.0,0.26745997654194803,0.05786827992620241,,"(128, 128)",float32,-0.016929149627685547,1.1249449253082275,0.2683284582561356,0.07084177268164207,
000008.npy,"(256, 256)",float32,0.0,1.0,0.5247976717076454,0.22871150093623183,,"(128, 128)",float32,-0.04200931265950203,1.5704659223556519,0.5252892134310656,0.24984639756027402,
000009.npy,"(256, 256)",float32,0.0,1.0,0.5286860292162023,0.2190871521854872,,"(128, 128)",float32,-0.0018216996686533093,1.4595404863357544,0.5277301317651606,0.23728093098661804,
000010.npy,"(256, 256)",float32,0.0,1.0,0.49711459322460705,0.20523144092127604,,"(128, 128)",float32,-0.0033746028784662485,1.4051101207733154,0.4975693443952025,0.22802753945243331,
000011.npy,"(256, 256)",float32,0.0,1.0,0.5361910091188617,0.2197335940173199,,"(128, 128)",float32,0.00444362498819828,1.297839641571045,0.5365456276684313,0.23353733890543496,
000012.npy,"(256, 256)",float32,0.0,1.0,0.2526300106684829,0.1836050870682152,,"(128, 128)",float32,0.020599503070116043,1.4307210445404053,0.25274729202146773,0.1914825529077486,
000013.npy,"(256, 256)",float32,0.0,1.0,0.782701121730625,0.2486118982878368,,"(128, 128)",float32,0.019195398315787315,1.681573748588562,0.7818525901212752,0.2923183441593192,
000014.npy,"(256, 256)",float32,0.0,1.0,0.7956048400456268,0.23681672127886338,,"(128, 128)",float32,0.026551134884357452,1.6335859298706055,0.7956735660378627,0.2738292224080689,
000015.npy,"(256, 256)",float32,0.0,1.0,0.7602998161208205,0.26786419825611396,,"(128, 128)",float32,0.007161327172070742,1.585473656654358,0.7587977626920122,0.2962689741808016,
000016.npy,"(256, 256)",float32,0.0,1.0,0.7983135479543826,0.19142393108609873,,"(128, 128)",float32,-0.025143014267086983,1.6520973443984985,0.7982124837433915,0.2409902489365497,
000017.npy,"(256, 256)",float32,0.0,1.0,0.5930760876856667,0.1989427144156703,,"(128, 128)",float32,-0.011460768058896065,1.2589951753616333,0.5915948117020662,0.2164340249651905,
000018.npy,"(256, 256)",float32,0.0,1.0,0.5999201627643345,0.19467542619458525,,"(128, 128)",float32,-0.0030410438776016235,1.4285067319869995,0.5999810604181448,0.21924164869871454,
000019.npy,"(256, 256)",float32,0.0,1.0,0.5951474976456552,0.1982548127053979,,"(128, 128)",float32,0.009936096146702766,1.3405702114105225,0.594529252863083,0.2181531693132202,
000020.npy,"(256, 256)",float32,0.0,1.0,0.585743072258424,0.1966604341963877,,"(128, 128)",float32,0.035195186734199524,1.4826202392578125,0.5845331124899076,0.21533267551060783,
000021.npy,"(256, 256)",float32,0.0,1.0,0.3839006600628352,0.13945522143936123,,"(128, 128)",float32,0.01665452867746353,1.035732626914978,0.3831316107538214,0.15132925819734572,
000022.npy,"(256, 256)",float32,0.0,1.0,0.3717043904993673,0.13415004519136575,,"(128, 128)",float32,-0.007020998280495405,1.1447616815567017,0.3707578493171866,0.146764141227523,
000023.npy,"(256, 256)",float32,0.0,1.0,0.371560792515794,0.13353023963528063,,"(128, 128)",float32,-0.0021659955382347107,1.0727331638336182,0.37121502362892755,0.1446033688243938,
000024.npy,"(256, 256)",float32,0.0,1.0,0.3919004421611927,0.18970657899456442,,"(128, 128)",float32,-0.02357049472630024,1.4102561473846436,0.39148675204278405,0.20599028007567907,
000025.npy,"(256, 256)",float32,0.0,1.0,0.24215622511556845,0.15690040318717216,,"(128, 128)",float32,-0.019422335550189018,1.283496379852295,0.24182072511980124,0.16111717359789646,
000026.npy,"(256, 256)",float32,0.0,1.0,0.24135350047496296,0.15476640662455007,,"(128, 128)",float32,0.001270187203772366,1.2459715604782104,0.24168967635644378,0.15974635336750126,
000027.npy,"(256, 256)",float32,0.0,1.0,0.24094393688534765,0.15449378875747913,,"(128, 128)",float32,-0.012583830393850803,1.372061014175415,0.24043122089183488,0.1605800378751532,
000028.npy,"(256, 256)",float32,0.0,1.0,0.6826687148983757,0.2087239242585733,,"(128, 128)",float32,-0.008710519410669804,1.4268943071365356,0.6832525491107404,0.23252752159897497,
000029.npy,"(256, 256)",float32,0.0,1.0,0.5083960139193895,0.18749727593088508,,"(128, 128)",float32,-0.00025012862170115113,1.4704421758651733,0.5092830166077498,0.21260802241762514,
000030.npy,"(256, 256)",float32,0.0,1.0,0.4912278000770538,0.18888460120756803,,"(128, 128)",float32,-0.001560224569402635,1.2466708421707153,0.49226085771855566,0.20542672358994934,
000031.npy,"(256, 256)",float32,0.0,1.0,0.5082655139776153,0.18755531220861935,,"(128, 128)",float32,0.0007876661256887019,1.3946404457092285,0.5100878138347902,0.21093130920266787,
000032.npy,"(256, 256)",float32,0.0,1.0,0.6567187461605464,0.29243837750220397,,"(128, 128)",float32,-0.014598268084228039,1.481552004814148,0.6563559116214881,0.30892769608879944,
000033.npy,"(256, 256)",float32,0.0,1.0,0.5857221426846599,0.3082139250369532,,"(128, 128)",float32,-0.04034125804901123,1.4630719423294067,0.5863875218997121,0.3242691341248745,
000034.npy,"(256, 256)",float32,0.0,1.0,0.6352777092548136,0.30034837696053307,,"(128, 128)",float32,-0.03652001544833183,1.4717029333114624,0.6349738214573037,0.3172199924633133,
000035.npy,"(256, 256)",float32,0.0,1.0,0.5904329680277224,0.3065716550646835,,"(128, 128)",float32,-0.04923319071531296,1.562296986579895,0.5912040840634276,0.32883041370204497,
000036.npy,"(256, 256)",float32,0.0,1.0,0.399697137000814,0.09860200540963762,,"(128, 128)",float32,-0.049201544374227524,1.2120472192764282,0.39929296973400596,0.12042419963715077,
000037.npy,"(256, 256)",float32,0.0,1.0,0.6059940375942148,0.18124759656145686,,"(128, 128)",float32,-8.245275967055932e-05,1.3645213842391968,0.6065207911608481,0.2062632893824548,
000038.npy,"(256, 256)",float32,0.0,1.0,0.5905703462599483,0.1701655934792253,,"(128, 128)",float32,-0.0022407996002584696,1.3562557697296143,0.5901761516445987,0.2025946590925595,
000039.npy,"(256, 256)",float32,0.0,1.0,0.5931395048883878,0.17871145889934703,,"(128, 128)",float32,0.008497464470565319,1.4226106405258179,0.5936302031642526,0.19812899145438334,
000040.npy,"(256, 256)",float32,0.0,1.0,0.460505396179137,0.1739711760271153,,"(128, 128)",float32,-0.0007300623110495508,1.3473987579345703,0.4606325118046115,0.19738490897926161,
000041.npy,"(256, 256)",float32,0.0,1.0,0.3893156045218349,0.24827079425461104,,"(128, 128)",float32,-0.02139429561793804,1.2666605710983276,0.38911765315035096,0.2574262572534809,
000042.npy,"(256, 256)",float32,0.0,1.0,0.36926587554894197,0.2541308212658447,,"(128, 128)",float32,-0.07983317226171494,1.5630152225494385,0.3692915330859417,0.2675538624455007,
000043.npy,"(256, 256)",float32,0.0,1.0,0.3775860061927882,0.25778252827989834,,"(128, 128)",float32,-0.025685472413897514,1.2977972030639648,0.3781098013909826,0.2663044117977304,
000044.npy,"(256, 256)",float32,0.0,1.0,0.34840114263068467,0.3032957352359381,,"(128, 128)",float32,-0.0475342757999897,1.714219093322754,0.34806914545188405,0.311039888398102,
000045.npy,"(256, 256)",float32,0.0,1.0,0.5309340477488718,0.18813757309812415,,"(128, 128)",float32,0.01721383072435856,1.3083710670471191,0.531716305319037,0.20778352245685236,
000046.npy,"(256, 256)",float32,0.0,1.0,0.5324129065133576,0.1962426332783347,,"(128, 128)",float32,0.018868647515773773,1.3554123640060425,0.5321726679264884,0.21476392261552726,
000047.npy,"(256, 256)",float32,0.0,1.0,0.5311066808729379,0.1909523448414058,,"(128, 128)",float32,-9.476298873778433e-05,1.475258231163025,0.5297698561396382,0.20957095869597528,
000048.npy,"(256, 256)",float32,0.0,1.0,0.18419732628817354,0.24734621307248197,,"(128, 128)",float32,-0.006245862226933241,1.586019515991211,0.18483283774487802,0.255380874306531,
000049.npy,"(256, 256)",float32,0.0,1.0,0.4743168329342684,0.13608359829741848,,"(128, 128)",float32,-0.06925925612449646,1.1708776950836182,0.4736041786123486,0.14580896366415938,
000050.npy,"(256, 256)",float32,0.0,1.0,0.4778073171102458,0.13663279915612406,,"(128, 128)",float32,-0.0949362963438034,1.101843237876892,0.4771950017634694,0.1499001228662074,
000051.npy,"(256, 256)",float32,0.0,1.0,0.47686817279675814,0.13750944057358358,,"(128, 128)",float32,-0.09915529191493988,1.2124416828155518,0.4783916315555867,0.15416931842230408,
000052.npy,"(256, 256)",float32,0.0,1.0,0.6561179935896462,0.10555342518332862,,"(128, 128)",float32,0.03675331175327301,1.440768837928772,0.6559389430201463,0.1437485837291182,
000053.npy,"(256, 256)",float32,0.0,1.0,0.4108938816757926,0.22424548018101143,,"(128, 128)",float32,-0.03182025998830795,1.262935996055603,0.4108139930378948,0.23291493428376703,
000054.npy,"(256, 256)",float32,0.0,1.0,0.4107177450079065,0.2152115567416548,,"(128, 128)",float32,-0.02762581594288349,1.3471723794937134,0.41073377150286916,0.22607360382068947,
000055.npy,"(256, 256)",float32,0.0,1.0,0.32780800249137604,0.19726615689058652,,"(128, 128)",float32,-0.0188432689756155,1.1033800840377808,0.32832491652877405,0.206961799647846,
000056.npy,"(256, 256)",float32,0.0,1.0,0.3229494289390398,0.23804894335506765,,"(128, 128)",float32,-0.008528847247362137,1.2671295404434204,0.32302120836988735,0.2450092345303302,
000057.npy,"(256, 256)",float32,0.0,1.0,0.5099524808474314,0.18054418782229634,,"(128, 128)",float32,0.026279376819729805,1.378151297569275,0.5094108400165851,0.20278041688353612,
000058.npy,"(256, 256)",float32,0.0,1.0,0.5187370188900218,0.1828958684574307,,"(128, 128)",float32,0.033652644604444504,1.3730287551879883,0.5193524365188296,0.19698805826514673,
000059.npy,"(256, 256)",float32,0.0,1.0,0.5079063135163437,0.1789969054735262,,"(128, 128)",float32,0.03372812643647194,1.3649600744247437,0.506547923376047,0.19941032619309265,
000060.npy,"(256, 256)",float32,0.0,1.0,0.5940645343938407,0.23212706850347586,,"(128, 128)",float32,-0.002822097623720765,1.5941290855407715,0.5929438375450964,0.25155166107510313,
000061.npy,"(256, 256)",float32,0.0,1.0,0.44613480776129677,0.12157840176280721,,"(128, 128)",float32,0.012189063243567944,1.2478982210159302,0.446308087549653,0.14513388179281117,
000062.npy,"(256, 256)",float32,0.0,1.0,0.4349095651709147,0.12354719571229707,,"(128, 128)",float32,0.019748380407691002,1.3198362588882446,0.4339066161347773,0.1489721080608423,
000063.npy,"(256, 256)",float32,0.0,1.0,0.48637483679829074,0.11535845947766206,,"(128, 128)",float32,0.0335051491856575,1.2384047508239746,0.4854619241261844,0.14451775031958808,
000064.npy,"(256, 256)",float32,0.0,1.0,0.7370248682513321,0.2867127327445886,,"(128, 128)",float32,0.005571560934185982,1.5700370073318481,0.7387038086554298,0.3113221103297814,
000065.npy,"(256, 256)",float32,0.0,1.0,0.37586873105698476,0.14153253705709531,,"(128, 128)",float32,-0.012002913281321526,1.5558258295059204,0.3760649928177744,0.16270981630005915,
000066.npy,"(256, 256)",float32,0.0,1.0,0.372794686517675,0.14436991405849164,,"(128, 128)",float32,-0.030594347044825554,1.463112473487854,0.37241596449934766,0.16281423886969476,
000067.npy,"(256, 256)",float32,0.0,1.0,0.4542886619972961,0.1770151158351984,,"(128, 128)",float32,0.016410941258072853,1.3958054780960083,0.45414248943097846,0.19214268166908843,
000068.npy,"(256, 256)",float32,0.0,1.0,0.53784523973939,0.2368525965306098,,"(128, 128)",float32,-0.003969203680753708,1.3438165187835693,0.5374928640018481,0.2508769997904096,
000069.npy,"(256, 256)",float32,0.0,1.0,0.16875316683176603,0.1572179425943057,,"(128, 128)",float32,-0.017788203433156013,1.2649574279785156,0.16809743377551978,0.1605585094689835,
000070.npy,"(256, 256)",float32,0.0,1.0,0.16983915588556026,0.1568738771141719,,"(128, 128)",float32,-0.0123982522636652,1.2081855535507202,0.16944729020660754,0.16160048428608453,
000071.npy,"(256, 256)",float32,0.0,1.0,0.16850398547797235,0.15699709604246176,,"(128, 128)",float32,-0.008642593398690224,1.1891545057296753,0.16831924672880189,0.16101087610733592,
000072.npy,"(256, 256)",float32,0.0,1.0,0.36632305289085565,0.275653700482829,,"(128, 128)",float32,-0.026307212188839912,1.36614191532135,0.36689817711495265,0.28476373018908707,
000073.npy,"(256, 256)",float32,0.0,1.0,0.5070362110967525,0.27167783133472834,,"(128, 128)",float32,-0.008441564626991749,1.2827216386795044,0.5066680353800392,0.2831168150005208,
000074.npy,"(256, 256)",float32,0.0,1.0,0.5051900547302068,0.2749977314859903,,"(128, 128)",float32,-0.02703438512980938,1.2866294384002686,0.5057892641813937,0.28739101913882126,
000075.npy,"(256, 256)",float32,0.0,1.0,0.502774141635864,0.27461786216586104,,"(128, 128)",float32,-0.007436128333210945,1.3813575506210327,0.5021020186714873,0.29247097487379076,
000076.npy,"(256, 256)",float32,0.0,1.0,0.2863705651042636,0.20243203429885756,,"(128, 128)",float32,-0.004129795823246241,1.316648244857788,0.2856809961213429,0.21069504861475363,
000077.npy,"(256, 256)",float32,0.0,1.0,0.1693154104776582,0.12127396381598425,,"(128, 128)",float32,0.001593895605765283,1.3703551292419434,0.1694622976603668,0.1266016156584293,
000078.npy,"(256, 256)",float32,0.0,1.0,0.23154434573753235,0.12257569668961331,,"(128, 128)",float32,0.017570311203598976,1.141582727432251,0.23166900372268628,0.12972861061537524,
000079.npy,"(256, 256)",float32,0.0,1.0,0.16708602943721473,0.1040274152585932,,"(128, 128)",float32,0.0003677249769680202,1.2402276992797852,0.16803471665083336,0.11190681198259081,
000080.npy,"(256, 256)",float32,0.0,1.0,0.6011473233221865,0.15880944032923502,,"(128, 128)",float32,-0.0501558892428875,1.2061935663223267,0.6009650569628366,0.1836416824956074,
000081.npy,"(256, 256)",float32,0.0,1.0,0.22418439127682172,0.22569044074292333,,"(128, 128)",float32,-0.01933445781469345,1.3386154174804688,0.22493791207930708,0.23129242444593248,
000082.npy,"(256, 256)",float32,0.0,1.0,0.2177221993972664,0.23440080491728196,,"(128, 128)",float32,-0.04640207812190056,1.40862238407135,0.21851284889121714,0.23996206613891707,
000083.npy,"(256, 256)",float32,0.0,1.0,0.21129214258775214,0.2336908350641545,,"(128, 128)",float32,-0.026192519813776016,1.5474207401275635,0.2119430976594905,0.23996169868507825,
000084.npy,"(256, 256)",float32,0.0,1.0,0.3185747642427257,0.15700273666720083,,"(128, 128)",float32,-0.0066164471209049225,1.3438756465911865,0.3182244644043877,0.16527411995732355,
000085.npy,"(256, 256)",float32,0.0,1.0,0.6014708845722936,0.26942144258263234,,"(128, 128)",float32,0.012777344323694706,1.544702410697937,0.6013044201227444,0.2936463013288936,
000086.npy,"(256, 256)",float32,0.0,1.0,0.5367860824234318,0.285385975784634,,"(128, 128)",float32,-0.04951032996177673,1.4198482036590576,0.5360443159126476,0.29736336251481066,
000087.npy,"(256, 256)",float32,0.0,1.0,0.5743809925260734,0.2784557864332551,,"(128, 128)",float32,0.0019377556163817644,1.508067011833191,0.5740083699633516,0.2912624221261202,
000088.npy,"(256, 256)",float32,0.0,1.0,0.5806182438674568,0.34501220675243616,,"(128, 128)",float32,0.0034634529147297144,1.5404222011566162,0.5799048881123952,0.36468289899664674,
000089.npy,"(256, 256)",float32,0.0,1.0,0.46635713357781583,0.163258415171136,,"(128, 128)",float32,0.0033185724169015884,1.4268269538879395,0.46695597149061996,0.187496216080145,
000090.npy,"(256, 256)",float32,0.0,1.0,0.480431353852282,0.16221828474934002,,"(128, 128)",float32,0.006946725770831108,1.2235801219940186,0.4802575895994323,0.17893366675995104,
000091.npy,"(256, 256)",float32,0.0,1.0,0.4852854355916918,0.16085075506367183,,"(128, 128)",float32,-0.012263614684343338,1.3169260025024414,0.48444581492432803,0.1797584674011024,
000092.npy,"(256, 256)",float32,0.0,1.0,0.33730204686855814,0.14542412273811767,,"(128, 128)",float32,0.007766064256429672,1.171478509902954,0.3372680323449231,0.1580972390164906,
000093.npy,"(256, 256)",float32,0.0,1.0,0.1536299489187769,0.11855875698803217,,"(128, 128)",float32,0.0002591325028333813,1.2181051969528198,0.15367111992088134,0.12251750324768208,
000094.npy,"(256, 256)",float32,0.0,1.0,0.16786650891766897,0.1322945559896112,,"(128, 128)",float32,0.0031070425175130367,1.242258906364441,0.16806412248759273,0.13778769427486598,
000095.npy,"(256, 256)",float32,0.0,1.0,0.15064746571906262,0.11862934522675737,,"(128, 128)",float32,0.004040090832859278,1.2349181175231934,0.15088581629146347,0.12286286585813211,
000096.npy,"(256, 256)",float32,0.0,1.0,0.47883422792493147,0.22899934823162435,,"(128, 128)",float32,-0.026201551780104637,1.6031264066696167,0.4786467925654678,0.24834935010348014,
000097.npy,"(256, 256)",float32,0.0,1.0,0.33747393409587106,0.18561778917578653,,"(128, 128)",float32,-0.009539793245494366,1.27866530418396,0.3386659286076057,0.19533438059040384,
000098.npy,"(256, 256)",float32,0.0,1.0,0.34082812899302245,0.1759774545663772,,"(128, 128)",float32,-0.020432736724615097,1.2599529027938843,0.34141201303152213,0.18476846483854806,
000099.npy,"(256, 256)",float32,0.0,1.0,0.33977131545634476,0.18426135136617655,,"(128, 128)",float32,-0.016461877152323723,1.1647862195968628,0.3393921218931679,0.19265089325610457,
000100.npy,"(256, 256)",float32,0.0,1.0,0.3256443054597007,0.24792557289840705,,"(128, 128)",float32,0.0033466313034296036,1.7199463844299316,0.32685623345909676,0.2582550165892154,
000101.npy,"(256, 256)",float32,0.0,1.0,0.5187991765104698,0.19901257471091227,,"(128, 128)",float32,0.022943291813135147,1.4729690551757812,0.5188708269994322,0.21518607643345034,
000102.npy,"(256, 256)",float32,0.0,1.0,0.5098137113315531,0.19764971734675568,,"(128, 128)",float32,0.00013303956075105816,1.4017560482025146,0.5105869091754665,0.22018667287405808,
000103.npy,"(256, 256)",float32,0.0,1.0,0.5142685475435975,0.20347041252642217,,"(128, 128)",float32,0.0027353838086128235,1.492667317390442,0.5146671506915368,0.22256408410719497,
000104.npy,"(256, 256)",float32,0.0,1.0,0.6023604479083318,0.26543500445670964,,"(128, 128)",float32,-0.0010234973160549998,1.6933449506759644,0.6025338685745467,0.2935111095187197,
000105.npy,"(256, 256)",float32,0.0,1.0,0.3152083931768832,0.28449214881430845,,"(128, 128)",float32,-0.003359615569934249,1.5563808679580688,0.31580820524063746,0.2917343917150683,
000106.npy,"(256, 256)",float32,0.0,1.0,0.20914875976982206,0.19592277814140072,,"(128, 128)",float32,-0.017986170947551727,1.255150318145752,0.20963025303154964,0.2013662179159232,
000107.npy,"(256, 256)",float32,0.0,1.0,0.26445624040767834,0.2480011059488218,,"(128, 128)",float32,-0.00010035479499492794,1.5079317092895508,0.2648343034316616,0.2558803111319795,
000108.npy,"(256, 256)",float32,0.0,1.0,0.3131117990031235,0.20975725593611197,,"(128, 128)",float32,-0.09665048867464066,1.2967113256454468,0.312630031524199,0.21158012322731706,
000109.npy,"(256, 256)",float32,0.0,1.0,0.2504721345418952,0.26077967024662185,,"(128, 128)",float32,-0.010663505643606186,1.5469846725463867,0.25054161871065084,0.26625541390431173,
000110.npy,"(256, 256)",float32,0.0,1.0,0.1797597836370171,0.19157129544770993,,"(128, 128)",float32,-0.04024512320756912,1.295734167098999,0.18013743428191076,0.19524168773312142,
000111.npy,"(256, 256)",float32,0.0,1.0,0.1730175478155469,0.18375400903237793,,"(128, 128)",float32,-0.004811608232557774,1.509425401687622,0.17312994887246047,0.18817182024610998,
000112.npy,"(256, 256)",float32,0.0,1.0,0.35213031341708145,0.19236351711215888,,"(128, 128)",float32,0.00015617765893694013,1.2249683141708374,0.35118077895140853,0.2009296731015944,
000113.npy,"(256, 256)",float32,0.0,1.0,0.46788855186639466,0.14634740201765412,,"(128, 128)",float32,0.010541718453168869,1.4624693393707275,0.4684804681508581,0.1710037136069485,
000114.npy,"(256, 256)",float32,0.0,1.0,0.4679600274174298,0.1472135482892042,,"(128, 128)",float32,0.010858355090022087,1.3704429864883423,0.4686231711214077,0.17572136078071207,
000115.npy,"(256, 256)",float32,0.0,1.0,0.773517615512958,0.10238009432373726,,"(128, 128)",float32,0.029363946989178658,1.3549402952194214,0.7738134926977409,0.14917199341773268,
000116.npy,"(256, 256)",float32,0.0,1.0,0.4893094454680469,0.1606844981997857,,"(128, 128)",float32,0.020436115562915802,1.162831425666809,0.49034644514563297,0.1764565710791623,
000117.npy,"(256, 256)",float32,0.0,1.0,0.37159434281589654,0.13687018232330275,,"(128, 128)",float32,0.018519334495067596,1.5387827157974243,0.3715950870667939,0.15042780361948013,
000118.npy,"(256, 256)",float32,0.0,1.0,0.3749511818132305,0.13649583145252295,,"(128, 128)",float32,0.00843273289501667,1.1705924272537231,0.37505279623348997,0.14936583878845694,
000119.npy,"(256, 256)",float32,0.0,1.0,0.3890996620028444,0.12833137020357951,,"(128, 128)",float32,0.0016192087205126882,1.2798079252243042,0.39022534449851065,0.14642234895931083,
000120.npy,"(256, 256)",float32,0.0,1.0,0.6262884319514441,0.29640685561944086,,"(128, 128)",float32,0.0014191903173923492,1.474838376045227,0.6259460429749453,0.3131835664448151,
000121.npy,"(256, 256)",float32,0.0,1.0,0.24640968729197255,0.23725013315353086,,"(128, 128)",float32,0.001255179289728403,1.4255272150039673,0.24777421798434318,0.24345406684556964,
000122.npy,"(256, 256)",float32,0.0,1.0,0.2851512731422653,0.2669319747726707,,"(128, 128)",float32,-0.021321017295122147,1.3724861145019531,0.2868353560717458,0.27765487243835396,
000123.npy,"(256, 256)",float32,0.0,1.0,0.27290678878965835,0.2631516994274205,,"(128, 128)",float32,-0.02065289579331875,1.398290753364563,0.2742659271574611,0.27252776554562624,
000124.npy,"(256, 256)",float32,0.0,1.0,0.35004232701857063,0.2152777754823911,,"(128, 128)",float32,-0.04865574464201927,1.4752637147903442,0.34990285579223723,0.222653918719901,
000125.npy,"(256, 256)",float32,0.0,1.0,0.3139516156577642,0.22898081994003977,,"(128, 128)",float32,-0.007173632737249136,1.410325050354004,0.3143805831104167,0.23780413266701222,
000126.npy,"(256, 256)",float32,0.0,1.0,0.30565857733699,0.22723499145720943,,"(128, 128)",float32,-0.010829992592334747,1.3059947490692139,0.3060237020842145,0.23410765873723205,
000127.npy,"(256, 256)",float32,0.0,1.0,0.2941803696408698,0.2284255679839865,,"(128, 128)",float32,-0.0029724412597715855,1.4623925685882568,0.2947754697276963,0.23709345083469216,
000128.npy,"(256, 256)",float32,0.0,1.0,0.5628078706183288,0.1950236748308007,,"(128, 128)",float32,0.00542824063450098,1.5074933767318726,0.5629296854870347,0.2216414400214286,
000129.npy,"(256, 256)",float32,0.0,1.0,0.4345318478424538,0.17278518427010472,,"(128, 128)",float32,0.0011044488055631518,1.343130350112915,0.4347397482913422,0.18822395937211045,
000130.npy,"(256, 256)",float32,0.0,1.0,0.4160434105717101,0.16975446584370776,,"(128, 128)",float32,0.013409226201474667,1.248718023300171,0.4161645378461003,0.18182096933371977,
000131.npy,"(256, 256)",float32,0.0,1.0,0.41446226474571546,0.16984576674371318,,"(128, 128)",float32,0.01273036003112793,1.2448856830596924,0.41428926784317355,0.18028019690992467,
000132.npy,"(256, 256)",float32,0.0,1.0,0.7153736149274366,0.08392298264118533,,"(128, 128)",float32,0.03408508002758026,1.328665018081665,0.7148615007170065,0.14096213032530955,
000133.npy,"(256, 256)",float32,0.0,1.0,0.6008962203518138,0.12343659049314898,,"(128, 128)",float32,0.05750521644949913,1.2725043296813965,0.600737803360289,0.14765987442395193,
000134.npy,"(256, 256)",float32,0.0,1.0,0.2928770456579173,0.064875617740572,,"(128, 128)",float32,0.06571224331855774,1.3027472496032715,0.2953276648490828,0.08622971514209034,
000135.npy,"(256, 256)",float32,0.0,1.0,0.5787246320398367,0.12533522581814102,,"(128, 128)",float32,-0.00927643571048975,1.1690343618392944,0.5779665059487229,0.149073038720498,
000136.npy,"(256, 256)",float32,0.0,1.0,0.24869755013023087,0.23844940912562324,,"(128, 128)",float32,-0.010208205319941044,1.2350163459777832,0.2482261052658714,0.24449810087331972,
000137.npy,"(256, 256)",float32,0.0,1.0,0.1079935154829647,0.10133342635049365,,"(128, 128)",float32,-0.022922979667782784,1.0541446208953857,0.10801876470124738,0.10239236561598625,
000138.npy,"(256, 256)",float32,0.0,1.0,0.10822677764383379,0.10191287866874837,,"(128, 128)",float32,-0.010615795850753784,1.116714596748352,0.10816242497251741,0.10380232763626386,
000139.npy,"(256, 256)",float32,0.0,1.0,0.09737902650219046,0.09659124255951099,,"(128, 128)",float32,-0.01793229766190052,1.1966782808303833,0.09761462319399594,0.09979790852230487,
000140.npy,"(256, 256)",float32,0.0,1.0,0.46188099622165435,0.23706785411347706,,"(128, 128)",float32,-0.07921799272298813,1.378166675567627,0.4616756535198565,0.254323435445536,
000141.npy,"(256, 256)",float32,0.0,1.0,0.4705213575977334,0.2518211541341689,,"(128, 128)",float32,-0.017706871032714844,1.480031967163086,0.47047865145550816,0.2645019622115854,
000142.npy,"(256, 256)",float32,0.0,1.0,0.4868512623988046,0.24783591465296095,,"(128, 128)",float32,-0.021486787125468254,1.5500537157058716,0.48608113730242053,0.26045622184167544,
000143.npy,"(256, 256)",float32,0.0,1.0,0.4673799761854003,0.2501665599799114,,"(128, 128)",float32,-0.015824386849999428,1.5296210050582886,0.46831417520301954,0.2668869923908539,
000144.npy,"(256, 256)",float32,0.0,1.0,0.40453407842700173,0.15190199944609842,,"(128, 128)",float32,-0.003873466979712248,1.264764428138733,0.4051842475606122,0.16593995097086828,
000145.npy,"(256, 256)",float32,0.0,1.0,0.46008967488778296,0.2093982758521403,,"(128, 128)",float32,0.0025948891416192055,1.3269115686416626,0.45886651980038096,0.22174411314461495,
000146.npy,"(256, 256)",float32,0.0,1.0,0.45561987418222705,0.21111457853787868,,"(128, 128)",float32,-0.014520769007503986,1.7834237813949585,0.4560827208907767,0.2318704314850095,
000147.npy,"(256, 256)",float32,0.0,1.0,0.461611589261139,0.20702516837020207,,"(128, 128)",float32,0.015298882499337196,1.4995163679122925,0.4616914115073314,0.2217276079730966,
000148.npy,"(256, 256)",float32,0.0,1.0,0.4555557293832919,0.20454567855380273,,"(128, 128)",float32,0.01784036122262478,1.5568392276763916,0.45705547977127026,0.22731022666021183,
000149.npy,"(256, 256)",float32,0.0,1.0,0.5775808173505794,0.2378896100194723,,"(128, 128)",float32,0.012615096755325794,1.7275099754333496,0.5776249584799302,0.25592960270729637,
000150.npy,"(256, 256)",float32,0.0,1.0,0.5654391739331999,0.2368064339326945,,"(128, 128)",float32,0.013248147442936897,1.5907152891159058,0.5649399996073043,0.26603579190907106,
000151.npy,"(256, 256)",float32,0.0,1.0,0.5761163445633173,0.23697294628413756,,"(128, 128)",float32,0.01115416083484888,1.565302848815918,0.5759138127894516,0.2630681869734442,
000152.npy,"(256, 256)",float32,0.0,1.0,0.33112574299908815,0.1843852610011537,,"(128, 128)",float32,0.0006943882908672094,1.3319822549819946,0.3322838858431538,0.19729129961525413,
000153.npy,"(256, 256)",float32,0.0,1.0,0.4642020737939099,0.2064631644599265,,"(128, 128)",float32,0.003348167520016432,1.597649097442627,0.46342501525984403,0.22238822134534444,
000154.npy,"(256, 256)",float32,0.0,1.0,0.5643766687296168,0.1780919746026957,,"(128, 128)",float32,-0.019492970779538155,1.4243100881576538,0.5637765299106547,0.20565532465212086,
000155.npy,"(256, 256)",float32,0.0,1.0,0.40928478057858797,0.22328176025321086,,"(128, 128)",float32,0.002126558916643262,1.3615421056747437,0.408702732230509,0.24006994538762025,
000156.npy,"(256, 256)",float32,0.0,1.0,0.27993953733170684,0.2410210167527146,,"(128, 128)",float32,-0.041301097720861435,1.752834677696228,0.2787043712073225,0.2500878065305996,
000157.npy,"(256, 256)",float32,0.0,1.0,0.11898790989790342,0.09487003712114632,,"(128, 128)",float32,-0.02298499457538128,1.563869595527649,0.11931771466472796,0.10033096800732526,
000158.npy,"(256, 256)",float32,0.0,1.0,0.11385511547386074,0.09191869237173687,,"(128, 128)",float32,0.003600695636123419,1.2859467267990112,0.11367361206214355,0.09398457571006902,
000159.npy,"(256, 256)",float32,0.0,1.0,0.1109035352919534,0.0912882945847879,,"(128, 128)",float32,-0.031698595732450485,1.2780873775482178,0.11075421062037627,0.09291900270106464,
000160.npy,"(256, 256)",float32,0.0,1.0,0.3257507435822937,0.18245511251810584,,"(128, 128)",float32,-0.0017268944066017866,1.2138210535049438,0.32515876516364006,0.1889852013649164,
000161.npy,"(256, 256)",float32,0.0,1.0,0.29877564440178617,0.1834810233177199,,"(128, 128)",float32,-0.001219875761307776,1.4713795185089111,0.29827444259927205,0.19304394558919716,
000162.npy,"(256, 256)",float32,0.0,1.0,0.31196106531979595,0.19814197450959567,,"(128, 128)",float32,0.0028100162744522095,1.5835990905761719,0.31246771779412086,0.2093285716453894,
000163.npy,"(256, 256)",float32,0.0,1.0,0.30215055225539356,0.18912886737816445,,"(128, 128)",float32,-0.01791810244321823,1.3375691175460815,0.30200977285272756,0.19650265875727657,
000164.npy,"(256, 256)",float32,0.0,1.0,0.5529496762283994,0.1449506019328343,,"(128, 128)",float32,-0.01484459638595581,1.30496084690094,0.5535941914878322,0.173040177700659,
000165.npy,"(256, 256)",float32,0.0,1.0,0.48122229089604573,0.13125744681218454,,"(128, 128)",float32,0.006918033584952354,1.5381017923355103,0.4817438890852941,0.15585658882699652,
000166.npy,"(256, 256)",float32,0.0,1.0,0.4341996532028496,0.12550020914435167,,"(128, 128)",float32,0.0008271504775620997,1.4494006633758545,0.4333436546366336,0.1502628386758802,
000167.npy,"(256, 256)",float32,0.0,1.0,0.39519324222780483,0.10846504931412387,,"(128, 128)",float32,-0.0006515751010738313,1.2377982139587402,0.39572646997706684,0.13375166139142056,
000168.npy,"(256, 256)",float32,0.0,1.0,0.5756142948949403,0.2222763844897007,,"(128, 128)",float32,-0.05454939231276512,1.6437311172485352,0.576935688113025,0.24992779099527623,
000169.npy,"(256, 256)",float32,0.0,1.0,0.6789946998636367,0.14833471539253373,,"(128, 128)",float32,0.016455644741654396,1.5137014389038086,0.6769968008742353,0.1809005456200903,
000170.npy,"(256, 256)",float32,0.0,1.0,0.7198458921774957,0.14076006288413254,,"(128, 128)",float32,-0.0014059802051633596,1.5442510843276978,0.7191919601548449,0.1859503728981521,
000171.npy,"(256, 256)",float32,0.0,1.0,0.3130276164692587,0.10117598594536271,,"(128, 128)",float32,0.005891409236937761,1.4864948987960815,0.3133929762874743,0.11784606824468773,
000172.npy,"(256, 256)",float32,0.0,1.0,0.7091213359508473,0.10130643725986971,,"(128, 128)",float32,-0.006604220252484083,1.5424787998199463,0.710476662637916,0.16861272054301418,
000173.npy,"(256, 256)",float32,0.0,1.0,0.49208067971752634,0.1865045116484088,,"(128, 128)",float32,0.033334117382764816,1.378785490989685,0.49157071337572233,0.20645529683380687,
000174.npy,"(256, 256)",float32,0.0,1.0,0.4580619342013108,0.16937477626013564,,"(128, 128)",float32,0.0457327663898468,1.3475322723388672,0.4577727897215027,0.18152971691879843,
000175.npy,"(256, 256)",float32,0.0,1.0,0.45324877538308783,0.17090335862387251,,"(128, 128)",float32,0.025114916265010834,1.469128966331482,0.4531548621807815,0.1899970002279894,
000176.npy,"(256, 256)",float32,0.0,1.0,0.37859485421712247,0.13665576238121238,,"(128, 128)",float32,-0.002824226627126336,1.2823734283447266,0.3788070473618612,0.15019407828723857,
000177.npy,"(256, 256)",float32,0.0,1.0,0.5263255939910891,0.15860190776313787,,"(128, 128)",float32,0.0056234304793179035,1.4929425716400146,0.5262745823916077,0.1898557129629158,
000178.npy,"(256, 256)",float32,0.0,1.0,0.7307027717199901,0.09649839677080235,,"(128, 128)",float32,0.002431293949484825,1.4702272415161133,0.7305324597683693,0.14617033049297048,
000179.npy,"(256, 256)",float32,0.0,1.0,0.5186667932404276,0.17085985715020988,,"(128, 128)",float32,0.047499917447566986,1.2844226360321045,0.518942271610058,0.18715387335589723,
000180.npy,"(256, 256)",float32,0.0,1.0,0.08899403644971884,0.15808652506291052,,"(128, 128)",float32,-0.026615848764777184,1.35286545753479,0.08994414623170255,0.1621932068166064,
000181.npy,"(256, 256)",float32,0.0,1.0,0.26378674814007597,0.19906793539628212,,"(128, 128)",float32,-0.03308897092938423,1.1411243677139282,0.2634670900130688,0.2046445125276402,
000182.npy,"(256, 256)",float32,0.0,1.0,0.2609285887910218,0.20041199401433787,,"(128, 128)",float32,-0.021162476390600204,1.2344343662261963,0.2609137204106626,0.20557975920587532,
000183.npy,"(256, 256)",float32,0.0,1.0,0.26485860930354904,0.20006087863935604,,"(128, 128)",float32,-0.01500180084258318,1.3173449039459229,0.2644975993041993,0.2077350322833726,
000184.npy,"(256, 256)",float32,0.0,1.0,0.504184383584672,0.2145246313627286,,"(128, 128)",float32,0.003750426694750786,1.6593035459518433,0.504355206912976,0.23398888885170793,
000185.npy,"(256, 256)",float32,0.0,1.0,0.22411469619432722,0.17634318474503058,,"(128, 128)",float32,-0.008053944446146488,1.0696899890899658,0.22416969120585684,0.1810258529751775,
000186.npy,"(256, 256)",float32,0.0,1.0,0.22425243326576805,0.18241458689120552,,"(128, 128)",float32,0.003593010362237692,1.1651660203933716,0.2239493883687942,0.1883181013027025,
000187.npy,"(256, 256)",float32,0.0,1.0,0.22362452277597855,0.1761387185653753,,"(128, 128)",float32,-0.011456129141151905,1.15891695022583,0.22374054156683276,0.18389784036381154,
000188.npy,"(256, 256)",float32,0.0,1.0,0.29056137866728804,0.1595693284239769,,"(128, 128)",float32,0.0002518640540074557,1.3567466735839844,0.2907172022457498,0.16979680443880132,
000189.npy,"(256, 256)",float32,0.0,1.0,0.3331930827690366,0.1932796929692473,,"(128, 128)",float32,-0.0005035054055042565,1.324291467666626,0.332746205602902,0.20034126178515607,
000190.npy,"(256, 256)",float32,0.0,1.0,0.32911125666379437,0.19444986145514287,,"(128, 128)",float32,-0.012527024373412132,1.2855558395385742,0.3285987765421874,0.20167529750351476,
000191.npy,"(256, 256)",float32,0.0,1.0,0.3317960660958512,0.1888809305127101,,"(128, 128)",float32,-0.00786725152283907,1.514613151550293,0.3313882990008459,0.19689122499609,
000192.npy,"(256, 256)",float32,0.0,1.0,0.6787471348054055,0.0639704305394442,,"(128, 128)",float32,0.04261669144034386,1.349678874015808,0.6796903469139579,0.11731448968870528,
000193.npy,"(256, 256)",float32,0.0,1.0,0.20907819471904432,0.20717429952085897,,"(128, 128)",float32,-0.03639140725135803,1.5170001983642578,0.21142157076059265,0.21714148272733227,
000194.npy,"(256, 256)",float32,0.0,1.0,0.20344347572047639,0.20125871105358867,,"(128, 128)",float32,-0.0188471507281065,1.479455828666687,0.20426354613700548,0.20725745738012635,
000195.npy,"(256, 256)",float32,0.0,1.0,0.199430485185502,0.19937328771704269,,"(128, 128)",float32,-0.0042861998081207275,1.2775847911834717,0.20023611696241606,0.20439757259581914,
000196.npy,"(256, 256)",float32,0.0,1.0,0.503196329334628,0.12037539468258057,,"(128, 128)",float32,0.009216703474521637,1.2536813020706177,0.5035190480439837,0.14211155324244373,
000197.npy,"(256, 256)",float32,0.0,1.0,0.5435313209225967,0.13261657126233425,,"(128, 128)",float32,0.010433985851705074,1.279327392578125,0.5426522249375125,0.15409815780183825,
000198.npy,"(256, 256)",float32,0.0,1.0,0.560101777671477,0.12496450129077542,,"(128, 128)",float32,0.0105834836140275,1.4427520036697388,0.5593874855819081,0.15563669187347973,
000199.npy,"(256, 256)",float32,0.0,1.0,0.542650281088612,0.13158926256850556,,"(128, 128)",float32,0.009339596144855022,1.3814066648483276,0.5418151444221735,0.162927312690028,
000200.npy,"(256, 256)",float32,0.0,1.0,0.4461687890598114,0.1540244606810063,,"(128, 128)",float32,0.023567408323287964,1.2075682878494263,0.4464570614702552,0.16785844291795834,
000201.npy,"(256, 256)",float32,0.0,1.0,0.5710220684016036,0.3149633183149543,,"(128, 128)",float32,-0.004967518150806427,1.9107027053833008,0.5699529462778914,0.3385617009098939,
000202.npy,"(256, 256)",float32,0.0,1.0,0.5581059229057672,0.3037451698648737,,"(128, 128)",float32,-0.0008211968815885484,1.5873095989227295,0.5580808601679781,0.32551036965046054,
000203.npy,"(256, 256)",float32,0.0,1.0,0.557797049646604,0.3075394735170552,,"(128, 128)",float32,-0.003853769740089774,1.4693108797073364,0.5558470026066855,0.3226178850731792,
000204.npy,"(256, 256)",float32,0.0,1.0,0.47008439387426093,0.19655192100647298,,"(128, 128)",float32,-0.011305956169962883,1.4793930053710938,0.469344154803192,0.21186234698277187,
000205.npy,"(256, 256)",float32,0.0,1.0,0.4282218688088921,0.20989400376040585,,"(128, 128)",float32,-0.033236753195524216,1.5335856676101685,0.4284290225977401,0.22181043869113676,
000206.npy,"(256, 256)",float32,0.0,1.0,0.3961330693967917,0.2023437667196811,,"(128, 128)",float32,-0.015605024993419647,1.3147656917572021,0.39696766836501496,0.2171068418845832,
000207.npy,"(256, 256)",float32,0.0,1.0,0.38121074093823204,0.20427782606632586,,"(128, 128)",float32,-0.023336945101618767,1.3124102354049683,0.382300487953335,0.21326050722614687,
000208.npy,"(256, 256)",float32,0.0,1.0,0.48987598308690394,0.18706687067891473,,"(128, 128)",float32,0.008334822952747345,1.4172143936157227,0.49041413724432914,0.2059149884816589,
000209.npy,"(256, 256)",float32,0.0,1.0,0.47286666785726617,0.1920640091170084,,"(128, 128)",float32,0.009123177267611027,1.420121192932129,0.4721781141711858,0.2162356786665745,
000210.npy,"(256, 256)",float32,0.0,1.0,0.4599216837286555,0.1905303228338689,,"(128, 128)",float32,0.0077078742906451225,1.3669962882995605,0.458459496640387,0.2107174019766329,
000211.npy,"(256, 256)",float32,0.0,1.0,0.4286835634927968,0.19347167193124257,,"(128, 128)",float32,0.016034936532378197,1.4083958864212036,0.42812768734188467,0.20769024810267786,
000212.npy,"(256, 256)",float32,0.0,1.0,0.21227482408338005,0.18540560111000265,,"(128, 128)",float32,-0.02802581898868084,1.7091268301010132,0.213461257348456,0.19494866055109678,
000213.npy,"(256, 256)",float32,0.0,1.0,0.26173290538384353,0.16996191474815328,,"(128, 128)",float32,-0.01592496782541275,1.470807671546936,0.26181152182712486,0.1803105770509744,
000214.npy,"(256, 256)",float32,0.0,1.0,0.4164040666554817,0.20257288874995388,,"(128, 128)",float32,-0.012046724557876587,1.0347660779953003,0.41664144319338536,0.2133637479161675,
000215.npy,"(256, 256)",float32,0.0,1.0,0.31599701803641816,0.1538905630045588,,"(128, 128)",float32,-0.010074890218675137,1.333952784538269,0.3154045069623088,0.16484617347150837,
000216.npy,"(256, 256)",float32,0.0,1.0,0.14275940907147344,0.10330155998916687,,"(128, 128)",float32,-0.001876713940873742,1.0884437561035156,0.14294029050924717,0.10685792782556039,
000217.npy,"(256, 256)",float32,0.0,1.0,0.37169821423695737,0.2876675340482139,,"(128, 128)",float32,0.001695303013548255,1.5684975385665894,0.3726765970878745,0.2997046663471758,
000218.npy,"(256, 256)",float32,0.0,1.0,0.5328991847470395,0.36180475263622164,,"(128, 128)",float32,0.008977551013231277,1.7358601093292236,0.5316270762767772,0.37980008435764706,
000219.npy,"(256, 256)",float32,0.0,1.0,0.5548056804885775,0.3633115771810189,,"(128, 128)",float32,0.004710192326456308,1.6281777620315552,0.5560947939097787,0.3780635249329029,
000220.npy,"(256, 256)",float32,0.0,1.0,0.30423381399518945,0.12110047566287961,,"(128, 128)",float32,0.011405142024159431,1.4443674087524414,0.3043569835577955,0.13510922410999443,
000221.npy,"(256, 256)",float32,0.0,1.0,0.4220452636111176,0.2647716805155477,,"(128, 128)",float32,-0.03648064658045769,1.6838080883026123,0.4216127960767144,0.2806314640661897,
000222.npy,"(256, 256)",float32,0.0,1.0,0.3930159239925963,0.25675863471591925,,"(128, 128)",float32,-0.03034367598593235,1.3755207061767578,0.3927048010920906,0.2670645267544347,
000223.npy,"(256, 256)",float32,0.0,1.0,0.46446984736542163,0.28800242049102787,,"(128, 128)",float32,-0.029209520667791367,1.6103971004486084,0.4631940264401493,0.2997900212020551,
000224.npy,"(256, 256)",float32,0.0,1.0,0.43680158389161505,0.15683545847247463,,"(128, 128)",float32,0.001114299288019538,1.2838551998138428,0.43618300531962007,0.17319854687831993,
000225.npy,"(256, 256)",float32,0.0,1.0,0.2384461833121181,0.08589576490027473,,"(128, 128)",float32,-0.014222439378499985,1.3193638324737549,0.23876253972287032,0.09579681326705301,
000226.npy,"(256, 256)",float32,0.0,1.0,0.28569682790377726,0.11184079916561188,,"(128, 128)",float32,0.02625737525522709,1.171225666999817,0.2864648966834693,0.12373606419006802,
000227.npy,"(256, 256)",float32,0.0,1.0,0.27702048479946484,0.10799872069264217,,"(128, 128)",float32,0.018580656498670578,1.145476222038269,0.27760452412371706,0.1232939061047798,
000228.npy,"(256, 256)",float32,0.0,1.0,0.28353060325851775,0.26238654753927876,,"(128, 128)",float32,-0.07470886409282684,1.386426329612732,0.2834081566460503,0.2663890668805015,
000229.npy,"(256, 256)",float32,0.0,1.0,0.5509884228839053,0.2141360034245219,,"(128, 128)",float32,-0.014365884475409985,1.5117934942245483,0.5521878942935583,0.2334406578803553,
000230.npy,"(256, 256)",float32,0.0,1.0,0.562569219753694,0.2112222912575987,,"(128, 128)",float32,-0.019091656431555748,1.6144163608551025,0.5629422142863518,0.23646401049766885,
000231.npy,"(256, 256)",float32,0.0,1.0,0.5635021289522764,0.21008169226162474,,"(128, 128)",float32,-0.030593473464250565,1.560404658317566,0.5631458744226698,0.23431388397935937,
000232.npy,"(256, 256)",float32,0.0,1.0,0.2033756066343244,0.14868895913675909,,"(128, 128)",float32,-0.024734754115343094,1.1374439001083374,0.20355612693762737,0.15242959833640898,
000233.npy,"(256, 256)",float32,0.0,1.0,0.20586805674265918,0.12082198501234152,,"(128, 128)",float32,-0.030706876888871193,1.2344889640808105,0.20653955834670512,0.12482570719994278,
000234.npy,"(256, 256)",float32,0.0,1.0,0.20519346664596583,0.11771206618669908,,"(128, 128)",float32,-0.006321346387267113,1.1217548847198486,0.20549684093745668,0.12159440600787998,
000235.npy,"(256, 256)",float32,0.0,1.0,0.20359137279172046,0.11708233007351679,,"(128, 128)",float32,-0.012363101355731487,1.0625237226486206,0.2037833308798156,0.12004707846430396,
000236.npy,"(256, 256)",float32,0.0,1.0,0.4315483954178769,0.22546279471496733,,"(128, 128)",float32,-0.012513193301856518,1.5882030725479126,0.43261670916037076,0.23971207203839218,
000237.npy,"(256, 256)",float32,0.0,1.0,0.3916119441159225,0.15979606123919857,,"(128, 128)",float32,0.0028225556015968323,1.3470585346221924,0.3925235533602347,0.17660734325335595,
000238.npy,"(256, 256)",float32,0.0,1.0,0.4219780900695653,0.1684878226632858,,"(128, 128)",float32,-0.0179960448294878,1.2932268381118774,0.4213539823178287,0.1857808899673011,
000239.npy,"(256, 256)",float32,0.0,1.0,0.45966298816959394,0.1626350642558558,,"(128, 128)",float32,-0.009763380512595177,1.200934648513794,0.4594844061182748,0.17700283872996228,
000240.npy,"(256, 256)",float32,0.0,1.0,0.3137954345273526,0.21666518484156563,,"(128, 128)",float32,-0.00014210607332643121,1.4069496393203735,0.31430666917973316,0.22866817641566536,
000241.npy,"(256, 256)",float32,0.0,1.0,0.8941943354135714,0.13402889892464434,,"(128, 128)",float32,0.0012605811934918165,1.7896616458892822,0.8943152644920787,0.20481441511764845,
000242.npy,"(256, 256)",float32,0.0,1.0,0.8826898084345882,0.14809705195753786,,"(128, 128)",float32,0.0009926916100084782,1.6352566480636597,0.882464445952337,0.1954259221127979,
000243.npy,"(256, 256)",float32,0.0,1.0,0.8947333139494071,0.1340904398052385,,"(128, 128)",float32,0.0010203284909948707,1.5353331565856934,0.8959658827413861,0.1855559256046748,
000244.npy,"(256, 256)",float32,0.0,1.0,0.38474256399927725,0.2631986966836837,,"(128, 128)",float32,-0.05124806612730026,1.488489031791687,0.38573131401693317,0.2741936091134718,
000245.npy,"(256, 256)",float32,0.0,1.0,0.743492656036409,0.11441993147023931,,"(128, 128)",float32,-0.004593730438500643,1.5594642162322998,0.7428858404374523,0.1690053363406476,
000246.npy,"(256, 256)",float32,0.0,1.0,0.6836284759154339,0.144108542065908,,"(128, 128)",float32,-0.043583814054727554,1.3640943765640259,0.6834576484925208,0.1789300383722424,
000247.npy,"(256, 256)",float32,0.0,1.0,0.708633069241202,0.1281321363631917,,"(128, 128)",float32,-0.007805672474205494,1.3910831212997437,0.7089780074232976,0.16972174901607628,
000248.npy,"(256, 256)",float32,0.0,1.0,0.4268625063906839,0.3340549326445741,,"(128, 128)",float32,-0.019894937053322792,1.381893277168274,0.4274686483149708,0.3429022048616008,
000249.npy,"(256, 256)",float32,0.0,1.0,0.13996917523486613,0.16182139669793474,,"(128, 128)",float32,-0.039255499839782715,1.1623427867889404,0.1400055843878143,0.16348893214741123,
000250.npy,"(256, 256)",float32,0.0,1.0,0.1792792696019092,0.17554241337494994,,"(128, 128)",float32,-0.03481951728463173,1.0986628532409668,0.17925219406582804,0.17660949322812014,
000251.npy,"(256, 256)",float32,0.0,1.0,0.1398804107520364,0.1617282476733242,,"(128, 128)",float32,-0.03840585798025131,1.0829291343688965,0.13984633839019198,0.1624511873719406,
000252.npy,"(256, 256)",float32,0.0,1.0,0.6861651932293142,0.23208277985673703,,"(128, 128)",float32,-0.001623061252757907,1.4949322938919067,0.685429614832131,0.25239470374267836,
000253.npy,"(256, 256)",float32,0.0,1.0,0.8075115243415674,0.176481901356559,,"(128, 128)",float32,0.0008485881262458861,1.629828691482544,0.8071179464479634,0.22066758340943818,
000254.npy,"(256, 256)",float32,0.0,1.0,0.7038630617783053,0.23236782051513394,,"(128, 128)",float32,-0.008606688119471073,1.5114531517028809,0.7033032257905631,0.25796706421270066,
000255.npy,"(256, 256)",float32,0.0,1.0,0.8115456971288211,0.16833955004611575,,"(128, 128)",float32,0.005283638834953308,1.5515118837356567,0.8097451698705527,0.20680110540486715,
000256.npy,"(256, 256)",float32,0.0,1.0,0.8023391982588919,0.19668792627719853,,"(128, 128)",float32,-0.006101631559431553,1.538050889968872,0.8024763569941911,0.2294548976258314,
000257.npy,"(256, 256)",float32,0.0,1.0,0.45413928052409247,0.23891911469628954,,"(128, 128)",float32,-0.06618752330541611,1.5527580976486206,0.455023586101722,0.2575689570367175,
000258.npy,"(256, 256)",float32,0.0,1.0,0.45390631930922853,0.23900040102047188,,"(128, 128)",float32,-0.05638893321156502,1.4921306371688843,0.45388667534937355,0.24870433947504675,
000259.npy,"(256, 256)",float32,0.0,1.0,0.4020531707374184,0.23264894743622544,,"(128, 128)",float32,-0.020833376795053482,1.5288548469543457,0.4016751289536913,0.23960579775600246,
000260.npy,"(256, 256)",float32,0.0,1.0,0.241439471115811,0.12413534944162867,,"(128, 128)",float32,0.0008208337821997702,1.2061740159988403,0.24123345294870902,0.13387728252472417,
000261.npy,"(256, 256)",float32,0.0,1.0,0.25293912143991193,0.21553948762062336,,"(128, 128)",float32,-0.01118467003107071,1.5485020875930786,0.253260214938992,0.22274099398570216,
000262.npy,"(256, 256)",float32,0.0,1.0,0.24666959035519653,0.23053436672829014,,"(128, 128)",float32,0.0015053596580401063,1.454864501953125,0.24651732467167164,0.23749129026293295,
000263.npy,"(256, 256)",float32,0.0,1.0,0.24446769860159456,0.22301453689094583,,"(128, 128)",float32,-0.011978368274867535,1.6096434593200684,0.24513693478312185,0.23346168276062934,
000264.npy,"(256, 256)",float32,0.0,1.0,0.4331939145296957,0.2584823446770768,,"(128, 128)",float32,-0.03228732571005821,1.398930311203003,0.43356856804322774,0.2698569379732292,
000265.npy,"(256, 256)",float32,0.0,1.0,0.2465919613658052,0.13882511739138312,,"(128, 128)",float32,-0.008325936272740364,1.1197996139526367,0.2467202305747982,0.14571669654512878,
000266.npy,"(256, 256)",float32,0.0,1.0,0.24390307371976583,0.13880282269970146,,"(128, 128)",float32,-0.00020474378834478557,1.1733366250991821,0.2443079512025843,0.14560153544742196,
000267.npy,"(256, 256)",float32,0.0,1.0,0.24443909828856292,0.1418316945547177,,"(128, 128)",float32,-0.010679945349693298,1.2488043308258057,0.2452086677402292,0.15256899435958196,
000268.npy,"(256, 256)",float32,0.0,1.0,0.5385085022881952,0.25702720829069137,,"(128, 128)",float32,0.00238605635240674,1.459991216659546,0.5382794565985876,0.2804377046325221,
000269.npy,"(256, 256)",float32,0.0,1.0,0.1222948076788164,0.09334138795086024,,"(128, 128)",float32,-0.012766239233314991,1.0598591566085815,0.12210580104891733,0.09499361685123858,
000270.npy,"(256, 256)",float32,0.0,1.0,0.12184228200899838,0.09265691851398912,,"(128, 128)",float32,-0.01706036925315857,1.144191861152649,0.12216465219734118,0.09417607741493104,
000271.npy,"(256, 256)",float32,0.0,1.0,0.12400613864666354,0.09248232324236609,,"(128, 128)",float32,-0.003925176337361336,1.1105300188064575,0.12405735595839928,0.09467607301317037,
000272.npy,"(256, 256)",float32,0.0,1.0,0.6087107484893335,0.2763820869463641,,"(128, 128)",float32,-0.040465306490659714,1.7020018100738525,0.6072993856868933,0.29737661074342675,
000273.npy,"(256, 256)",float32,0.0,1.0,0.4647626458698113,0.1511226048066484,,"(128, 128)",float32,0.025212792679667473,1.2863222360610962,0.4645963692719306,0.17239963304214917,
000274.npy,"(256, 256)",float32,0.0,1.0,0.46925387457454804,0.15703254956407744,,"(128, 128)",float32,0.01046003494411707,1.6450358629226685,0.4689773294806514,0.18210772402448608,
000275.npy,"(256, 256)",float32,0.0,1.0,0.4676548307735571,0.1523271973923043,,"(128, 128)",float32,0.008099417202174664,1.259441614151001,0.4672732046230408,0.16570077855127774,
000276.npy,"(256, 256)",float32,0.0,1.0,0.16803031330900817,0.25785199179259194,,"(128, 128)",float32,-0.015519865788519382,1.492427945137024,0.1689472339657047,0.26390671052662157,
000277.npy,"(256, 256)",float32,0.0,1.0,0.20587425783717384,0.15349620149039467,,"(128, 128)",float32,0.0006891941302455962,1.4356133937835693,0.20615290360719385,0.1574388972324685,
000278.npy,"(256, 256)",float32,0.0,1.0,0.23061439960602392,0.1600850358192958,,"(128, 128)",float32,-0.0070690251886844635,1.2935994863510132,0.23093493371526463,0.16832477577628316,
000279.npy,"(256, 256)",float32,0.0,1.0,0.20485845790300772,0.14539554609218364,,"(128, 128)",float32,-0.012106831185519695,1.6169135570526123,0.20627923874566378,0.15639452230332743,
000280.npy,"(256, 256)",float32,0.0,1.0,0.5609755122008693,0.22157573613457943,,"(128, 128)",float32,-0.04461631178855896,1.4881035089492798,0.5608989849845791,0.23676891486218446,
000281.npy,"(256, 256)",float32,0.0,1.0,0.4502204579156377,0.28409513602045094,,"(128, 128)",float32,0.010695749893784523,1.6643506288528442,0.45006820661376423,0.2959066496575861,
000282.npy,"(256, 256)",float32,0.0,1.0,0.4233873461859492,0.2839157024684948,,"(128, 128)",float32,-0.024318354204297066,1.7051303386688232,0.4233803217338874,0.29899079996918065,
000283.npy,"(256, 256)",float32,0.0,1.0,0.41017235181381295,0.28172490763391494,,"(128, 128)",float32,0.0076856790110468864,1.4687449932098389,0.41033165370498637,0.29131868882610196,
000284.npy,"(256, 256)",float32,0.0,1.0,0.4568233073200645,0.18922641362060405,,"(128, 128)",float32,0.03969574719667435,1.4723618030548096,0.456906139474313,0.20327166501288227,
000285.npy,"(256, 256)",float32,0.0,1.0,0.20642550174232355,0.13077505662748037,,"(128, 128)",float32,6.601406494155526e-05,1.1722756624221802,0.2064904900579485,0.13640300742682712,
000286.npy,"(256, 256)",float32,0.0,1.0,0.22214536651773642,0.13652660579885548,,"(128, 128)",float32,-0.002580406842753291,1.1963895559310913,0.22241014021138028,0.1450659231837543,
000287.npy,"(256, 256)",float32,0.0,1.0,0.18004883465545962,0.09819165251122769,,"(128, 128)",float32,-0.005914709996432066,1.1889605522155762,0.1812019349490015,0.10669546214705045,
000288.npy,"(256, 256)",float32,0.0,1.0,0.5467581300260598,0.2781195546186176,,"(128, 128)",float32,0.005445824470371008,1.6167855262756348,0.5467534008675727,0.2992685667653473,
000289.npy,"(256, 256)",float32,0.0,1.0,0.4023067350341165,0.11119113699273832,,"(128, 128)",float32,0.007196343038231134,1.1013342142105103,0.403263240671464,0.12931398871078764,
000290.npy,"(256, 256)",float32,0.0,1.0,0.3185638613146702,0.12283722190161173,,"(128, 128)",float32,0.005539173260331154,1.3160908222198486,0.3188375279495972,0.1352797958502311,
000291.npy,"(256, 256)",float32,0.0,1.0,0.31967249322961777,0.12038805059660004,,"(128, 128)",float32,0.005303121637552977,1.086401104927063,0.31917366435962435,0.13057311495004773,
000292.npy,"(256, 256)",float32,0.0,1.0,0.13250274106363236,0.17060164793491908,,"(128, 128)",float32,0.0041522919200360775,1.3134665489196777,0.1335434652283709,0.17486528065125367,
000293.npy,"(256, 256)",float32,0.0,1.0,0.5076651749169336,0.20247851181694457,,"(128, 128)",float32,-0.017906418070197105,1.4574190378189087,0.5084425248299453,0.21756232195943748,
000294.npy,"(256, 256)",float32,0.0,1.0,0.49140645349860534,0.19513448355866947,,"(128, 128)",float32,0.017269013449549675,1.4588780403137207,0.49190602192345523,0.2177388564874924,
000295.npy,"(256, 256)",float32,0.0,1.0,0.5183726988887543,0.2049494691938026,,"(128, 128)",float32,0.010037556290626526,1.6426692008972168,0.5179261418351189,0.22963460391176638,
000296.npy,"(256, 256)",float32,0.0,1.0,0.30763616527954696,0.26829493667252197,,"(128, 128)",float32,-0.033257853239774704,1.6594895124435425,0.30843611433333074,0.2756500582676229,
000297.npy,"(256, 256)",float32,0.0,1.0,0.3831918452917762,0.13774630925327455,,"(128, 128)",float32,0.008935829624533653,1.6600403785705566,0.3829847667843751,0.15952167520646154,
000298.npy,"(256, 256)",float32,0.0,1.0,0.3830088580532447,0.13503415458760368,,"(128, 128)",float32,-0.0021068525966256857,1.528131127357483,0.38286845695803606,0.15568490567473875,
000299.npy,"(256, 256)",float32,0.0,1.0,0.38343047638431926,0.13810408787700698,,"(128, 128)",float32,0.016584046185016632,1.4165066480636597,0.38251085360354864,0.1493399198433821,
000300.npy,"(256, 256)",float32,0.0,1.0,0.08251428186939493,0.04815971177172887,,"(128, 128)",float32,-0.045430321246385574,0.6818860769271851,0.08252625678391778,0.04549995928458488,
000301.npy,"(256, 256)",float32,0.0,1.0,0.22278359644712128,0.24270434536421348,,"(128, 128)",float32,-0.028452929109334946,1.3515143394470215,0.22196340369348394,0.24619411306467892,
000302.npy,"(256, 256)",float32,0.0,1.0,0.18438649577004523,0.23709218036621754,,"(128, 128)",float32,-0.04470377415418625,1.347599744796753,0.18387950959496902,0.2405825444069222,
000303.npy,"(256, 256)",float32,0.0,1.0,0.17010926498645007,0.23254513671471283,,"(128, 128)",float32,-0.04874255135655403,1.7650896310806274,0.17035550213242923,0.2388627446844898,
000304.npy,"(256, 256)",float32,0.0,1.0,0.30257938729754663,0.19340667235173864,,"(128, 128)",float32,-0.0012519374722614884,1.561254620552063,0.3032010484227001,0.20224404766131437,
000305.npy,"(256, 256)",float32,0.0,1.0,0.4710860079798501,0.19997660809975695,,"(128, 128)",float32,0.0024850668851286173,1.433736801147461,0.47034747415820277,0.21850878645404534,
000306.npy,"(256, 256)",float32,0.0,1.0,0.4944396334892942,0.20178799314587118,,"(128, 128)",float32,-0.0024205720983445644,1.4856239557266235,0.49455028441440874,0.2228299383704214,
000307.npy,"(256, 256)",float32,0.0,1.0,0.4948691894411237,0.2018604610148713,,"(128, 128)",float32,-0.00268553732894361,1.3042800426483154,0.49451394110113966,0.2160813216543617,
000308.npy,"(256, 256)",float32,0.0,1.0,0.4437541359141335,0.2878510124710938,,"(128, 128)",float32,0.0069846599362790585,1.6925344467163086,0.4449769786556317,0.30401093357269965,
000309.npy,"(256, 256)",float32,0.0,1.0,0.41325460132981107,0.08749454908027628,,"(128, 128)",float32,-0.00534987635910511,1.0302388668060303,0.413044898446401,0.11373093829122018,
000310.npy,"(256, 256)",float32,0.0,1.0,0.4123739718567805,0.0870447601426512,,"(128, 128)",float32,-0.007795656565576792,0.9651485681533813,0.41206153941422485,0.10563294920905092,
000311.npy,"(256, 256)",float32,0.0,1.0,0.4125119938420312,0.08698456670236858,,"(128, 128)",float32,0.00927463173866272,1.0284838676452637,0.4124054585112731,0.1102500808961473,
000312.npy,"(256, 256)",float32,0.0,1.0,0.35732335465196385,0.1805288359619343,,"(128, 128)",float32,-0.011123676784336567,1.4270009994506836,0.3569613244334846,0.19252959012993212,
000313.npy,"(256, 256)",float32,0.0,1.0,0.49824292846312535,0.2370577122808034,,"(128, 128)",float32,-0.0054534259252250195,1.611203670501709,0.4960057047696722,0.2566313124535009,
000314.npy,"(256, 256)",float32,0.0,1.0,0.5289233735880288,0.2287694682619949,,"(128, 128)",float32,-0.004509198013693094,1.3601635694503784,0.529083013101598,0.24441079089718598,
000315.npy,"(256, 256)",float32,0.0,1.0,0.558288090745191,0.23208575464557768,,"(128, 128)",float32,0.0016977041959762573,1.5740957260131836,0.5567695547107263,0.25388225213293064,
000316.npy,"(256, 256)",float32,0.0,1.0,0.49895210162841863,0.029326739148311826,,"(128, 128)",float32,-0.0013349618529900908,1.4575148820877075,0.5000910843768693,0.09869715432782723,
000317.npy,"(256, 256)",float32,0.0,1.0,0.5708735367088558,0.19508400758665334,,"(128, 128)",float32,-0.02716207318007946,1.4586519002914429,0.5694179732729339,0.22500372761801993,
000318.npy,"(256, 256)",float32,0.0,1.0,0.5203098240861377,0.21900066653285727,,"(128, 128)",float32,-0.02538861334323883,1.624804973602295,0.5196704555039844,0.24295815251089253,
000319.npy,"(256, 256)",float32,0.0,1.0,0.530287057448364,0.22411794972315557,,"(128, 128)",float32,-0.029635772109031677,1.4055758714675903,0.529999874047359,0.2392567307575925,
000320.npy,"(256, 256)",float32,0.0,1.0,0.534029267083227,0.18159993076516037,,"(128, 128)",float32,-0.011299621313810349,1.3710730075836182,0.5331601787339508,0.19985729082761403,
000321.npy,"(256, 256)",float32,0.0,1.0,0.2810707988196892,0.250490757708522,,"(128, 128)",float32,0.001776194665580988,1.4604488611221313,0.28067593713053895,0.2571230860764822,
000322.npy,"(256, 256)",float32,0.0,1.0,0.3219519852790551,0.2581099444087516,,"(128, 128)",float32,-0.002435747068375349,1.535317301750183,0.32183154354426335,0.2660321785058115,
000323.npy,"(256, 256)",float32,0.0,1.0,0.3058442600089748,0.25593877746238197,,"(128, 128)",float32,-0.012021536007523537,1.419602632522583,0.3055872446860648,0.2635295315639878,
000324.npy,"(256, 256)",float32,0.0,1.0,0.4732095930386828,0.32236559020518035,,"(128, 128)",float32,-0.013449166901409626,1.5713863372802734,0.47379052517647047,0.33297017605034473,
000325.npy,"(256, 256)",float32,0.0,1.0,0.11871224073924935,0.14223255090535494,,"(128, 128)",float32,-0.03599468618631363,1.3842138051986694,0.1189020133800156,0.14691897381104102,
000326.npy,"(256, 256)",float32,0.0,1.0,0.11512575182886131,0.13777714940197625,,"(128, 128)",float32,-0.03777480125427246,1.2902804613113403,0.11549175253491162,0.14101034563386033,
000327.npy,"(256, 256)",float32,0.0,1.0,0.11311942601002656,0.13821954028971517,,"(128, 128)",float32,-0.029253145679831505,1.3684154748916626,0.11382409504823204,0.1430916922011963,
000328.npy,"(256, 256)",float32,0.0,1.0,0.6080613630849498,0.18763600967894323,,"(128, 128)",float32,0.01953376643359661,1.4297734498977661,0.6081429356460148,0.22176214286225915,
000329.npy,"(256, 256)",float32,0.0,1.0,0.2117496443872966,0.12995554990905095,,"(128, 128)",float32,-0.0037199892103672028,1.2838444709777832,0.2121379636914611,0.13638926371310528,
000330.npy,"(256, 256)",float32,0.0,1.0,0.2114931459833116,0.1296112744254477,,"(128, 128)",float32,-0.0067953383550047874,1.3865878582000732,0.21132857759840817,0.13414070071378217,
000331.npy,"(256, 256)",float32,0.0,1.0,0.20682372835690943,0.12183548805745888,,"(128, 128)",float32,-0.006483433302491903,1.374948501586914,0.20686831623556579,0.12796296522832112,
000332.npy,"(256, 256)",float32,0.0,1.0,0.21640551313646572,0.2023536139634171,,"(128, 128)",float32,-0.010053684934973717,1.2979905605316162,0.2169119661814049,0.20802562021390691,
000333.npy,"(256, 256)",float32,0.0,1.0,0.2645862738920545,0.1576060120188205,,"(128, 128)",float32,-0.041155580431222916,1.1928863525390625,0.26490197961890694,0.16768491595492624,
000334.npy,"(256, 256)",float32,0.0,1.0,0.2679647860960457,0.15519128153326536,,"(128, 128)",float32,-0.008299280889332294,1.0888488292694092,0.26869623435307943,0.16322827605923712,
000335.npy,"(256, 256)",float32,0.0,1.0,0.2687373073142924,0.15564509909823798,,"(128, 128)",float32,-0.023366667330265045,1.1736164093017578,0.2684132887151922,0.16404791921135642,
000336.npy,"(256, 256)",float32,0.0,1.0,0.41929522563055266,0.22977152236239476,,"(128, 128)",float32,-0.0012577461311593652,1.2651201486587524,0.41926685083579684,0.2407304840562262,
000337.npy,"(256, 256)",float32,0.0,1.0,0.19691174042309106,0.12014548255696557,,"(128, 128)",float32,-0.0016447011148557067,1.215548038482666,0.1974303634021692,0.12865850010248503,
000338.npy,"(256, 256)",float32,0.0,1.0,0.28094295205299086,0.16688288649795385,,"(128, 128)",float32,-0.004612778779119253,1.381216049194336,0.2805559964325255,0.17678974504803616,
000339.npy,"(256, 256)",float32,0.0,1.0,0.2707347046521954,0.145058077025715,,"(128, 128)",float32,0.001744148088619113,1.3043159246444702,0.2706912637815009,0.15461444355108242,
000340.npy,"(256, 256)",float32,0.0,1.0,0.45266121911699875,0.2142050380558513,,"(128, 128)",float32,-0.023725789040327072,1.2737109661102295,0.45205394077219196,0.22635790407927464,
000341.npy,"(256, 256)",float32,0.0,1.0,0.600157314698464,0.2838162797397752,,"(128, 128)",float32,0.014446349814534187,1.5410034656524658,0.5988470645505686,0.2982404206793423,
000342.npy,"(256, 256)",float32,0.0,1.0,0.605770343619362,0.2795540028613216,,"(128, 128)",float32,0.003722286317497492,1.5066758394241333,0.6035601561110298,0.2991744873252963,
000343.npy,"(256, 256)",float32,0.0,1.0,0.5947900765371799,0.2926323382363067,,"(128, 128)",float32,0.00811772607266903,1.6616816520690918,0.5929044124480924,0.3146605183031163,
000344.npy,"(256, 256)",float32,0.0,1.0,0.42414889617060636,0.30376117975309275,,"(128, 128)",float32,0.004346638917922974,1.6732797622680664,0.4235607381359614,0.3162406222972927,
000345.npy,"(256, 256)",float32,0.0,1.0,0.3562683253605474,0.299688079637563,,"(128, 128)",float32,-0.002321789273992181,1.6076220273971558,0.3559253096010444,0.3108608224138698,
000346.npy,"(256, 256)",float32,0.0,1.0,0.3375811872246359,0.2789113990835278,,"(128, 128)",float32,0.011548597365617752,1.419619083404541,0.33788502443604784,0.2871162431549007,
000347.npy,"(256, 256)",float32,0.0,1.0,0.33669616431539495,0.27936414244163177,,"(128, 128)",float32,0.0075600226409733295,1.5542519092559814,0.3384606623633033,0.2906274925039045,
000348.npy,"(256, 256)",float32,0.0,1.0,0.23321528235025046,0.19254178406979336,,"(128, 128)",float32,-0.057103801518678665,1.512795329093933,0.23380457047919295,0.20220468345863682,
000349.npy,"(256, 256)",float32,0.0,1.0,0.3142518387193474,0.24450813497181367,,"(128, 128)",float32,-0.02802567183971405,1.4777743816375732,0.3143951701765749,0.2548483859389052,
000350.npy,"(256, 256)",float32,0.0,1.0,0.30218742057186343,0.22791750262809898,,"(128, 128)",float32,-0.045914426445961,1.1820625066757202,0.30260075717994983,0.23479620626282763,
000351.npy,"(256, 256)",float32,0.0,1.0,0.29654086983233086,0.2233857272863716,,"(128, 128)",float32,-0.023881740868091583,1.2298110723495483,0.296293374907852,0.22816220237532264,
000352.npy,"(256, 256)",float32,0.0,1.0,0.4994616625628322,0.2880684088375247,,"(128, 128)",float32,-0.27844250202178955,1.5816190242767334,0.49702454021652454,0.26531471039969096,
000353.npy,"(256, 256)",float32,0.0,1.0,0.2663799615086977,0.15426746337222202,,"(128, 128)",float32,-0.1105901300907135,0.9441257119178772,0.26579898097577526,0.14236879985377535,
000354.npy,"(256, 256)",float32,0.0,1.0,0.3017809401546053,0.17460964900659912,,"(128, 128)",float32,-0.10112021863460541,0.9473667740821838,0.30239628812203034,0.1648878638664735,
000355.npy,"(256, 256)",float32,0.0,1.0,0.30949778579384274,0.17900711295167007,,"(128, 128)",float32,-0.13109295070171356,0.9670389890670776,0.3100801563149883,0.16401960167877927,
000356.npy,"(256, 256)",float32,0.0,1.0,0.4240662814217415,0.2012555000373377,,"(128, 128)",float32,-0.043360497802495956,1.3703778982162476,0.4235400750895506,0.21423757509976538,
000357.npy,"(256, 256)",float32,0.0,1.0,0.22402479308392031,0.11517181296238985,,"(128, 128)",float32,-0.00010161276441067457,1.1630444526672363,0.22385677499344325,0.11930026107936943,
000358.npy,"(256, 256)",float32,0.0,1.0,0.23573862027636494,0.12295346007311737,,"(128, 128)",float32,0.0014889276353642344,1.2150286436080933,0.23534218842241472,0.129091751206263,
000359.npy,"(256, 256)",float32,0.0,1.0,0.23038799238159058,0.11945183808325634,,"(128, 128)",float32,0.00035168026806786656,1.202989935874939,0.2301634689447276,0.12518774786519998,
000360.npy,"(256, 256)",float32,0.0,1.0,0.5311180117742964,0.22224282698339223,,"(128, 128)",float32,0.0068933856673538685,1.315985918045044,0.5308298163972438,0.23475587491538774,
000361.npy,"(256, 256)",float32,0.0,1.0,0.18031099197822087,0.022154243897809452,,"(128, 128)",float32,0.04220465570688248,0.6995794773101807,0.1802764983654015,0.035482773972085296,
000362.npy,"(256, 256)",float32,0.0,1.0,0.2509920773514729,0.03718272914682234,,"(128, 128)",float32,0.0504491850733757,1.160774827003479,0.2508425988239651,0.056470918126947926,
000363.npy,"(256, 256)",float32,0.0,1.0,0.19868407105153096,0.04335891233454774,,"(128, 128)",float32,0.042775608599185944,0.7299062609672546,0.19900062190458812,0.056646584058245804,
000364.npy,"(256, 256)",float32,0.0,1.0,0.4641075502621703,0.23298228793533662,,"(128, 128)",float32,-0.03612609580159187,1.4950653314590454,0.4631881585435451,0.24377625769646055,
000365.npy,"(256, 256)",float32,0.0,1.0,0.1316716062854345,0.13437465170533852,,"(128, 128)",float32,-0.0948193296790123,1.3604077100753784,0.1317758926470467,0.1377298038209716,
000366.npy,"(256, 256)",float32,0.0,1.0,0.1383932035342729,0.14089889267905553,,"(128, 128)",float32,-0.05163880065083504,1.6110931634902954,0.13838098995011666,0.14599847629550214,
000367.npy,"(256, 256)",float32,0.0,1.0,0.13230296536726135,0.13498505772809674,,"(128, 128)",float32,-0.0727682113647461,1.5219266414642334,0.1323382676202784,0.13930086592715452,
000368.npy,"(256, 256)",float32,0.0,1.0,0.38969815165585686,0.16584026536369428,,"(128, 128)",float32,0.005708874668926001,1.1907706260681152,0.39031947118911603,0.17732188907185825,
000369.npy,"(256, 256)",float32,0.0,1.0,0.5041328702550913,0.13044459318477022,,"(128, 128)",float32,0.040797632187604904,1.1358801126480103,0.5040862974403808,0.14994189808786657,
000370.npy,"(256, 256)",float32,0.0,1.0,0.5047611016418472,0.1443459798753973,,"(128, 128)",float32,0.013935185968875885,1.3507187366485596,0.5054262001210645,0.16754064248018738,
000371.npy,"(256, 256)",float32,0.0,1.0,0.49719204421333885,0.13890614531827844,,"(128, 128)",float32,0.016435986384749413,1.3659753799438477,0.49709429576125785,0.1626773695009161,
000372.npy,"(256, 256)",float32,0.0,1.0,0.4827310484880023,0.18504971609648452,,"(128, 128)",float32,0.004642782732844353,1.3085235357284546,0.4821700948380112,0.2027133982949044,
000373.npy,"(256, 256)",float32,0.0,1.0,0.44502577536921706,0.14814575707563568,,"(128, 128)",float32,0.0034218658693134785,1.1488410234451294,0.44478070685474336,0.16171770030021423,
000374.npy,"(256, 256)",float32,0.0,1.0,0.4492387908485611,0.1466630886103745,,"(128, 128)",float32,-0.0004751832748297602,1.1809970140457153,0.44881646873817793,0.16417412471273227,
000375.npy,"(256, 256)",float32,0.0,1.0,0.4310641263680779,0.1476085985385499,,"(128, 128)",float32,0.0006450889632105827,1.2617018222808838,0.4309710297208085,0.17050897354329414,
000376.npy,"(256, 256)",float32,0.0,1.0,0.706489240458481,0.18059494904999174,,"(128, 128)",float32,-0.008426939137279987,1.7489253282546997,0.7050749708640183,0.22502013312145924,
000377.npy,"(256, 256)",float32,0.0,1.0,0.6945427279914673,0.2385168217420835,,"(128, 128)",float32,-0.032559700310230255,1.6209468841552734,0.6950358284875904,0.26225083297519924,
000378.npy,"(256, 256)",float32,0.0,1.0,0.672168724132348,0.2535447038443737,,"(128, 128)",float32,0.01898590661585331,1.4675487279891968,0.6735891175052302,0.27461565093080803,
000379.npy,"(256, 256)",float32,0.0,1.0,0.7095955294932104,0.23789743819231035,,"(128, 128)",float32,-0.03829018399119377,1.6297974586486816,0.7088365731922863,0.2670309440931573,
000380.npy,"(256, 256)",float32,0.0,1.0,0.19442812853016989,0.19515135111681853,,"(128, 128)",float32,-0.01165049523115158,1.4056330919265747,0.19498593026466082,0.19896672371916843,
000381.npy,"(256, 256)",float32,0.0,1.0,0.46174341573536637,0.13628493349151286,,"(128, 128)",float32,0.009143096394836903,1.1684776544570923,0.46148374706672257,0.15615994537193834,
000382.npy,"(256, 256)",float32,0.0,1.0,0.41905034132447483,0.1338533246125641,,"(128, 128)",float32,-0.01602358929812908,1.162075161933899,0.41920901652352427,0.1493834181151595,
000383.npy,"(256, 256)",float32,0.0,1.0,0.5048561298260967,0.14519626403572877,,"(128, 128)",float32,0.0022629741579294205,1.5264023542404175,0.5052281389315425,0.17019226421760356,
000384.npy,"(256, 256)",float32,0.0,1.0,0.20855918204405643,0.2638818176694053,,"(128, 128)",float32,-0.04438702389597893,1.5559972524642944,0.20943391676212153,0.2711099702240637,
000385.npy,"(256, 256)",float32,0.0,1.0,0.32585024523024286,0.14327714871844183,,"(128, 128)",float32,-0.0734180361032486,1.1394495964050293,0.3245701010508488,0.1476727806203002,
000386.npy,"(256, 256)",float32,0.0,1.0,0.2932630742507318,0.12755942309339707,,"(128, 128)",float32,-0.07073189318180084,1.2060812711715698,0.29395788797627476,0.13616706014748323,
000387.npy,"(256, 256)",float32,0.0,1.0,0.3190632429920854,0.14139237310205402,,"(128, 128)",float32,-0.06878209859132767,1.2586865425109863,0.3188657580011717,0.14858955588432707,
000388.npy,"(256, 256)",float32,0.0,1.0,0.46939693118036985,0.22478298437209762,,"(128, 128)",float32,0.00581823056563735,1.4183956384658813,0.4686454130349773,0.24425808061283952,
000389.npy,"(256, 256)",float32,0.0,1.0,0.19225801671457043,0.12446355613361754,,"(128, 128)",float32,-0.0021457523107528687,1.2393467426300049,0.1925068198879103,0.13086366913661032,
000390.npy,"(256, 256)",float32,0.0,1.0,0.07305688853921355,0.061150280345259204,,"(128, 128)",float32,-0.020756831392645836,0.9465164542198181,0.0730623993462105,0.06370090429906958,
000391.npy,"(256, 256)",float32,0.0,1.0,0.11878360069405458,0.08666855418989855,,"(128, 128)",float32,-0.004185784608125687,1.0604809522628784,0.11881258198384614,0.08866035038894278,
000392.npy,"(256, 256)",float32,0.0,1.0,0.2866394687136271,0.1654836687671342,,"(128, 128)",float32,0.005360532086342573,1.2598029375076294,0.2866361705548286,0.17444895083884082,
000393.npy,"(256, 256)",float32,0.0,1.0,0.5384819169044306,0.17259148649884995,,"(128, 128)",float32,-0.003176792524755001,1.272007942199707,0.537985118714289,0.1923449662874678,
000394.npy,"(256, 256)",float32,0.0,1.0,0.569060238690895,0.16980715702142596,,"(128, 128)",float32,0.028412071987986565,1.3453190326690674,0.5678785092741236,0.18962098207648337,
000395.npy,"(256, 256)",float32,0.0,1.0,0.6386156208249361,0.1864318215892323,,"(128, 128)",float32,0.0017852949677035213,1.3840962648391724,0.6373465178355602,0.21075467933814987,
000396.npy,"(256, 256)",float32,0.0,1.0,0.3578552641061492,0.13358257699908932,,"(128, 128)",float32,0.003184044500812888,1.111856460571289,0.3573017600511861,0.14421492405701905,
000397.npy,"(256, 256)",float32,0.0,1.0,0.8843180182858532,0.08840275205151656,,"(128, 128)",float32,0.058329805731773376,1.717348575592041,0.8843381434676303,0.1816254528669422,
000398.npy,"(256, 256)",float32,0.0,1.0,0.8364220408254994,0.12034547053854534,,"(128, 128)",float32,-0.0008506005397066474,1.6300830841064453,0.8357927393368882,0.18771748730112742,
000399.npy,"(256, 256)",float32,0.0,1.0,0.8126206161992116,0.1433710648791251,,"(128, 128)",float32,-0.010204896330833435,1.6052724123001099,0.8124169451183434,0.187185985074374,
000400.npy,"(256, 256)",float32,0.0,1.0,0.5207672951871758,0.3584547452686863,,"(128, 128)",float32,-0.0028359489515423775,1.6787887811660767,0.521990711517148,0.37775995883098196,
000401.npy,"(256, 256)",float32,0.0,1.0,0.651423874616782,0.10146111612712859,,"(128, 128)",float32,0.03380795940756798,1.384338140487671,0.6509797128876471,0.14135427288685462,
000402.npy,"(256, 256)",float32,0.0,1.0,0.7818753592230792,0.08613413263791159,,"(128, 128)",float32,0.014242555014789104,1.3687748908996582,0.7807311052826549,0.14109262506687065,
000403.npy,"(256, 256)",float32,0.0,1.0,0.7843161841666983,0.0791682667525815,,"(128, 128)",float32,0.04793732985854149,1.5849579572677612,0.78432536815194,0.16775802565274808,
000404.npy,"(256, 256)",float32,0.0,1.0,0.3973286119278727,0.19227887104601657,,"(128, 128)",float32,-0.007355260197073221,1.1586291790008545,0.39662153424269353,0.20256909187301075,
000405.npy,"(256, 256)",float32,0.0,1.0,0.26952927446268354,0.155374597826432,,"(128, 128)",float32,-0.1304835081100464,0.8899575471878052,0.26986714445493654,0.1451868397159561,
000406.npy,"(256, 256)",float32,0.0,1.0,0.2573514117621899,0.1490043258619974,,"(128, 128)",float32,-0.12482277303934097,0.7986550331115723,0.25832415709416723,0.13751343492914214,
000407.npy,"(256, 256)",float32,0.0,1.0,0.2999480829895425,0.17244995244097547,,"(128, 128)",float32,-0.13325688242912292,0.844944953918457,0.29992200367530053,0.15859166709134467,
000408.npy,"(256, 256)",float32,0.0,1.0,0.3994067106530146,0.23324138121089646,,"(128, 128)",float32,-0.002811836078763008,1.3019111156463623,0.3992871571334291,0.245638490707046,
000409.npy,"(256, 256)",float32,0.0,1.0,0.5135567521242166,0.26752825175174777,,"(128, 128)",float32,-0.0029598672408610582,1.5770820379257202,0.5127444263987826,0.28643149094780773,
000410.npy,"(256, 256)",float32,0.0,1.0,0.4938319244580782,0.2713418860864029,,"(128, 128)",float32,-0.00020676567510236055,1.3764928579330444,0.49304566030812946,0.2875462800430054,
000411.npy,"(256, 256)",float32,0.0,1.0,0.5164443319068255,0.26284132539969113,,"(128, 128)",float32,0.00907464325428009,1.4641778469085693,0.5157397682651208,0.2780687169453602,
000412.npy,"(256, 256)",float32,0.0,1.0,0.5604433058979907,0.17630670128762163,,"(128, 128)",float32,0.007882971316576004,1.5463043451309204,0.5602702239477821,0.19592974652334236,
000413.npy,"(256, 256)",float32,0.0,1.0,0.6429622795333803,0.15029299668571405,,"(128, 128)",float32,-0.02832181006669998,1.463662028312683,0.6419531700345047,0.1917779009957538,
000414.npy,"(256, 256)",float32,0.0,1.0,0.6534336636256377,0.15104051243075478,,"(128, 128)",float32,-0.014739301055669785,1.3549970388412476,0.6534667157526357,0.18020941588903164,
000415.npy,"(256, 256)",float32,0.0,1.0,0.6652153003221297,0.144601986979406,,"(128, 128)",float32,-0.013958544470369816,1.409286379814148,0.66682822943811,0.17597939424482317,
000416.npy,"(256, 256)",float32,0.0,1.0,0.29158002969991514,0.30695516988237226,,"(128, 128)",float32,-0.033692680299282074,1.6598938703536987,0.2917090921280696,0.31793878100472567,
000417.npy,"(256, 256)",float32,0.0,1.0,0.33428017804166643,0.1714147140191862,,"(128, 128)",float32,0.014335320331156254,1.340153694152832,0.33415444940902717,0.18203648730756944,
000418.npy,"(256, 256)",float32,0.0,1.0,0.3219049789943824,0.166661728378985,,"(128, 128)",float32,0.011622905731201172,1.7128182649612427,0.3227991120753586,0.1812842465393625,
000419.npy,"(256, 256)",float32,0.0,1.0,0.3432225048338182,0.17558702749300373,,"(128, 128)",float32,0.0220022089779377,1.4179222583770752,0.3438306547935781,0.18981089500534937,
000420.npy,"(256, 256)",float32,0.0,1.0,0.7364231686737668,0.14567805273642181,,"(128, 128)",float32,0.00534483278170228,1.4235042333602905,0.736237414978433,0.18483051985368915,
000421.npy,"(256, 256)",float32,0.0,1.0,0.7295612178464737,0.17382640297483581,,"(128, 128)",float32,0.02230674773454666,1.7267248630523682,0.7289127981928232,0.21378943701439662,
000422.npy,"(256, 256)",float32,0.0,1.0,0.7318857722007373,0.17314185896576775,,"(128, 128)",float32,0.03643118962645531,1.5441999435424805,0.7322620497291155,0.22101048013642968,
000423.npy,"(256, 256)",float32,0.0,1.0,0.7306395906894068,0.17477720471890903,,"(128, 128)",float32,0.01202582661062479,1.5756088495254517,0.7286905051115014,0.21972935705407437,
000424.npy,"(256, 256)",float32,0.0,1.0,0.45834849401627176,0.2159131389426284,,"(128, 128)",float32,-0.0057481094263494015,1.6433223485946655,0.460106489875832,0.24105045453413618,
000425.npy,"(256, 256)",float32,0.0,1.0,0.06327671235710469,0.12084178165114308,,"(128, 128)",float32,-0.019391199573874474,1.2309037446975708,0.06353367369809607,0.12272667420371988,
000426.npy,"(256, 256)",float32,0.0,1.0,0.10511210530274365,0.1627980850220795,,"(128, 128)",float32,-0.022768231108784676,1.2553523778915405,0.10606855042860597,0.16938784789105932,
000427.npy,"(256, 256)",float32,0.0,1.0,0.08226483213096814,0.13254311932323726,,"(128, 128)",float32,-0.027427466586232185,1.3512548208236694,0.08300896820782673,0.13603546015170828,
000428.npy,"(256, 256)",float32,0.0,1.0,0.21441601602414062,0.20241092090558477,,"(128, 128)",float32,-0.0016510685672983527,1.4456055164337158,0.21362219181043685,0.20766923115605518,
000429.npy,"(256, 256)",float32,0.0,1.0,0.5152131851353943,0.29821225312396693,,"(128, 128)",float32,-0.0510423518717289,1.5723729133605957,0.5155393388673843,0.31098477671089503,
000430.npy,"(256, 256)",float32,0.0,1.0,0.576257834002206,0.30430282075323306,,"(128, 128)",float32,0.0014153269585222006,1.6590574979782104,0.576107988166612,0.32870853002434025,
000431.npy,"(256, 256)",float32,0.0,1.0,0.5329298692939126,0.3000349620458809,,"(128, 128)",float32,0.0018607883248478174,1.4252849817276,0.5329860146293015,0.3143214031244363,
000432.npy,"(256, 256)",float32,0.0,1.0,0.24334380959596355,0.2146298932010803,,"(128, 128)",float32,-0.00820989441126585,1.245500087738037,0.24406486940646888,0.22045192187938054,
000433.npy,"(256, 256)",float32,0.0,1.0,0.25474873836320455,0.14434988261358653,,"(128, 128)",float32,0.00020064678392373025,1.173168420791626,0.25545968210822956,0.15193181905928788,
000434.npy,"(256, 256)",float32,0.0,1.0,0.217578836038804,0.12874139225522332,,"(128, 128)",float32,-0.015167859382927418,1.2517890930175781,0.21760594185937876,0.13419129073503785,
000435.npy,"(256, 256)",float32,0.0,1.0,0.20888864639625737,0.1195121373652066,,"(128, 128)",float32,0.013404672034084797,1.1202940940856934,0.20915513063630442,0.1250568616046628,
000436.npy,"(256, 256)",float32,0.0,1.0,0.1461037212643319,0.11222082521268435,,"(128, 128)",float32,-0.003032728796824813,1.1790838241577148,0.1457011475727925,0.11530781418948204,
000437.npy,"(256, 256)",float32,0.0,1.0,0.2755503810227361,0.16907949197205646,,"(128, 128)",float32,-0.007375895045697689,1.1912744045257568,0.27567919348688896,0.17732881212584614,
000438.npy,"(256, 256)",float32,0.0,1.0,0.28525929781615833,0.18169835232619347,,"(128, 128)",float32,-0.004220484755933285,1.2744132280349731,0.2858742628314843,0.18954089224959905,
000439.npy,"(256, 256)",float32,0.0,1.0,0.24903716035132328,0.15900385226227995,,"(128, 128)",float32,-0.004284057766199112,1.071959137916565,0.2499734102978861,0.1662838468774143,
000440.npy,"(256, 256)",float32,0.0,1.0,0.5695601504468358,0.2362795820377904,,"(128, 128)",float32,-0.02469220943748951,1.8806456327438354,0.5688916548428353,0.26583922104613356,
000441.npy,"(256, 256)",float32,0.0,1.0,0.5710846145601123,0.26879266827352133,,"(128, 128)",float32,-0.006405153311789036,1.599021553993225,0.571478026678303,0.28598396194695846,
000442.npy,"(256, 256)",float32,0.0,1.0,0.5718373248233235,0.2172334918441302,,"(128, 128)",float32,-0.009470716118812561,1.515580177307129,0.571353333146682,0.23981709183140099,
000443.npy,"(256, 256)",float32,0.0,1.0,0.5249540550459353,0.23455861831735328,,"(128, 128)",float32,-0.018811853602528572,1.4276926517486572,0.5252938203208974,0.25664961989710966,
000444.npy,"(256, 256)",float32,0.0,1.0,0.27521463495128273,0.1448904789430029,,"(128, 128)",float32,0.01183436531573534,1.428349256515503,0.27488805006856865,0.15394377243313373,
000445.npy,"(256, 256)",float32,0.0,1.0,0.4816536562627789,0.17145292980318483,,"(128, 128)",float32,0.0014123860746622086,1.5492281913757324,0.48185231142440443,0.1876908545425641,
000446.npy,"(256, 256)",float32,0.0,1.0,0.48663426444593494,0.16767945918558366,,"(128, 128)",float32,0.00939351599663496,1.5503721237182617,0.4862849813312664,0.18955231503256956,
000447.npy,"(256, 256)",float32,0.0,1.0,0.48347513446947765,0.15468650488381538,,"(128, 128)",float32,0.0017972564091905951,1.285366415977478,0.48407766139882114,0.17067564067844126,
000448.npy,"(256, 256)",float32,0.0,1.0,0.3946281322490677,0.1778536954295795,,"(128, 128)",float32,0.01759388856589794,1.3333783149719238,0.39521271692228765,0.19067488840895258,
000449.npy,"(256, 256)",float32,0.0,1.0,0.2716555252376782,0.1622358216401639,,"(128, 128)",float32,-0.006923848297446966,1.3380883932113647,0.2724424461920334,0.17087004866164313,
000450.npy,"(256, 256)",float32,0.0,1.0,0.24976955945659718,0.1515527589852107,,"(128, 128)",float32,-0.0016042502829805017,1.3115707635879517,0.25010246706439254,0.16226521504603758,
000451.npy,"(256, 256)",float32,0.0,1.0,0.2505589963565158,0.15117941584417696,,"(128, 128)",float32,0.005155203863978386,1.317683219909668,0.2509187771140944,0.16078788406205713,
000452.npy,"(256, 256)",float32,0.0,1.0,0.40110801217682024,0.28053863877269813,,"(128, 128)",float32,-0.009963992983102798,1.340937852859497,0.4010259137720844,0.2909791975665255,
000453.npy,"(256, 256)",float32,0.0,1.0,0.8061511376459691,0.12171326476091891,,"(128, 128)",float32,0.00988084077835083,1.4884945154190063,0.8068736508657821,0.17155689097921079,
000454.npy,"(256, 256)",float32,0.0,1.0,0.8049050296576681,0.1259625140571818,,"(128, 128)",float32,-0.003938398323953152,1.511209487915039,0.8056057435173898,0.18017440140933594,
000455.npy,"(256, 256)",float32,0.0,1.0,0.8121816577685692,0.11741779742542006,,"(128, 128)",float32,0.009215565398335457,1.5722934007644653,0.8115948446753691,0.16740980404296935,
000456.npy,"(256, 256)",float32,0.0,1.0,0.5634083603442335,0.18305473242648418,,"(128, 128)",float32,-0.005633356980979443,1.415021300315857,0.5640425584407502,0.2055983154830922,
000457.npy,"(256, 256)",float32,0.0,1.0,0.3140525917319765,0.1833747080298049,,"(128, 128)",float32,-0.029051531106233597,1.736667513847351,0.31484216414133925,0.19828130994344076,
000458.npy,"(256, 256)",float32,0.0,1.0,0.3136059742731021,0.18349537757320303,,"(128, 128)",float32,-0.008908145129680634,1.6868643760681152,0.31377957999737305,0.19389115336144755,
000459.npy,"(256, 256)",float32,0.0,1.0,0.3154503295623172,0.18352459981097924,,"(128, 128)",float32,-0.022805005311965942,1.8620247840881348,0.31558695290830485,0.19365041497559707,
000460.npy,"(256, 256)",float32,0.0,1.0,0.5271101401571556,0.24384114859729786,,"(128, 128)",float32,-0.008128094486892223,1.7266865968704224,0.5281967044579439,0.2621947635419952,
000461.npy,"(256, 256)",float32,0.0,1.0,0.5164039237319629,0.29377195848802556,,"(128, 128)",float32,-0.0036873489152640104,1.5476093292236328,0.5158611775730577,0.3092926170954322,
000462.npy,"(256, 256)",float32,0.0,1.0,0.5328796261860429,0.29739603613188004,,"(128, 128)",float32,-0.009046078659594059,1.591059923171997,0.5332777919230409,0.31610361485110683,
000463.npy,"(256, 256)",float32,0.0,1.0,0.5418979676047186,0.2959148434658514,,"(128, 128)",float32,0.0027801012620329857,1.5193268060684204,0.5420834230669982,0.31058015067277905,
000464.npy,"(256, 256)",float32,0.0,1.0,0.35088719770504984,0.26980842819895434,,"(128, 128)",float32,-0.0015914315590634942,1.4774632453918457,0.3509954671867419,0.2799780731679791,
000465.npy,"(256, 256)",float32,0.0,1.0,0.5406292854241457,0.19171675765814125,,"(128, 128)",float32,0.0418214425444603,1.3712462186813354,0.5406361857428692,0.2116192319399404,
000466.npy,"(256, 256)",float32,0.0,1.0,0.5294248636842624,0.19952241984054023,,"(128, 128)",float32,0.046882905066013336,1.490539789199829,0.5284764166385685,0.21563191479601254,
000467.npy,"(256, 256)",float32,0.0,1.0,0.5289024744215851,0.20282676546597125,,"(128, 128)",float32,-0.01046163309365511,1.4084160327911377,0.5278219774207145,0.22382566678111862,
000468.npy,"(256, 256)",float32,0.0,1.0,0.4742434436885219,0.14617096724033826,,"(128, 128)",float32,0.02229570597410202,1.6571135520935059,0.47411881552443447,0.16784544176876992,
000469.npy,"(256, 256)",float32,0.0,1.0,0.2915249554113384,0.20130603595544203,,"(128, 128)",float32,-0.0265231691300869,1.4036587476730347,0.29285546843960475,0.21130536745204273,
000470.npy,"(256, 256)",float32,0.0,1.0,0.2794810684819087,0.1936953958825207,,"(128, 128)",float32,-0.015981120988726616,1.3714152574539185,0.2803827062077815,0.20150647877166686,
000471.npy,"(256, 256)",float32,0.0,1.0,0.2947433980984382,0.20472206481753588,,"(128, 128)",float32,-0.004199544433504343,1.4861685037612915,0.2957375690682795,0.21186380511680503,
000472.npy,"(256, 256)",float32,0.0,1.0,0.5522600343374933,0.33324063285747846,,"(128, 128)",float32,-0.025467615574598312,1.730256199836731,0.5524057183660531,0.35608884067403535,
000473.npy,"(256, 256)",float32,0.0,1.0,0.5879384453578522,0.2516380635099713,,"(128, 128)",float32,-0.005512326955795288,1.3578507900238037,0.588201766146355,0.26792193717708007,
000474.npy,"(256, 256)",float32,0.0,1.0,0.733277882623133,0.2537325248459407,,"(128, 128)",float32,-0.009392120875418186,1.9384297132492065,0.7321502676370812,0.29499903117536524,
000475.npy,"(256, 256)",float32,0.0,1.0,0.7534071065221104,0.26252570655249235,,"(128, 128)",float32,0.004016990307718515,1.6128329038619995,0.7538284279571599,0.28801726557652546,
000476.npy,"(256, 256)",float32,0.0,1.0,0.160296450618885,0.1436648831078087,,"(128, 128)",float32,-0.03898312523961067,1.4082382917404175,0.16137976756208516,0.14910563361170487,
000477.npy,"(256, 256)",float32,0.0,1.0,0.4557477291037273,0.17751393329248688,,"(128, 128)",float32,0.03722779080271721,1.4502792358398438,0.4566902876779295,0.20007685547769596,
000478.npy,"(256, 256)",float32,0.0,1.0,0.44982228807700153,0.18008868451679722,,"(128, 128)",float32,-0.0008433338371105492,1.5592085123062134,0.4491886600247419,0.19932984961168446,
000479.npy,"(256, 256)",float32,0.0,1.0,0.4459331339678556,0.1760243027781837,,"(128, 128)",float32,0.010086198337376118,1.3986047506332397,0.4472752337250654,0.19995601655564338,
000480.npy,"(256, 256)",float32,0.0,1.0,0.233128224326105,0.1341907308408089,,"(128, 128)",float32,-0.021540198475122452,1.038128137588501,0.23365021282075293,0.14194613311611576,
000481.npy,"(256, 256)",float32,0.0,1.0,0.5425871178448136,0.2287771783289244,,"(128, 128)",float32,-0.01028925646096468,1.37542724609375,0.5428849022313682,0.24603527218336638,
000482.npy,"(256, 256)",float32,0.0,1.0,0.4955209648493063,0.24163840298914446,,"(128, 128)",float32,-0.016520079225301743,1.4265557527542114,0.49610447936035484,0.2543484721347239,
000483.npy,"(256, 256)",float32,0.0,1.0,0.5428207938585052,0.22847514919569148,,"(128, 128)",float32,-0.01866104081273079,1.5829282999038696,0.5425710005011548,0.2502150452089412,
000484.npy,"(256, 256)",float32,0.0,1.0,0.5909622561693197,0.163057465179979,,"(128, 128)",float32,0.0024329782463610172,1.615034818649292,0.591838014594515,0.2005423666012924,
000485.npy,"(256, 256)",float32,0.0,1.0,0.6410363293008867,0.21898920831998525,,"(128, 128)",float32,-0.0013862613122910261,1.6792433261871338,0.6398304927405718,0.2547984105635251,
000486.npy,"(256, 256)",float32,0.0,1.0,0.6662158809671386,0.21257517034375925,,"(128, 128)",float32,0.0009277355275116861,1.434627652168274,0.6660450683039549,0.2343355287543039,
000487.npy,"(256, 256)",float32,0.0,1.0,0.6671910309127469,0.2118658898093996,,"(128, 128)",float32,-0.003396733431145549,1.722752571105957,0.66691578247152,0.2380291456495269,
000488.npy,"(256, 256)",float32,0.0,1.0,0.1618638627223994,0.14399337245395627,,"(128, 128)",float32,-0.03401053696870804,1.151825189590454,0.16195893405599815,0.1466772307565562,
000489.npy,"(256, 256)",float32,0.0,1.0,0.3897681203314427,0.18270558537984286,,"(128, 128)",float32,-0.015581822022795677,1.0492491722106934,0.38909719860457814,0.19339220525057926,
000490.npy,"(256, 256)",float32,0.0,1.0,0.4146380576842219,0.1797663724601371,,"(128, 128)",float32,-0.018385477364063263,1.3306711912155151,0.41511218742779254,0.19483749728343291,
000491.npy,"(256, 256)",float32,0.0,1.0,0.41339586358091296,0.17882039515246512,,"(128, 128)",float32,-0.003250871552154422,1.2507153749465942,0.4133560820291997,0.19086348344806275,
000492.npy,"(256, 256)",float32,0.0,1.0,0.24664749376222517,0.1824054367512325,,"(128, 128)",float32,-0.004804457072168589,1.395808458328247,0.24690247453364833,0.18703115198820353,
000493.npy,"(256, 256)",float32,0.0,1.0,0.3975955982738526,0.12521968767474867,,"(128, 128)",float32,0.004826813470572233,1.102281928062439,0.3976431039929196,0.14251413986459285,
000494.npy,"(256, 256)",float32,0.0,1.0,0.5003385265022189,0.15369021533465674,,"(128, 128)",float32,0.04449908807873726,1.303138017654419,0.5011086291956417,0.1722578527175023,
000495.npy,"(256, 256)",float32,0.0,1.0,0.5143653022712513,0.15050230308487292,,"(128, 128)",float32,0.030922794714570045,1.320860505104065,0.5147659315063038,0.16680871749589493,
000496.npy,"(256, 256)",float32,0.0,1.0,0.6618627953395082,0.2561489560075709,,"(128, 128)",float32,-0.1031242161989212,1.633294701576233,0.6628227545833134,0.28619557209942537,
000497.npy,"(256, 256)",float32,0.0,1.0,0.29703411542968183,0.16728036924010817,,"(128, 128)",float32,-0.01065884344279766,1.241380214691162,0.2974167685617175,0.17544759057549456,
000498.npy,"(256, 256)",float32,0.0,1.0,0.32839560180989125,0.17739224512877258,,"(128, 128)",float32,-0.04908738285303116,1.0629616975784302,0.3279013026916999,0.18466798584512514,
000499.npy,"(256, 256)",float32,0.0,1.0,0.2762713036753901,0.15630537215018894,,"(128, 128)",float32,-0.02437658980488777,1.459962010383606,0.2764104531031677,0.16670390884112074,
000500.npy,"(256, 256)",float32,0.0,1.0,0.6323212180513262,0.15355531266817465,,"(128, 128)",float32,-0.005551728419959545,1.4865288734436035,0.6308143090733553,0.1866604974407003,
000501.npy,"(256, 256)",float32,0.0,1.0,0.5533802399464114,0.14206806013758805,,"(128, 128)",float32,-0.021489130333065987,1.6413612365722656,0.5533107700166937,0.1795400784664046,
000502.npy,"(256, 256)",float32,0.0,1.0,0.5697961716465587,0.1361080563143971,,"(128, 128)",float32,-0.003567291423678398,1.4991661310195923,0.5690422305029519,0.1698863425866057,
000503.npy,"(256, 256)",float32,0.0,1.0,0.5486567572273554,0.1334364009499243,,"(128, 128)",float32,-0.025852616876363754,1.3931862115859985,0.549844214214934,0.1641099456657255,
000504.npy,"(256, 256)",float32,0.0,1.0,0.3674194592895877,0.22637646115014037,,"(128, 128)",float32,-0.012531168758869171,1.449134349822998,0.36720521597027767,0.23714921499499692,
000505.npy,"(256, 256)",float32,0.0,1.0,0.28528891654563426,0.21999893708497434,,"(128, 128)",float32,-0.059130921959877014,1.467028260231018,0.2856439574044223,0.22746192420689082,
000506.npy,"(256, 256)",float32,0.0,1.0,0.2912524426559157,0.2238435271202236,,"(128, 128)",float32,-0.03194070979952812,1.4147182703018188,0.2906182236134942,0.2281079929008987,
000507.npy,"(256, 256)",float32,0.0,1.0,0.29016910113450833,0.22290282608342074,,"(128, 128)",float32,-0.015241144225001335,1.3653024435043335,0.2904526587191687,0.2280070371954754,
000508.npy,"(256, 256)",float32,0.0,1.0,0.8636340892241492,0.16744950015796184,,"(128, 128)",float32,0.02389049530029297,1.6617343425750732,0.8626182245795917,0.23445200355429055,
000509.npy,"(256, 256)",float32,0.0,1.0,0.22332374935523625,0.13503269371725965,,"(128, 128)",float32,-0.04719221964478493,1.3898320198059082,0.223402405184165,0.1437277116653455,
000510.npy,"(256, 256)",float32,0.0,1.0,0.20616512604774728,0.1055375164893482,,"(128, 128)",float32,-0.03010072559118271,1.0600208044052124,0.20676954347388943,0.11360795933771425,
000511.npy,"(256, 256)",float32,0.0,1.0,0.21053491547348585,0.1084821184225737,,"(128, 128)",float32,-0.03979969397187233,1.114562749862671,0.21086231742105932,0.11465635932611677,
000512.npy,"(256, 256)",float32,0.0,1.0,0.8075476887528197,0.1477167422852643,,"(128, 128)",float32,0.01297798752784729,1.5616813898086548,0.8063253719802788,0.20213860135547781,
000513.npy,"(256, 256)",float32,0.0,1.0,0.5823915461425668,0.2804363974732579,,"(128, 128)",float32,-0.004488329403102398,1.5338257551193237,0.5814605327418443,0.2946978177926136,
000514.npy,"(256, 256)",float32,0.0,1.0,0.5890497132028171,0.27434970155963995,,"(128, 128)",float32,-0.012696165591478348,1.3502447605133057,0.5884253143539488,0.28686130450270597,
000515.npy,"(256, 256)",float32,0.0,1.0,0.6151453307322483,0.2693997434331489,,"(128, 128)",float32,-0.010599990375339985,1.5616098642349243,0.613482913156771,0.2926309791316461,
000516.npy,"(256, 256)",float32,0.0,1.0,0.7535826780166026,0.12376732629055977,,"(128, 128)",float32,0.008644822053611279,1.44206702709198,0.7534354398721916,0.16561735672996275,
000517.npy,"(256, 256)",float32,0.0,1.0,0.6754030082792246,0.23420026573545366,,"(128, 128)",float32,-0.061533812433481216,1.481397271156311,0.6748439978372099,0.2597920414189608,
000518.npy,"(256, 256)",float32,0.0,1.0,0.7099028618346093,0.1911242963103034,,"(128, 128)",float32,-0.04126321151852608,1.532857894897461,0.7094998135485096,0.22016893348840616,
000519.npy,"(256, 256)",float32,0.0,1.0,0.7022913183928412,0.21121651970136537,,"(128, 128)",float32,-0.01596190594136715,1.459560751914978,0.7022290277604357,0.23690027524663237,
000520.npy,"(256, 256)",float32,0.0,1.0,0.5471256111318963,0.1701232187595496,,"(128, 128)",float32,-0.030947711318731308,1.455323338508606,0.5471921560336297,0.19428515193492907,
000521.npy,"(256, 256)",float32,0.0,1.0,0.545864993551803,0.1931377228317624,,"(128, 128)",float32,0.011434133164584637,1.407380223274231,0.5467242856366283,0.220138029378333,
000522.npy,"(256, 256)",float32,0.0,1.0,0.5356752878584956,0.20445156282925311,,"(128, 128)",float32,0.011955362744629383,1.3463871479034424,0.535446330160994,0.21970462493823179,
000523.npy,"(256, 256)",float32,0.0,1.0,0.5346279525528423,0.20721727397610867,,"(128, 128)",float32,0.01805855520069599,1.3745638132095337,0.5339248099219276,0.23067656353675378,
000524.npy,"(256, 256)",float32,0.0,1.0,0.48842953026874625,0.252876230447023,,"(128, 128)",float32,-0.02510717324912548,1.4702624082565308,0.48935114002952673,0.27070118258329207,
000525.npy,"(256, 256)",float32,0.0,1.0,0.4208104175253595,0.15199850857002564,,"(128, 128)",float32,0.004513170104473829,1.4873610734939575,0.42068880304097434,0.17243564316167162,
000526.npy,"(256, 256)",float32,0.0,1.0,0.5982112443596179,0.1065686044885698,,"(128, 128)",float32,0.1523464024066925,1.337923288345337,0.597816406732818,0.13632155267024165,
000527.npy,"(256, 256)",float32,0.0,1.0,0.5811651863036786,0.10672476733791353,,"(128, 128)",float32,0.15508632361888885,1.4457740783691406,0.5813396838848348,0.13874324381215294,
000528.npy,"(256, 256)",float32,0.0,1.0,0.18574775430870716,0.032016717432823555,,"(128, 128)",float32,0.07882505655288696,1.1039135456085205,0.18615657841382927,0.04736494758884571,
000529.npy,"(256, 256)",float32,0.0,1.0,0.5668191218620591,0.1863702967346743,,"(128, 128)",float32,-0.055987484753131866,1.2475687265396118,0.5669028894771504,0.20309353339082561,
000530.npy,"(256, 256)",float32,0.0,1.0,0.5422661631472985,0.20368249922839896,,"(128, 128)",float32,-0.0504116490483284,1.2598650455474854,0.5434209455421595,0.22682822523528476,
000531.npy,"(256, 256)",float32,0.0,1.0,0.5325365984286936,0.1887625791631263,,"(128, 128)",float32,-0.020197026431560516,1.345877766609192,0.5327147555170626,0.20887145276025554,
000532.npy,"(256, 256)",float32,0.0,1.0,0.4258259449126198,0.14023789767118222,,"(128, 128)",float32,0.014803988859057426,1.344888687133789,0.4257722265427901,0.15298763829591136,
000533.npy,"(256, 256)",float32,0.0,1.0,0.47277816950460105,0.17417780428585888,,"(128, 128)",float32,-0.012867016717791557,1.8258659839630127,0.47248043678783347,0.1984956351461714,
000534.npy,"(256, 256)",float32,0.0,1.0,0.4514024222055335,0.17188448750026178,,"(128, 128)",float32,-0.02267993986606598,1.2837868928909302,0.4516123691436249,0.18351413183003382,
000535.npy,"(256, 256)",float32,0.0,1.0,0.44895330117003684,0.17025383187623944,,"(128, 128)",float32,-0.003114008577540517,1.298181414604187,0.450188143238087,0.18432548600180845,
000536.npy,"(256, 256)",float32,0.0,1.0,0.30227937741829436,0.20550913127517997,,"(128, 128)",float32,0.0027949768118560314,1.4781161546707153,0.3020629382990023,0.2122270179437612,
000537.npy,"(256, 256)",float32,0.0,1.0,0.3936837158292228,0.1658719327135801,,"(128, 128)",float32,-0.006294455379247665,1.3058911561965942,0.392915684604759,0.18205452263855984,
000538.npy,"(256, 256)",float32,0.0,1.0,0.4039830412595382,0.1702125727368698,,"(128, 128)",float32,0.009136888198554516,1.502286434173584,0.4040837787458713,0.18694552500794376,
000539.npy,"(256, 256)",float32,0.0,1.0,0.3979128478356131,0.16549430242372187,,"(128, 128)",float32,0.00718634994700551,1.3104615211486816,0.3972158747185688,0.17877383634799204,
000540.npy,"(256, 256)",float32,0.0,1.0,0.8067571637707402,0.10383234749767346,,"(128, 128)",float32,-0.00046345923328772187,1.541806697845459,0.8073057298763295,0.1556254188314522,
000541.npy,"(256, 256)",float32,0.0,1.0,0.37455893490055914,0.2813925946509068,,"(128, 128)",float32,0.0017140029231086373,1.6955126523971558,0.37465937538267013,0.29040276890857636,
000542.npy,"(256, 256)",float32,0.0,1.0,0.3448245760651041,0.26119535499838514,,"(128, 128)",float32,0.012057224288582802,1.6703464984893799,0.345865480497082,0.27518972650156287,
000543.npy,"(256, 256)",float32,0.0,1.0,0.3738433259292462,0.2809428479636341,,"(128, 128)",float32,0.004863389302045107,1.5718598365783691,0.3742835509630993,0.2925407883018927,
000544.npy,"(256, 256)",float32,0.0,1.0,0.6647165449851116,0.07529675881204431,,"(128, 128)",float32,-0.018712181597948074,1.2925606966018677,0.6641917373308672,0.1452539332073565,
000545.npy,"(256, 256)",float32,0.0,1.0,0.58655972918144,0.2676121104667502,,"(128, 128)",float32,-0.02201324887573719,1.5035078525543213,0.5852264663605831,0.284957408672571,
000546.npy,"(256, 256)",float32,0.0,1.0,0.6177339053759057,0.2571570957657633,,"(128, 128)",float32,-0.04495912790298462,1.5953999757766724,0.6162008218222595,0.2804098789672539,
000547.npy,"(256, 256)",float32,0.0,1.0,0.4458063325297381,0.2684971233426408,,"(128, 128)",float32,-0.02656332589685917,1.332634449005127,0.4466029256378756,0.2816096010820705,
000548.npy,"(256, 256)",float32,0.0,1.0,0.489681348098685,0.1651590498504679,,"(128, 128)",float32,0.004375728312879801,1.2132488489151,0.4896569733696481,0.18251924862785301,
000549.npy,"(256, 256)",float32,0.0,1.0,0.04824386058466628,0.10027963767424257,,"(128, 128)",float32,-0.0263506006449461,1.1519346237182617,0.048317007193695055,0.101719834731949,
000550.npy,"(256, 256)",float32,0.0,1.0,0.03901241071865244,0.08177328692043391,,"(128, 128)",float32,-0.032089218497276306,1.2189691066741943,0.039262462683041364,0.0851991534868804,
000551.npy,"(256, 256)",float32,0.0,1.0,0.046956805714832746,0.09947617739443233,,"(128, 128)",float32,-0.027184102684259415,1.067813754081726,0.04732659742509639,0.10236933608900042,
000552.npy,"(256, 256)",float32,0.0,1.0,0.6335949635499996,0.18755019269244522,,"(128, 128)",float32,-0.09301424026489258,1.2122029066085815,0.634906467322697,0.20919551963775793,
000553.npy,"(256, 256)",float32,0.0,1.0,0.4082756106705352,0.2512576183001608,,"(128, 128)",float32,-0.005254231858998537,1.2237108945846558,0.4091240538392178,0.26148199754726104,
000554.npy,"(256, 256)",float32,0.0,1.0,0.425812439455062,0.26978924140517097,,"(128, 128)",float32,-0.02014349214732647,1.2011172771453857,0.42539179259120485,0.27807397387947064,
000555.npy,"(256, 256)",float32,0.0,1.0,0.4271169579481972,0.270615252010157,,"(128, 128)",float32,-0.0019120837096124887,1.2071255445480347,0.4278354021344042,0.280457315058788,
000556.npy,"(256, 256)",float32,0.0,1.0,0.21129390673946347,0.08770723086010665,,"(128, 128)",float32,-0.005465710535645485,1.2540154457092285,0.21125782419332495,0.09409850268383468,
000557.npy,"(256, 256)",float32,0.0,1.0,0.9201911609210356,0.06975186271567854,,"(128, 128)",float32,0.022072449326515198,1.639365315437317,0.9198022165001021,0.16313101626347598,
000558.npy,"(256, 256)",float32,0.0,1.0,0.877065696858633,0.14128945594081765,,"(128, 128)",float32,-0.006235518492758274,1.7373039722442627,0.8753422122042025,0.20590909172738792,
000559.npy,"(256, 256)",float32,0.0,1.0,0.9219195132725986,0.0670186493318254,,"(128, 128)",float32,0.0008647218928672373,2.031140089035034,0.9218409653090056,0.17104658496089617,
000560.npy,"(256, 256)",float32,0.0,1.0,0.4110679734652294,0.19880776041183543,,"(128, 128)",float32,-0.048608336597681046,1.5712153911590576,0.4094338496804335,0.21219182147944357,
000561.npy,"(256, 256)",float32,0.0,1.0,0.5448627401568581,0.21167336330418024,,"(128, 128)",float32,-0.058340709656476974,1.6478753089904785,0.5438501180201243,0.2353322743715671,
000562.npy,"(256, 256)",float32,0.0,1.0,0.5368429701889363,0.21316598128932787,,"(128, 128)",float32,-0.0027900293935090303,1.6333715915679932,0.5360250927813439,0.23738255863014526,
000563.npy,"(256, 256)",float32,0.0,1.0,0.5219266586383018,0.22400529695116345,,"(128, 128)",float32,-0.021198855713009834,1.389897108078003,0.5211442027391371,0.23867567184274135,
000564.npy,"(256, 256)",float32,0.0,1.0,0.5414462554647628,0.10380152703207528,,"(128, 128)",float32,0.0247070100158453,1.2944347858428955,0.5419163771427975,0.1323033542235807,
000565.npy,"(256, 256)",float32,0.0,1.0,0.5894956362382118,0.10492237677815852,,"(128, 128)",float32,0.07585141062736511,1.3644529581069946,0.5898210200803078,0.15400876371078995,
000566.npy,"(256, 256)",float32,0.0,1.0,0.5899705393923895,0.10561717185998981,,"(128, 128)",float32,0.006801338866353035,1.388118028640747,0.5905975809258734,0.1525437994289515,
000567.npy,"(256, 256)",float32,0.0,1.0,0.624719825430958,0.09838004599250383,,"(128, 128)",float32,0.13546103239059448,1.4175177812576294,0.6253991036637672,0.14045797524114073,
000568.npy,"(256, 256)",float32,0.0,1.0,0.6000139316504232,0.22547621102016002,,"(128, 128)",float32,-0.036076150834560394,1.7797887325286865,0.5983012616369479,0.24554801902160414,
000569.npy,"(256, 256)",float32,0.0,1.0,0.43171286854041124,0.21148446603861742,,"(128, 128)",float32,-0.010304135270416737,1.3780567646026611,0.43180991991187057,0.22365667167850492,
000570.npy,"(256, 256)",float32,0.0,1.0,0.4222453666614743,0.19701705595282473,,"(128, 128)",float32,-0.017931951209902763,1.3481186628341675,0.42140468617023075,0.210905297624715,
000571.npy,"(256, 256)",float32,0.0,1.0,0.4272328633451039,0.2123246377068384,,"(128, 128)",float32,-0.00962809007614851,1.355733036994934,0.4269419033523647,0.22405709560336518,
000572.npy,"(256, 256)",float32,0.0,1.0,0.27739576482372263,0.17930152671453564,,"(128, 128)",float32,-0.029658528044819832,1.0606689453125,0.27786178549783624,0.18850743383777602,
000573.npy,"(256, 256)",float32,0.0,1.0,0.9315113876504313,0.06022499131970887,,"(128, 128)",float32,-0.015321047976613045,1.6755661964416504,0.9314096003373606,0.16727356302456686,
000574.npy,"(256, 256)",float32,0.0,1.0,0.9314958283431451,0.03287924202267093,,"(128, 128)",float32,0.18962790071964264,1.8562557697296143,0.9316162875320515,0.17744205077629083,
000575.npy,"(256, 256)",float32,0.0,1.0,0.9307233694886463,0.033552369509802824,,"(128, 128)",float32,0.029475942254066467,1.7133560180664062,0.9316449791576815,0.16961881833684428,
000576.npy,"(256, 256)",float32,0.0,1.0,0.48902226014267214,0.27802991754546336,,"(128, 128)",float32,-0.009137129411101341,1.6891039609909058,0.48869434668213785,0.29263829185837914,
000577.npy,"(256, 256)",float32,0.0,1.0,0.6630238288296706,0.24218171746850428,,"(128, 128)",float32,0.003393432591110468,1.5306334495544434,0.6630558209490403,0.26197541239878347,
000578.npy,"(256, 256)",float32,0.0,1.0,0.6595975509667724,0.25785435829619774,,"(128, 128)",float32,-0.0006778266397304833,1.7014899253845215,0.6599059876139286,0.28805919726722956,
000579.npy,"(256, 256)",float32,0.0,1.0,0.6451882267353408,0.235737359887517,,"(128, 128)",float32,-0.012726047076284885,1.937700629234314,0.6449674402951366,0.27079788901321855,
000580.npy,"(256, 256)",float32,0.0,1.0,0.6034808464799539,0.2041193817734151,,"(128, 128)",float32,-0.008825830183923244,1.4834438562393188,0.603403883439853,0.2326964564402288,
000581.npy,"(256, 256)",float32,0.0,1.0,0.3783674749929178,0.2319435589523201,,"(128, 128)",float32,-0.005154547747224569,1.2499920129776,0.3782885284501134,0.23953062630253774,
000582.npy,"(256, 256)",float32,0.0,1.0,0.4048439868130558,0.24237194620883712,,"(128, 128)",float32,-0.009053502231836319,1.2778974771499634,0.404715634575739,0.25072315954009716,
000583.npy,"(256, 256)",float32,0.0,1.0,0.4387276851199453,0.23517741595867805,,"(128, 128)",float32,-0.002225881442427635,1.2323310375213623,0.4388299350175231,0.2451341109160734,
000584.npy,"(256, 256)",float32,0.0,1.0,0.36854043882266296,0.14711517029032747,,"(128, 128)",float32,0.08926331251859665,1.3451998233795166,0.36726779907030505,0.1599778142615404,
000585.npy,"(256, 256)",float32,0.0,1.0,0.3923405230848971,0.13201556052956132,,"(128, 128)",float32,0.025836914777755737,1.3353004455566406,0.39142086867741455,0.15057924164959435,
000586.npy,"(256, 256)",float32,0.0,1.0,0.3789284767037202,0.1243777998725866,,"(128, 128)",float32,0.002818650333210826,1.1314561367034912,0.3785712085790891,0.14167284913479475,
000587.npy,"(256, 256)",float32,0.0,1.0,0.38258959320569375,0.12379438610804534,,"(128, 128)",float32,0.04130250960588455,1.111767053604126,0.38235598923415637,0.1397741210140762,
000588.npy,"(256, 256)",float32,0.0,1.0,0.2642844200415855,0.28324119226738,,"(128, 128)",float32,-0.00228452542796731,1.3347663879394531,0.26549370722925025,0.2904252040443973,
000589.npy,"(256, 256)",float32,0.0,1.0,0.5501564585152323,0.1709635455183625,,"(128, 128)",float32,0.04519736394286156,1.6294844150543213,0.5503342259514739,0.20771051459205078,
000590.npy,"(256, 256)",float32,0.0,1.0,0.5111582572770388,0.17074756086050905,,"(128, 128)",float32,-0.016986172646284103,1.4208874702453613,0.510716475424033,0.19234465512159027,
000591.npy,"(256, 256)",float32,0.0,1.0,0.5263376259892851,0.1632295538134976,,"(128, 128)",float32,0.03995489329099655,1.243181586265564,0.5261703884973485,0.18171987223945466,
000592.npy,"(256, 256)",float32,0.0,1.0,0.6150515988231788,0.2432749858317612,,"(128, 128)",float32,-0.0006148206302896142,1.6062730550765991,0.6147570549449242,0.2701843996260825,
000593.npy,"(256, 256)",float32,0.0,1.0,0.5356926227906378,0.16243825895508326,,"(128, 128)",float32,-0.00615173252299428,1.432295799255371,0.5343598494337982,0.18675779965323056,
000594.npy,"(256, 256)",float32,0.0,1.0,0.5128987240594469,0.15813379247371706,,"(128, 128)",float32,0.001184367574751377,1.3464851379394531,0.5130900860067413,0.18019195888424713,
000595.npy,"(256, 256)",float32,0.0,1.0,0.5479516647273774,0.15505458074615713,,"(128, 128)",float32,-0.036057163029909134,1.2963351011276245,0.5471804079438698,0.17656798991625783,
000596.npy,"(256, 256)",float32,0.0,1.0,0.7687809105654386,0.19610713300699673,,"(128, 128)",float32,-0.016126291826367378,1.627084732055664,0.7674784392080483,0.24532105652829952,
000597.npy,"(256, 256)",float32,0.0,1.0,0.507451507296004,0.1005126128231493,,"(128, 128)",float32,-0.0036971739027649164,1.1318480968475342,0.5075932673774242,0.12733987177210482,
000598.npy,"(256, 256)",float32,0.0,1.0,0.33935834713165036,0.12623797596776404,,"(128, 128)",float32,0.003693470498546958,1.076393961906433,0.338919042933,0.13735491069405312,
000599.npy,"(256, 256)",float32,0.0,1.0,0.3391440024260248,0.12589413114596337,,"(128, 128)",float32,-0.0003150810080114752,1.0773271322250366,0.33846203302313604,0.14302913897102737,
000600.npy,"(256, 256)",float32,0.0,1.0,0.4068856412186376,0.3356513830632451,,"(128, 128)",float32,-0.00596017437055707,1.5747621059417725,0.40590718061797304,0.3482297174707521,
000601.npy,"(256, 256)",float32,0.0,1.0,0.20868891160011316,0.27156992804771896,,"(128, 128)",float32,-0.0013263298897072673,1.4107900857925415,0.20889964502350722,0.2778512631059611,
000602.npy,"(256, 256)",float32,0.0,1.0,0.2083366053636535,0.27151974273109186,,"(128, 128)",float32,-0.00785880908370018,1.2963565587997437,0.20824806525096218,0.27815425489745094,
000603.npy,"(256, 256)",float32,0.0,1.0,0.28240450172395515,0.29864856652256205,,"(128, 128)",float32,0.0010122174862772226,1.4388023614883423,0.28223771925122065,0.30444963977137846,
000604.npy,"(256, 256)",float32,0.0,1.0,0.5523037076368436,0.36603857076316615,,"(128, 128)",float32,-0.07303322851657867,1.5129133462905884,0.5539536471193279,0.38657407306874253,
000605.npy,"(256, 256)",float32,0.0,1.0,0.4355890716477646,0.2867442970627605,,"(128, 128)",float32,-0.043267622590065,1.3352024555206299,0.4359131653501578,0.29690525369179355,
000606.npy,"(256, 256)",float32,0.0,1.0,0.4428644757422034,0.2810090604702044,,"(128, 128)",float32,-0.0705687403678894,1.3718926906585693,0.4411315696614402,0.2922784566103579,
000607.npy,"(256, 256)",float32,0.0,1.0,0.44094606602992387,0.3047567431058609,,"(128, 128)",float32,-0.03071209229528904,1.2914307117462158,0.4412491780218184,0.31333304628870184,
000608.npy,"(256, 256)",float32,0.0,1.0,0.39371334148478,0.23286070293479352,,"(128, 128)",float32,0.002062325133010745,1.3488225936889648,0.39351771088261955,0.24444145568239217,
000609.npy,"(256, 256)",float32,0.0,1.0,0.31596352069804823,0.17072349623392313,,"(128, 128)",float32,-0.015365762636065483,1.1754757165908813,0.3165275242190546,0.18075364206688152,
000610.npy,"(256, 256)",float32,0.0,1.0,0.30845350036974395,0.16673701286439124,,"(128, 128)",float32,-0.01332509983330965,1.2489546537399292,0.30821068733431645,0.1785077111403215,
000611.npy,"(256, 256)",float32,0.0,1.0,0.24576952995703039,0.11449852401190524,,"(128, 128)",float32,0.001026465673930943,1.0724678039550781,0.24604687938211356,0.12135073987054538,
000612.npy,"(256, 256)",float32,0.0,1.0,0.2803656657335285,0.17428198903183315,,"(128, 128)",float32,-0.013237567618489265,1.327645182609558,0.27987377169977723,0.18237827486152833,
000613.npy,"(256, 256)",float32,0.0,1.0,0.16383266869068178,0.14545727112267118,,"(128, 128)",float32,-0.042589351534843445,1.2614704370498657,0.16409523723483188,0.14954979976761826,
000614.npy,"(256, 256)",float32,0.0,1.0,0.1642731721100562,0.1454953169444538,,"(128, 128)",float32,-0.03380049765110016,1.1765598058700562,0.16363096599922988,0.14806821031282524,
000615.npy,"(256, 256)",float32,0.0,1.0,0.16395657134903685,0.14509667604287804,,"(128, 128)",float32,-0.028682559728622437,1.3558489084243774,0.16367384362033022,0.14851688553040304,
000616.npy,"(256, 256)",float32,0.0,1.0,0.822113975975693,0.2059707679836311,,"(128, 128)",float32,0.005941146053373814,1.501327395439148,0.8217305097345502,0.24001854864767502,
000617.npy,"(256, 256)",float32,0.0,1.0,0.4584717800897775,0.16240415121161833,,"(128, 128)",float32,-0.020923689007759094,1.4060306549072266,0.45792395856023127,0.1852430986811378,
000618.npy,"(256, 256)",float32,0.0,1.0,0.4712836674160128,0.15387677434036084,,"(128, 128)",float32,-0.004758473951369524,1.1324272155761719,0.47136273073172674,0.16903346963429758,
000619.npy,"(256, 256)",float32,0.0,1.0,0.48007783854265895,0.1459164579496723,,"(128, 128)",float32,-0.0056404247879981995,1.312585473060608,0.4807068959811005,0.16845481156097517,
000620.npy,"(256, 256)",float32,0.0,1.0,0.598401471203962,0.1869025096359001,,"(128, 128)",float32,-0.009521187283098698,1.311398983001709,0.5982274831814216,0.20752216161677248,
000621.npy,"(256, 256)",float32,0.0,1.0,0.5610509208788699,0.11993281153941072,,"(128, 128)",float32,-0.0020830018911510706,1.3095285892486572,0.5617268148283614,0.1542063013193959,
000622.npy,"(256, 256)",float32,0.0,1.0,0.5606243014163965,0.12250678913813487,,"(128, 128)",float32,0.005464336834847927,1.2598066329956055,0.5611653561402932,0.14420480364152963,
000623.npy,"(256, 256)",float32,0.0,1.0,0.5314712297828379,0.11896308340983792,,"(128, 128)",float32,0.00931594893336296,1.2368038892745972,0.53069431586664,0.14350574926306534,
000624.npy,"(256, 256)",float32,0.0,1.0,0.11654507183060894,0.21755588864952127,,"(128, 128)",float32,-0.10917201638221741,1.3974870443344116,0.11639259126087072,0.2204754064280479,
000625.npy,"(256, 256)",float32,0.0,1.0,0.4992749142284836,0.28928681007976303,,"(128, 128)",float32,-0.213240846991539,1.5335807800292969,0.50020500427045,0.2725698657298287,
000626.npy,"(256, 256)",float32,0.0,1.0,0.49946926703930694,0.288578483983425,,"(128, 128)",float32,-0.2200772911310196,1.5356223583221436,0.4978537724393126,0.2666163711626148,
000627.npy,"(256, 256)",float32,0.0,1.0,0.4988991199152128,0.2895338060223249,,"(128, 128)",float32,-0.2291465699672699,1.5912387371063232,0.5015942953304897,0.27180739549799504,
000628.npy,"(256, 256)",float32,0.0,1.0,0.5079298897741218,0.24621216445494595,,"(128, 128)",float32,-0.006818872410804033,1.452712059020996,0.5086079626679441,0.2665637102518296,
000629.npy,"(256, 256)",float32,0.0,1.0,0.5407782200888676,0.16407186732994544,,"(128, 128)",float32,0.0507633201777935,1.436930537223816,0.5395974007294626,0.18141422960667897,
000630.npy,"(256, 256)",float32,0.0,1.0,0.49863799111396645,0.16446784411616325,,"(128, 128)",float32,0.014526600949466228,1.297831416130066,0.4987448049460568,0.18417018402418656,
000631.npy,"(256, 256)",float32,0.0,1.0,0.5261962778010911,0.1649543403867892,,"(128, 128)",float32,-0.0023758618626743555,1.300510287284851,0.5262723356986356,0.18362265119068902,
000632.npy,"(256, 256)",float32,0.0,1.0,0.5363976005182103,0.2143645115920742,,"(128, 128)",float32,-0.004047435708343983,1.5720878839492798,0.5370977178870078,0.2380891813595071,
000633.npy,"(256, 256)",float32,0.0,1.0,0.36137856430998205,0.14628977292799414,,"(128, 128)",float32,-0.0005968371988274157,1.253804326057434,0.36130400618712244,0.16517715156689833,
000634.npy,"(256, 256)",float32,0.0,1.0,0.38071513889364716,0.15131956743780675,,"(128, 128)",float32,-0.003636712208390236,1.164574384689331,0.3799662020093635,0.1618550563006712,
000635.npy,"(256, 256)",float32,0.0,1.0,0.3807122341482181,0.1511158589909137,,"(128, 128)",float32,-0.0053338767029345036,1.1987367868423462,0.3796936840258418,0.16531674123530585,
000636.npy,"(256, 256)",float32,0.0,1.0,0.13670967069096207,0.10931400024188527,,"(128, 128)",float32,-0.015176246874034405,1.2105799913406372,0.1370747931791243,0.11232121547637546,
000637.npy,"(256, 256)",float32,0.0,1.0,0.3700865037455827,0.12435245287155751,,"(128, 128)",float32,0.011560848914086819,1.1596964597702026,0.37022928760831064,0.13599301992376245,
000638.npy,"(256, 256)",float32,0.0,1.0,0.36286506616032277,0.12325870317386306,,"(128, 128)",float32,0.004506542347371578,1.1283423900604248,0.36289322871127183,0.13578586636094236,
000639.npy,"(256, 256)",float32,0.0,1.0,0.3606339158457992,0.1271242989688382,,"(128, 128)",float32,0.006136843468993902,1.2084486484527588,0.3597312383360247,0.14268668010766422,
000640.npy,"(256, 256)",float32,0.0,1.0,0.4775101621023765,0.21390629424143612,,"(128, 128)",float32,-0.012464539147913456,1.7919116020202637,0.47731771362043673,0.23630716944627012,
000641.npy,"(256, 256)",float32,0.0,1.0,0.5600380845851305,0.10129294153133722,,"(128, 128)",float32,0.1105700135231018,1.3235992193222046,0.5595051700920521,0.13252900847031987,
000642.npy,"(256, 256)",float32,0.0,1.0,0.556653121934005,0.10702131408966283,,"(128, 128)",float32,0.09250356256961823,1.206007957458496,0.5563350196312058,0.13034215717645442,
000643.npy,"(256, 256)",float32,0.0,1.0,0.9588308818763949,0.04481996259122371,,"(128, 128)",float32,-0.0065023330971598625,1.6273143291473389,0.9591020184255399,0.14339830181275098,
000644.npy,"(256, 256)",float32,0.0,1.0,0.5782652514479025,0.13441521126662162,,"(128, 128)",float32,-0.00474084448069334,1.2805205583572388,0.578151729627109,0.16230453676211123,
000645.npy,"(256, 256)",float32,0.0,1.0,0.5647427672344918,0.14503626292869676,,"(128, 128)",float32,0.02461559697985649,1.4844974279403687,0.5637736566849298,0.17563390538757306,
000646.npy,"(256, 256)",float32,0.0,1.0,0.5692259092325891,0.15221970903549228,,"(128, 128)",float32,0.0016120612854138017,1.2606182098388672,0.5694205807400081,0.17401899367097115,
000647.npy,"(256, 256)",float32,0.0,1.0,0.5927081008255879,0.13588644660243437,,"(128, 128)",float32,0.021211212500929832,1.512035846710205,0.5918117306449631,0.17634794327019426,
000648.npy,"(256, 256)",float32,0.0,1.0,0.5507784359950874,0.20022448304947027,,"(128, 128)",float32,0.0013279893901199102,1.3620216846466064,0.5509343147660815,0.21766254511364883,
000649.npy,"(256, 256)",float32,0.0,1.0,0.2493160240920752,0.19472342542859872,,"(128, 128)",float32,-0.024524150416254997,1.324572205543518,0.24942169708896547,0.20244305565565937,
000650.npy,"(256, 256)",float32,0.0,1.0,0.26621608564172655,0.1989034325567361,,"(128, 128)",float32,-0.030054016038775444,1.2134735584259033,0.2664613696031626,0.20530398322694873,
000651.npy,"(256, 256)",float32,0.0,1.0,0.24906699564148913,0.1945297002267163,,"(128, 128)",float32,-0.016909852623939514,1.390512466430664,0.24974755370183277,0.20228259797462164,
000652.npy,"(256, 256)",float32,0.0,1.0,0.2484978010832002,0.11006204744623646,,"(128, 128)",float32,0.0016920717898756266,1.2769771814346313,0.24829283272855207,0.11660883102983424,
000653.npy,"(256, 256)",float32,0.0,1.0,0.20007486847829803,0.12920468722003792,,"(128, 128)",float32,-0.0005062899435870349,1.2403628826141357,0.20009860794568723,0.13296863466187991,
000654.npy,"(256, 256)",float32,0.0,1.0,0.195293191920328,0.1289247573555304,,"(128, 128)",float32,-0.007869456894695759,1.3513888120651245,0.1947808128346722,0.1336254540550347,
000655.npy,"(256, 256)",float32,0.0,1.0,0.19367512902512551,0.126867264850582,,"(128, 128)",float32,-0.007267759181559086,1.333127737045288,0.1939247654292009,0.13194365827727947,
000656.npy,"(256, 256)",float32,0.0,1.0,0.48305340319672574,0.24044548895996573,,"(128, 128)",float32,-0.01883697882294655,1.5453823804855347,0.4829143525179518,0.26298386115173344,
000657.npy,"(256, 256)",float32,0.0,1.0,0.7184616723718023,0.21716873487290167,,"(128, 128)",float32,0.011754616163671017,1.7391653060913086,0.7179595857177787,0.24907109620442844,
000658.npy,"(256, 256)",float32,0.0,1.0,0.7205300830431725,0.2167604905528885,,"(128, 128)",float32,0.039047662168741226,1.6929640769958496,0.7212323290557379,0.24740806981553362,
000659.npy,"(256, 256)",float32,0.0,1.0,0.657824834024666,0.21786767470295265,,"(128, 128)",float32,0.04727809131145477,1.5162177085876465,0.6589476969418229,0.2457510772077026,
000660.npy,"(256, 256)",float32,0.0,1.0,0.32632587017260484,0.20107744685715584,,"(128, 128)",float32,0.0002538622939027846,1.3881380558013916,0.3256377908740582,0.21126499659821057,
000661.npy,"(256, 256)",float32,0.0,1.0,0.6280669385484217,0.2691533235821856,,"(128, 128)",float32,0.011626703664660454,1.3303155899047852,0.6282764875019211,0.28765578189711666,
000662.npy,"(256, 256)",float32,0.0,1.0,0.6095511161127973,0.2724774109517892,,"(128, 128)",float32,-0.010514574125409126,1.5725116729736328,0.6089611915742807,0.29422835788980606,
000663.npy,"(256, 256)",float32,0.0,1.0,0.6355162341389899,0.25465634908192575,,"(128, 128)",float32,0.002826450392603874,1.6769864559173584,0.6339933699193807,0.286102085651487,
000664.npy,"(256, 256)",float32,0.0,1.0,0.49635507469898843,0.2822711154652144,,"(128, 128)",float32,-0.12682868540287018,1.5595366954803467,0.4969021680766723,0.2903511431045598,
000665.npy,"(256, 256)",float32,0.0,1.0,0.18387929361043565,0.07331092844073862,,"(128, 128)",float32,0.006328337825834751,1.1519187688827515,0.18405569238734643,0.07921462487938193,
000666.npy,"(256, 256)",float32,0.0,1.0,0.02476957663489819,0.034163425204987816,,"(128, 128)",float32,-0.09840013086795807,0.9436505436897278,0.024789560888869744,0.03334811615393468,
000667.npy,"(256, 256)",float32,0.0,1.0,0.025434010956275566,0.041549120716172,,"(128, 128)",float32,-0.07978273928165436,1.1166377067565918,0.02567686459563956,0.04388351899975893,
000668.npy,"(256, 256)",float32,0.0,1.0,0.5302522804671006,0.18957806265886396,,"(128, 128)",float32,-0.0002776661713141948,1.4242007732391357,0.5300855764945553,0.21481255950269054,
000669.npy,"(256, 256)",float32,0.0,1.0,0.6165672231394597,0.19011521367353404,,"(128, 128)",float32,0.002849818905815482,1.4494704008102417,0.616054293126453,0.2103793153708842,
000670.npy,"(256, 256)",float32,0.0,1.0,0.5717005506598314,0.22625588410605818,,"(128, 128)",float32,-0.0069355727173388,1.37752103805542,0.5718522212679567,0.24461446443266227,
000671.npy,"(256, 256)",float32,0.0,1.0,0.610576145038392,0.18743873996602367,,"(128, 128)",float32,0.002839983906596899,1.3968058824539185,0.6094225186499784,0.21454519745078193,
000672.npy,"(256, 256)",float32,0.0,1.0,0.4061248805653889,0.26554960110893033,,"(128, 128)",float32,-0.054815180599689484,1.3704534769058228,0.4058556532528745,0.2759475837099087,
000673.npy,"(256, 256)",float32,0.0,1.0,0.5031212064060355,0.21427516092426369,,"(128, 128)",float32,-0.00225932733155787,1.4298226833343506,0.503271210289796,0.2299169789205959,
000674.npy,"(256, 256)",float32,0.0,1.0,0.5038032358518407,0.2101314337248637,,"(128, 128)",float32,0.005892215762287378,1.506278157234192,0.5041978447675604,0.23167238901136794,
000675.npy,"(256, 256)",float32,0.0,1.0,0.5099650950202852,0.21372304038610407,,"(128, 128)",float32,-0.010304512456059456,1.3981510400772095,0.5101504427604979,0.2289215039871845,
000676.npy,"(256, 256)",float32,0.0,1.0,0.26005363253974945,0.2584624513749246,,"(128, 128)",float32,-0.08796761184930801,1.4621683359146118,0.2610618299730205,0.26479594817055385,
000677.npy,"(256, 256)",float32,0.0,1.0,0.45993332934396736,0.2382410377357236,,"(128, 128)",float32,-0.1335073709487915,1.7623097896575928,0.4612890832214007,0.2591226439125958,
000678.npy,"(256, 256)",float32,0.0,1.0,0.45990011902708794,0.23825606566011245,,"(128, 128)",float32,-0.08003143221139908,1.630906343460083,0.4600999847494099,0.25216537104502557,
000679.npy,"(256, 256)",float32,0.0,1.0,0.4596966493282332,0.23604705690143796,,"(128, 128)",float32,-0.0850246325135231,1.635837197303772,0.45997502479786156,0.2540394352898848,
000680.npy,"(256, 256)",float32,0.0,1.0,0.3749874195448768,0.28067912032761994,,"(128, 128)",float32,-0.005873244721442461,1.5588891506195068,0.37457709221937385,0.2937829426890313,
000681.npy,"(256, 256)",float32,0.0,1.0,0.3322878704896226,0.2774636940289979,,"(128, 128)",float32,-0.006531505845487118,1.3859385251998901,0.3324830516870847,0.28463170961817175,
000682.npy,"(256, 256)",float32,0.0,1.0,0.3233241532000166,0.27527987368254175,,"(128, 128)",float32,-0.013985062018036842,1.5313689708709717,0.323288343817536,0.2858874258040307,
000683.npy,"(256, 256)",float32,0.0,1.0,0.3287594856094671,0.27362702032585423,,"(128, 128)",float32,-0.018487930297851562,1.416731595993042,0.3289594685669295,0.28245060361323016,
000684.npy,"(256, 256)",float32,0.0,1.0,0.38570757940099165,0.23309847355163177,,"(128, 128)",float32,-0.022836962714791298,1.532440423965454,0.3856585596509158,0.24387522580886412,
000685.npy,"(256, 256)",float32,0.0,1.0,0.5922055324189514,0.24010154199541672,,"(128, 128)",float32,-0.004933293908834457,1.5365962982177734,0.5924769597353015,0.26031611389287196,
000686.npy,"(256, 256)",float32,0.0,1.0,0.6532026830385895,0.24086988200074053,,"(128, 128)",float32,-0.0032519076485186815,1.7168939113616943,0.6527363254163276,0.26970101928414425,
000687.npy,"(256, 256)",float32,0.0,1.0,0.5629590963305802,0.20335877755542034,,"(128, 128)",float32,0.008711653761565685,1.660156011581421,0.5635458156328355,0.22937400858432155,
000688.npy,"(256, 256)",float32,0.0,1.0,0.4845341230923434,0.2929831472646449,,"(128, 128)",float32,-0.022343790158629417,1.4161927700042725,0.48438300640292853,0.30670922008272955,
000689.npy,"(256, 256)",float32,0.0,1.0,0.44785643433583644,0.2406478612051257,,"(128, 128)",float32,-0.0007390977698378265,1.4348227977752686,0.44858173364246845,0.2521998591260253,
000690.npy,"(256, 256)",float32,0.0,1.0,0.45287881607798397,0.23695610811226275,,"(128, 128)",float32,-0.0019144825637340546,1.4272172451019287,0.452454204511052,0.2536263573553138,
000691.npy,"(256, 256)",float32,0.0,1.0,0.4508448400737066,0.23817967734052073,,"(128, 128)",float32,-0.011379650793969631,1.4146122932434082,0.4508381227265522,0.25202833993348867,
000692.npy,"(256, 256)",float32,0.0,1.0,0.5533646642391687,0.31665613380045743,,"(128, 128)",float32,-0.006521617062389851,1.464457631111145,0.552899113509957,0.33174289621306746,
000693.npy,"(256, 256)",float32,0.0,1.0,0.16033838418364255,0.1335396236727807,,"(128, 128)",float32,0.00476352171972394,1.037326693534851,0.16043076873708628,0.13674336025042458,
000694.npy,"(256, 256)",float32,0.0,1.0,0.24430923215964384,0.20060738471081777,,"(128, 128)",float32,0.002746053971350193,1.3286221027374268,0.2440263036658621,0.20582158641898401,
000695.npy,"(256, 256)",float32,0.0,1.0,0.18149696455745,0.16029245134718484,,"(128, 128)",float32,-0.011192375794053078,1.0710595846176147,0.18239378062962253,0.16604351181721463,
000696.npy,"(256, 256)",float32,0.0,1.0,0.5650295111151706,0.16730859321658345,,"(128, 128)",float32,-0.00043216845369897783,1.4389424324035645,0.5650458426560281,0.19897704598019939,
000697.npy,"(256, 256)",float32,0.0,1.0,0.8309015483819024,0.15827239199111126,,"(128, 128)",float32,-0.004780126269906759,1.6775981187820435,0.8321523617857878,0.22706573239040484,
000698.npy,"(256, 256)",float32,0.0,1.0,0.8265350780569576,0.16301665671197932,,"(128, 128)",float32,-0.0018552611581981182,1.6735750436782837,0.8245837483814675,0.21669838396763244,
000699.npy,"(256, 256)",float32,0.0,1.0,0.8499272350220224,0.15654550582217786,,"(128, 128)",float32,-0.009866059757769108,1.6949869394302368,0.8515826089602889,0.21507621595609347,
000700.npy,"(256, 256)",float32,0.0,1.0,0.31256643801954453,0.31801495798782825,,"(128, 128)",float32,0.004981262143701315,1.5757492780685425,0.31408400579002205,0.3268944188110792,
000701.npy,"(256, 256)",float32,0.0,1.0,0.18769572284726088,0.08993267206669252,,"(128, 128)",float32,0.0005234573618508875,1.2104260921478271,0.18738920698688233,0.09601665613125193,
000702.npy,"(256, 256)",float32,0.0,1.0,0.19325816909882576,0.08926417994661694,,"(128, 128)",float32,-0.004800668451935053,0.9841065406799316,0.1930152251510151,0.09260369330922823,
000703.npy,"(256, 256)",float32,0.0,1.0,0.18856999856642176,0.0902720647111245,,"(128, 128)",float32,0.0008745012455619872,1.0507575273513794,0.18864641580856656,0.09774698507220572,
000704.npy,"(256, 256)",float32,0.0,1.0,0.405736151808167,0.29755718718552665,,"(128, 128)",float32,-0.011550084687769413,1.552489161491394,0.4050336732018014,0.31198446363255594,
000705.npy,"(256, 256)",float32,0.0,1.0,0.4138893067509102,0.13468492888222872,,"(128, 128)",float32,0.012276522815227509,1.23219633102417,0.41380886494175684,0.14456535795787448,
000706.npy,"(256, 256)",float32,0.0,1.0,0.41580542771137985,0.1350809537831513,,"(128, 128)",float32,0.00894908793270588,1.1801351308822632,0.41478540717474743,0.1417386462672038,
000707.npy,"(256, 256)",float32,0.0,1.0,0.36743679694864184,0.1246209006124381,,"(128, 128)",float32,0.003310060827061534,1.2991176843643188,0.3674339649025882,0.14033434615050597,
000708.npy,"(256, 256)",float32,0.0,1.0,0.3201993560572589,0.2361786069646203,,"(128, 128)",float32,5.5290587624767795e-05,1.382582664489746,0.3196217883578216,0.2439841454062131,
000709.npy,"(256, 256)",float32,0.0,1.0,0.08286604079328103,0.11320940286698154,,"(128, 128)",float32,-0.017760297283530235,1.0988836288452148,0.082664162181632,0.114558095742823,
000710.npy,"(256, 256)",float32,0.0,1.0,0.0903661706808842,0.1229309793184941,,"(128, 128)",float32,-0.029966946691274643,1.1819736957550049,0.09010938600242212,0.12509498333768135,
000711.npy,"(256, 256)",float32,0.0,1.0,0.09073274504302584,0.12345543975598924,,"(128, 128)",float32,-0.027248281985521317,1.1382055282592773,0.09068675319324096,0.12595775638085216,
000712.npy,"(256, 256)",float32,0.0,1.0,0.31399480658664913,0.27454145705815863,,"(128, 128)",float32,-0.011035958305001259,1.4077366590499878,0.3151341796896334,0.282958130791688,
000713.npy,"(256, 256)",float32,0.0,1.0,0.2580337577025451,0.2360554857851004,,"(128, 128)",float32,-0.006212451960891485,1.2994794845581055,0.257881840099458,0.24105070385118635,
000714.npy,"(256, 256)",float32,0.0,1.0,0.2899436963985509,0.2522504410567525,,"(128, 128)",float32,0.003417286090552807,1.346469759941101,0.2905878582428443,0.25946964786013277,
000715.npy,"(256, 256)",float32,0.0,1.0,0.2806528857040309,0.24765109555680304,,"(128, 128)",float32,-0.0016533664893358946,1.465407371520996,0.2815717721943969,0.25517457695200757,
000716.npy,"(256, 256)",float32,0.0,1.0,0.2827431774023985,0.20713893413670456,,"(128, 128)",float32,-0.015662632882595062,1.4526156187057495,0.28300701042371657,0.21661396014524478,
000717.npy,"(256, 256)",float32,0.0,1.0,0.408651759193674,0.2213300770406634,,"(128, 128)",float32,-0.037320028990507126,1.274643063545227,0.4084579889770339,0.23076694103527712,
000718.npy,"(256, 256)",float32,0.0,1.0,0.39990807330829625,0.21869821506515677,,"(128, 128)",float32,-0.015398080460727215,1.3736793994903564,0.40021105780515853,0.23169928437032422,
000719.npy,"(256, 256)",float32,0.0,1.0,0.40888434869778223,0.21916944116057474,,"(128, 128)",float32,-0.028836704790592194,1.3428720235824585,0.40975578611806895,0.2292416220378855,
000720.npy,"(256, 256)",float32,0.0,1.0,0.29883866576146545,0.16151977354599287,,"(128, 128)",float32,-0.0019945441745221615,1.2939578294754028,0.29934271239326904,0.16772755213869572,
000721.npy,"(256, 256)",float32,0.0,1.0,0.2750597947588531,0.16651393765171218,,"(128, 128)",float32,-0.01480554137378931,1.033979892730713,0.2758470795656227,0.17477634193924788,
000722.npy,"(256, 256)",float32,0.0,1.0,0.26185930752115283,0.16854615307731607,,"(128, 128)",float32,0.0017337334575131536,1.1901788711547852,0.2611175664538976,0.17488980783161825,
000723.npy,"(256, 256)",float32,0.0,1.0,0.26172960918290045,0.16823177401408473,,"(128, 128)",float32,-0.010492509230971336,1.2096678018569946,0.2624215929968692,0.1789471353013617,
000724.npy,"(256, 256)",float32,0.0,1.0,0.25577055720165287,0.10054878906798653,,"(128, 128)",float32,-2.840086744981818e-05,1.0583832263946533,0.2557753863188197,0.10573114681948843,
000725.npy,"(256, 256)",float32,0.0,1.0,0.20501383048597405,0.1274182056425891,,"(128, 128)",float32,-0.06250406801700592,1.089961051940918,0.204655186107642,0.1309044414472131,
000726.npy,"(256, 256)",float32,0.0,1.0,0.20596626834842782,0.12827819438157134,,"(128, 128)",float32,-0.05706808343529701,1.077124834060669,0.20630990676085048,0.13419931831748247,
000727.npy,"(256, 256)",float32,0.0,1.0,0.20371338294174612,0.12769005364696953,,"(128, 128)",float32,-0.038246311247348785,1.1813597679138184,0.2043081337852246,0.1353542235969532,
000728.npy,"(256, 256)",float32,0.0,1.0,0.5294887253341436,0.18866887667424315,,"(128, 128)",float32,0.010897847823798656,1.300736904144287,0.5298740990091915,0.20508408849475854,
000729.npy,"(256, 256)",float32,0.0,1.0,0.5007326903955711,0.2157437329027792,,"(128, 128)",float32,-0.0063264379277825356,1.3562692403793335,0.5012646178378191,0.2396997891519878,
000730.npy,"(256, 256)",float32,0.0,1.0,0.330575452728187,0.15216967969039769,,"(128, 128)",float32,0.005405844654887915,1.328211784362793,0.33056245433780873,0.1641316440398443,
000731.npy,"(256, 256)",float32,0.0,1.0,0.4937026085380478,0.2153134238547344,,"(128, 128)",float32,-0.020683346316218376,1.2309309244155884,0.4939880520718134,0.23091913408315481,
000732.npy,"(256, 256)",float32,0.0,1.0,0.49359422190684654,0.23488234095528598,,"(128, 128)",float32,-0.023753082379698753,1.2828642129898071,0.49521140825092047,0.2474597477628453,
000733.npy,"(256, 256)",float32,0.0,1.0,0.740671231365237,0.07838377950913275,,"(128, 128)",float32,0.09366574883460999,1.2892565727233887,0.7403085263663343,0.13133489095011827,
000734.npy,"(256, 256)",float32,0.0,1.0,0.7442270257726769,0.07764453532483931,,"(128, 128)",float32,-0.039328526705503464,1.546922206878662,0.7441298967174674,0.16468859997318883,
000735.npy,"(256, 256)",float32,0.0,1.0,0.7978930187336744,0.08307887234214072,,"(128, 128)",float32,0.04737626388669014,1.6409130096435547,0.798278249866371,0.1492671773838699,
000736.npy,"(256, 256)",float32,0.0,1.0,0.38502003068646706,0.21487043706220108,,"(128, 128)",float32,-0.004803911782801151,1.4619704484939575,0.38532769115282406,0.22844521684545332,
000737.npy,"(256, 256)",float32,0.0,1.0,0.8688095873328336,0.11409461454329126,,"(128, 128)",float32,0.035398684442043304,1.6459585428237915,0.869589780730621,0.16997965109736204,
000738.npy,"(256, 256)",float32,0.0,1.0,0.6540222590668172,0.2782420472658423,,"(128, 128)",float32,-0.008001798763871193,1.7231791019439697,0.6537894252087142,0.2976807218784782,
000739.npy,"(256, 256)",float32,0.0,1.0,0.6283098860372431,0.2792337309826309,,"(128, 128)",float32,0.01505222823470831,1.7226932048797607,0.6267384112782679,0.3036865033357034,
000740.npy,"(256, 256)",float32,0.0,1.0,0.4226780151510754,0.11218861471641013,,"(128, 128)",float32,-0.006934696808457375,1.3864941596984863,0.422971789106505,0.1354588436612377,
000741.npy,"(256, 256)",float32,0.0,1.0,0.6946214272017599,0.126455947188871,,"(128, 128)",float32,0.012544362805783749,1.352792739868164,0.6949259064398916,0.1639762210155076,
000742.npy,"(256, 256)",float32,0.0,1.0,0.7107611817120514,0.10748397461502428,,"(128, 128)",float32,0.0129504119977355,1.568176031112671,0.7101390695980285,0.1773287621854198,
000743.npy,"(256, 256)",float32,0.0,1.0,0.6912362884116305,0.12625518634825691,,"(128, 128)",float32,0.020911769941449165,1.4281814098358154,0.6910383224156931,0.17720413128078905,
000744.npy,"(256, 256)",float32,0.0,1.0,0.19404354298215054,0.1355550230912319,,"(128, 128)",float32,-0.006195002235472202,1.1073322296142578,0.19375891561551306,0.1391264042292662,
000745.npy,"(256, 256)",float32,0.0,1.0,0.5495875515266491,0.20075749813691346,,"(128, 128)",float32,0.007234192918986082,1.3926784992218018,0.5494541486285414,0.2198569079791832,
000746.npy,"(256, 256)",float32,0.0,1.0,0.5563528076392394,0.19940542751431337,,"(128, 128)",float32,0.0059082359075546265,1.5707536935806274,0.5562294304908733,0.2282378761819034,
000747.npy,"(256, 256)",float32,0.0,1.0,0.5452725458677037,0.1958327680880481,,"(128, 128)",float32,0.016224954277276993,1.4492530822753906,0.5445326404349089,0.21277084468518734,
000748.npy,"(256, 256)",float32,0.0,1.0,0.5145346880534838,0.22094337625482163,,"(128, 128)",float32,-0.00016386805509682745,1.296534538269043,0.5130987572746308,0.23397709134866534,
000749.npy,"(256, 256)",float32,0.0,1.0,0.32481845958629174,0.14852109221498866,,"(128, 128)",float32,-0.009130207821726799,1.0678423643112183,0.3249184538457506,0.1571953957469784,
000750.npy,"(256, 256)",float32,0.0,1.0,0.3157154740033452,0.14966908910167048,,"(128, 128)",float32,0.00711138965561986,1.09221351146698,0.315632793198489,0.15911568330182305,
000751.npy,"(256, 256)",float32,0.0,1.0,0.32543322917696216,0.14686510953471404,,"(128, 128)",float32,-0.000353616924257949,1.1124588251113892,0.3254551656513307,0.15580207910716884,
000752.npy,"(256, 256)",float32,0.0,1.0,0.29189605995576073,0.1258954855775874,,"(128, 128)",float32,0.01676885597407818,1.4303854703903198,0.2918207995476223,0.13893823405526556,
000753.npy,"(256, 256)",float32,0.0,1.0,0.5191163281890567,0.19017156767952648,,"(128, 128)",float32,-0.0013335960684344172,1.581644892692566,0.518766473661465,0.2155607464340302,
000754.npy,"(256, 256)",float32,0.0,1.0,0.4985516235504974,0.18854125507043537,,"(128, 128)",float32,0.010395606979727745,1.4400767087936401,0.4979420745802372,0.21137462321012884,
000755.npy,"(256, 256)",float32,0.0,1.0,0.5010574736289328,0.1985813667769764,,"(128, 128)",float32,0.04019052907824516,1.480697512626648,0.5008870151793872,0.21625015352108892,
000756.npy,"(256, 256)",float32,0.0,1.0,0.2751067675132908,0.15249583826691526,,"(128, 128)",float32,-0.0244766715914011,1.1717056035995483,0.27578137355131466,0.16261111496698183,
000757.npy,"(256, 256)",float32,0.0,1.0,0.3131081491735963,0.27828004605593154,,"(128, 128)",float32,-0.0016227868618443608,1.3678665161132812,0.3141232347216927,0.28782387561996403,
000758.npy,"(256, 256)",float32,0.0,1.0,0.2965150279256221,0.2728223354384993,,"(128, 128)",float32,-0.0006315037608146667,1.4379445314407349,0.2978710932338231,0.2818190240114773,
000759.npy,"(256, 256)",float32,0.0,1.0,0.2567350438008282,0.20456332287771578,,"(128, 128)",float32,-0.016151875257492065,1.2853338718414307,0.25793013081148697,0.2141340180479605,
000760.npy,"(256, 256)",float32,0.0,1.0,0.5778077601851521,0.12975056398314772,,"(128, 128)",float32,0.024958373978734016,1.3138149976730347,0.5776030674520598,0.15784521640193178,
000761.npy,"(256, 256)",float32,0.0,1.0,0.4864235249236799,0.15875746027073287,,"(128, 128)",float32,0.07741506397724152,1.3000285625457764,0.4865015416476126,0.17190259745573044,
000762.npy,"(256, 256)",float32,0.0,1.0,0.4965611578006701,0.15792224290944024,,"(128, 128)",float32,0.08325763791799545,1.3561760187149048,0.49726259346562074,0.18163838524523523,
000763.npy,"(256, 256)",float32,0.0,1.0,0.5079297472166218,0.16366831973210946,,"(128, 128)",float32,0.07096237689256668,1.3101376295089722,0.5085586662289643,0.18326773480331598,
000764.npy,"(256, 256)",float32,0.0,1.0,0.3083371917497111,0.2561806676338845,,"(128, 128)",float32,-0.014653593301773071,1.67788565158844,0.30822241614123413,0.26571051856086497,
000765.npy,"(256, 256)",float32,0.0,1.0,0.2484519717609568,0.22485716223163843,,"(128, 128)",float32,-0.007286412175744772,1.238442063331604,0.24734996679851307,0.22958929642228126,
000766.npy,"(256, 256)",float32,0.0,1.0,0.2529756110244432,0.22664049007020987,,"(128, 128)",float32,-0.012512912042438984,1.201090931892395,0.25260710837938216,0.2340517628247359,
000767.npy,"(256, 256)",float32,0.0,1.0,0.2512147196708092,0.22490337641732627,,"(128, 128)",float32,0.006320763844996691,1.220381736755371,0.24992605293550696,0.23193239134103288,
000768.npy,"(256, 256)",float32,0.0,1.0,0.38814410092369656,0.23314106668918558,,"(128, 128)",float32,-0.05084611475467682,1.4070299863815308,0.389835486355949,0.24490848434047346,
000769.npy,"(256, 256)",float32,0.0,1.0,0.3855160138762841,0.12765741433655642,,"(128, 128)",float32,0.00621112622320652,1.3162528276443481,0.3855080768668131,0.1396519957598486,
000770.npy,"(256, 256)",float32,0.0,1.0,0.38475255555212406,0.125606945865991,,"(128, 128)",float32,-0.0006317162769846618,1.3399856090545654,0.3838434923651626,0.13706874282110168,
000771.npy,"(256, 256)",float32,0.0,1.0,0.39164804458825664,0.12497346845433177,,"(128, 128)",float32,-0.0018471202347427607,1.6894220113754272,0.3911243572489269,0.14285949964570252,
000772.npy,"(256, 256)",float32,0.0,1.0,0.5327160826489425,0.22146627318135462,,"(128, 128)",float32,-0.012150549329817295,1.4168344736099243,0.5319496984469225,0.23783416510063243,
000773.npy,"(256, 256)",float32,0.0,1.0,0.29127930043144346,0.22355791682343668,,"(128, 128)",float32,-0.01628667674958706,1.3949649333953857,0.2915055937832338,0.2331586266935239,
000774.npy,"(256, 256)",float32,0.0,1.0,0.29047501522461694,0.22293689543144443,,"(128, 128)",float32,-0.027266284450888634,1.5001074075698853,0.29134073762621204,0.23452704668517435,
000775.npy,"(256, 256)",float32,0.0,1.0,0.29033153939554707,0.22283567366678997,,"(128, 128)",float32,-0.015307774767279625,1.6463011503219604,0.29110013748121233,0.23498887608426625,
000776.npy,"(256, 256)",float32,0.0,1.0,0.6274915194377089,0.217331751883629,,"(128, 128)",float32,-0.002975242445245385,1.6509780883789062,0.6282614535412989,0.24395964570393866,
000777.npy,"(256, 256)",float32,0.0,1.0,0.6085052010856415,0.14656053567597466,,"(128, 128)",float32,0.0007228045724332333,1.3310178518295288,0.609204533452413,0.18094334270728982,
000778.npy,"(256, 256)",float32,0.0,1.0,0.6145426398915195,0.1538871006415418,,"(128, 128)",float32,-0.007614001631736755,1.6506043672561646,0.615171047509051,0.183768293319402,
000779.npy,"(256, 256)",float32,0.0,1.0,0.6268122250073347,0.1611728900122634,,"(128, 128)",float32,0.0004691187059506774,1.4144501686096191,0.6271028022224172,0.18572329228773574,
000780.npy,"(256, 256)",float32,0.0,1.0,0.36636679217918633,0.2749426791620081,,"(128, 128)",float32,-0.009563581086695194,1.4251868724822998,0.3660668250057418,0.2821122019122724,
000781.npy,"(256, 256)",float32,0.0,1.0,0.47947450629551724,0.1287867721285087,,"(128, 128)",float32,0.0324149951338768,1.2028180360794067,0.47931587210609905,0.15251391047516008,
000782.npy,"(256, 256)",float32,0.0,1.0,0.5003048974682827,0.12525894507922633,,"(128, 128)",float32,0.004237466957420111,1.2641268968582153,0.5002163369298103,0.14473993963848245,
000783.npy,"(256, 256)",float32,0.0,1.0,0.5010071554084163,0.12491829542482781,,"(128, 128)",float32,0.014176543802022934,1.2350404262542725,0.5014452186626386,0.1458991789632032,
000784.npy,"(256, 256)",float32,0.0,1.0,0.4069646937961746,0.3117637631005339,,"(128, 128)",float32,-0.059112343937158585,1.4679685831069946,0.40751322826434794,0.3235487185065876,
000785.npy,"(256, 256)",float32,0.0,1.0,0.10973649525211471,0.12600339073722824,,"(128, 128)",float32,-0.003052760846912861,1.1015729904174805,0.10967739882906091,0.1282715254418511,
000786.npy,"(256, 256)",float32,0.0,1.0,0.11447046598205901,0.12622630255907308,,"(128, 128)",float32,0.0006000749417580664,1.1248806715011597,0.11465333114927745,0.1282659975685807,
000787.npy,"(256, 256)",float32,0.0,1.0,0.13158152527157618,0.15364351269023552,,"(128, 128)",float32,-0.014750801026821136,1.237756371498108,0.13209170155800187,0.15855789230384243,
000788.npy,"(256, 256)",float32,0.0,1.0,0.6009741361026304,0.19326236250091536,,"(128, 128)",float32,0.0006022073212079704,1.500684380531311,0.6016637354704919,0.22153441841188964,
000789.npy,"(256, 256)",float32,0.0,1.0,0.31201539984923166,0.28750872122167176,,"(128, 128)",float32,-0.008079619146883488,1.4768779277801514,0.3122620940197618,0.2968689087188511,
000790.npy,"(256, 256)",float32,0.0,1.0,0.26751382976375093,0.29376826642566306,,"(128, 128)",float32,-0.00472006481140852,1.458602786064148,0.2679146239264316,0.30101749529763383,
000791.npy,"(256, 256)",float32,0.0,1.0,0.32931451726022454,0.2871673003303099,,"(128, 128)",float32,-0.0035139445681124926,1.4122425317764282,0.33034775288637563,0.29624503536491137,
000792.npy,"(256, 256)",float32,0.0,1.0,0.6959601709070853,0.17486891635245583,,"(128, 128)",float32,0.030857566744089127,1.6342521905899048,0.6941555751816395,0.22204471050636376,
000793.npy,"(256, 256)",float32,0.0,1.0,0.36270917446858064,0.11596624874017555,,"(128, 128)",float32,-0.0028292853385210037,0.9758338928222656,0.3627145908626179,0.12970962653303686,
000794.npy,"(256, 256)",float32,0.0,1.0,0.35907566165956695,0.11216933276732644,,"(128, 128)",float32,-0.009522336535155773,1.048816204071045,0.35904113586776987,0.12703191219786106,
000795.npy,"(256, 256)",float32,0.0,1.0,0.32692027802571744,0.11244989675053242,,"(128, 128)",float32,-0.006832352839410305,1.322056531906128,0.3273482069571436,0.1247374877659918,
000796.npy,"(256, 256)",float32,0.0,1.0,0.8702376984113869,0.05828548699324346,,"(128, 128)",float32,0.03779962658882141,1.549638032913208,0.8695209721213359,0.150910210777166,
000797.npy,"(256, 256)",float32,0.0,1.0,0.09286069294512725,0.09877290007902588,,"(128, 128)",float32,-0.008628872223198414,0.7581371068954468,0.09368617882445299,0.10216791837009848,
000798.npy,"(256, 256)",float32,0.0,1.0,0.10346816066838849,0.10845090999490799,,"(128, 128)",float32,-0.008716998621821404,0.9414629936218262,0.10341291567866234,0.11037933508603845,
000799.npy,"(256, 256)",float32,0.0,1.0,0.11261866747347327,0.1238768118777497,,"(128, 128)",float32,-0.0157352015376091,1.1982249021530151,0.11295678313849411,0.12725154655575924,
000800.npy,"(256, 256)",float32,0.0,1.0,0.4985179473477075,0.14181185798363896,,"(128, 128)",float32,0.05845757573843002,1.4186699390411377,0.49843695006939015,0.16114860201467493,
000801.npy,"(256, 256)",float32,0.0,1.0,0.6176051105877889,0.25509347122322223,,"(128, 128)",float32,0.00998407881706953,1.5258160829544067,0.6175911230761812,0.2762561300521163,
000802.npy,"(256, 256)",float32,0.0,1.0,0.6354322381074227,0.2068028606613542,,"(128, 128)",float32,0.0008931178017519414,1.4432837963104248,0.6353840733119078,0.23871180483538496,
000803.npy,"(256, 256)",float32,0.0,1.0,0.6023524254134891,0.2410148495601584,,"(128, 128)",float32,0.00584256649017334,1.5436813831329346,0.6029190538617115,0.26503581452604785,
000804.npy,"(256, 256)",float32,0.0,1.0,0.3875155414840594,0.18716646787575475,,"(128, 128)",float32,0.0006654983735643327,1.4477274417877197,0.38852231863335973,0.200656241105104,
000805.npy,"(256, 256)",float32,0.0,1.0,0.1675200130922878,0.1876813401205661,,"(128, 128)",float32,-0.007388176862150431,1.4451824426651,0.16874673540270635,0.1939412991688807,
000806.npy,"(256, 256)",float32,0.0,1.0,0.25086096153840653,0.2591429132705479,,"(128, 128)",float32,-0.012244739569723606,1.528356909751892,0.2515795844876827,0.2674637716357063,
000807.npy,"(256, 256)",float32,0.0,1.0,0.2327148295376409,0.24717736931405623,,"(128, 128)",float32,-0.01781686767935753,1.5023912191390991,0.2337785542279316,0.25634334427452177,
000808.npy,"(256, 256)",float32,0.0,1.0,0.12054936274027739,0.10599237015761684,,"(128, 128)",float32,-0.007009314838796854,1.0407425165176392,0.12058866740343,0.10886425987530225,
000809.npy,"(256, 256)",float32,0.0,1.0,0.9058740956655811,0.16014450780171496,,"(128, 128)",float32,0.04316201061010361,1.6363639831542969,0.9061158219283243,0.2078483649248157,
000810.npy,"(256, 256)",float32,0.0,1.0,0.9163704462769933,0.13442580634900084,,"(128, 128)",float32,0.014825399965047836,1.717503309249878,0.91523985536287,0.21308269347745154,
000811.npy,"(256, 256)",float32,0.0,1.0,0.8691769947858923,0.20022649499747805,,"(128, 128)",float32,-0.02142798714339733,1.6159849166870117,0.869589168448897,0.24321502949722731,
000812.npy,"(256, 256)",float32,0.0,1.0,0.1460967455444876,0.15654198610663506,,"(128, 128)",float32,-0.009019247256219387,1.1944420337677002,0.14632360663352043,0.16025527450621266,
000813.npy,"(256, 256)",float32,0.0,1.0,0.2728771262113499,0.23023432524641455,,"(128, 128)",float32,-0.017103344202041626,1.2602288722991943,0.2725675321601385,0.2346538365950297,
000814.npy,"(256, 256)",float32,0.0,1.0,0.269385729201183,0.2271905953836184,,"(128, 128)",float32,-0.01547172013670206,1.2880488634109497,0.26929079392059474,0.23251202753981468,
000815.npy,"(256, 256)",float32,0.0,1.0,0.2984545641448931,0.2215895877130041,,"(128, 128)",float32,-0.028160950168967247,1.2797173261642456,0.29808859274504357,0.22792821041654068,
000816.npy,"(256, 256)",float32,0.0,1.0,0.36910845605885,0.09096253723518212,,"(128, 128)",float32,-0.014048396609723568,1.1265344619750977,0.3685322085016942,0.10922884230743461,
000817.npy,"(256, 256)",float32,0.0,1.0,0.3126463614307795,0.16834976531939957,,"(128, 128)",float32,0.00041927871643565595,1.1886487007141113,0.3127300146123897,0.17404779415214514,
000818.npy,"(256, 256)",float32,0.0,1.0,0.3549295809529571,0.17887198839597204,,"(128, 128)",float32,0.0056395744904875755,1.1446735858917236,0.3553108364600348,0.1859329348384936,
000819.npy,"(256, 256)",float32,0.0,1.0,0.3777294252393299,0.17389631491744906,,"(128, 128)",float32,0.006328923162072897,1.257087230682373,0.3783260073609256,0.1818333771533008,
000820.npy,"(256, 256)",float32,0.0,1.0,0.6102506326768168,0.236711251073581,,"(128, 128)",float32,-0.0033631010446697474,1.6851592063903809,0.6096934674878911,0.2569849705596167,
000821.npy,"(256, 256)",float32,0.0,1.0,0.04907997750650081,0.07275551140019948,,"(128, 128)",float32,-0.028136830776929855,1.108749270439148,0.04904475327457193,0.07476130614941875,
000822.npy,"(256, 256)",float32,0.0,1.0,0.06879434130827401,0.08577930176521681,,"(128, 128)",float32,-0.032247819006443024,1.1284816265106201,0.06886325159843353,0.08863624547454546,
000823.npy,"(256, 256)",float32,0.0,1.0,0.05518644450579312,0.07934447270119101,,"(128, 128)",float32,-0.027254806831479073,1.1526824235916138,0.05503097088521298,0.08068993777065121,
000824.npy,"(256, 256)",float32,0.0,1.0,0.41267498437733785,0.14408730822205984,,"(128, 128)",float32,-0.002921024104580283,1.4241081476211548,0.41217705316093145,0.1617907159300757,
000825.npy,"(256, 256)",float32,0.0,1.0,0.18515602330809955,0.1687860965590463,,"(128, 128)",float32,0.0026599932461977005,1.268676996231079,0.18509467202730434,0.17422410545101183,
000826.npy,"(256, 256)",float32,0.0,1.0,0.18864191668436092,0.17378264478427782,,"(128, 128)",float32,-0.0026826325338333845,1.263013482093811,0.1887644555520609,0.17754502590511495,
000827.npy,"(256, 256)",float32,0.0,1.0,0.14330622393009662,0.12062356048785468,,"(128, 128)",float32,-0.006039605475962162,1.2952468395233154,0.1433392457083239,0.12521516850616396,
000828.npy,"(256, 256)",float32,0.0,1.0,0.589147114988041,0.2546036996268933,,"(128, 128)",float32,3.418192363824346e-06,1.7019413709640503,0.5898231289624792,0.2829932340361634,
000829.npy,"(256, 256)",float32,0.0,1.0,0.33000657385498755,0.05078921444585298,,"(128, 128)",float32,0.00922573171555996,1.0094658136367798,0.33023386591946746,0.07306473641489587,
000830.npy,"(256, 256)",float32,0.0,1.0,0.3307183319464997,0.04881801542862382,,"(128, 128)",float32,0.025298461318016052,1.096024990081787,0.33049815468575616,0.07055692975503054,
000831.npy,"(256, 256)",float32,0.0,1.0,0.3785681620585706,0.058354764596577374,,"(128, 128)",float32,0.01821901462972164,1.1103410720825195,0.37826576993154504,0.08074962129692728,
000832.npy,"(256, 256)",float32,0.0,1.0,0.49451143525533325,0.20254958156705347,,"(128, 128)",float32,0.010182058438658714,1.3581804037094116,0.49435141912277913,0.21778149632413266,
000833.npy,"(256, 256)",float32,0.0,1.0,0.38255312601204317,0.26541776092455394,,"(128, 128)",float32,-0.027320366352796555,1.4424209594726562,0.38184621960223364,0.27763165810859025,
000834.npy,"(256, 256)",float32,0.0,1.0,0.31808343623439406,0.266687707731763,,"(128, 128)",float32,-0.06773964315652847,1.5882619619369507,0.318001564828696,0.2765052752346679,
000835.npy,"(256, 256)",float32,0.0,1.0,0.34394896676910136,0.26254102113194805,,"(128, 128)",float32,-0.014620188623666763,1.4069401025772095,0.3439667777091716,0.2693728471926249,
000836.npy,"(256, 256)",float32,0.0,1.0,0.1774794180245749,0.10749045742689926,,"(128, 128)",float32,-0.004156612791121006,0.8794263601303101,0.17793294699043827,0.11140783186737059,
000837.npy,"(256, 256)",float32,0.0,1.0,0.19390199742308045,0.16148755890189864,,"(128, 128)",float32,-0.0004814009298570454,1.2699247598648071,0.1942063124804001,0.16567892646470594,
000838.npy,"(256, 256)",float32,0.0,1.0,0.1619169340380926,0.11522434933726218,,"(128, 128)",float32,-0.0004916206235066056,1.0002732276916504,0.16211907114079338,0.1197295825806088,
000839.npy,"(256, 256)",float32,0.0,1.0,0.16708577148672177,0.12453522983393042,,"(128, 128)",float32,-0.002988004358485341,1.3260031938552856,0.1678231759474027,0.13161869634484508,
000840.npy,"(256, 256)",float32,0.0,1.0,0.37900591303518905,0.24817414847434566,,"(128, 128)",float32,-0.017027566209435463,1.2478307485580444,0.37858153965680097,0.25669593638587396,
000841.npy,"(256, 256)",float32,0.0,1.0,0.501944134998022,0.3235849816210467,,"(128, 128)",float32,0.002857911167666316,1.742374062538147,0.5022539580040899,0.33865766260484503,
000842.npy,"(256, 256)",float32,0.0,1.0,0.3928807608337035,0.2747339791014422,,"(128, 128)",float32,-0.007445157039910555,1.5082446336746216,0.3923061086525461,0.28317208292257395,
000843.npy,"(256, 256)",float32,0.0,1.0,0.5221715331573229,0.3266969257296286,,"(128, 128)",float32,-0.01322480384260416,1.7988280057907104,0.5212137752722725,0.34314167847834276,
000844.npy,"(256, 256)",float32,0.0,1.0,0.3627497634056809,0.1532161439162197,,"(128, 128)",float32,0.00741823622956872,1.2210973501205444,0.3618294369921955,0.16978573201313932,
000845.npy,"(256, 256)",float32,0.0,1.0,0.1547481076341275,0.1665699547232464,,"(128, 128)",float32,-0.0009004063904285431,1.4177759885787964,0.15545060355034934,0.1735294158638485,
000846.npy,"(256, 256)",float32,0.0,1.0,0.11185420858448895,0.14060879205096197,,"(128, 128)",float32,-0.01012017298489809,1.173029899597168,0.11261918645902758,0.14474118041927952,
000847.npy,"(256, 256)",float32,0.0,1.0,0.15477299932130428,0.1665019450051443,,"(128, 128)",float32,-0.021327465772628784,1.1959604024887085,0.1549223435363304,0.17068449286591852,
000848.npy,"(256, 256)",float32,0.0,1.0,0.5550410768781262,0.35344853098910245,,"(128, 128)",float32,0.0060698483139276505,1.699950098991394,0.5547672131269508,0.3740849347318147,
000849.npy,"(256, 256)",float32,0.0,1.0,0.34481854945634516,0.24934808349721463,,"(128, 128)",float32,-0.018729783594608307,1.3529733419418335,0.3453933038602221,0.25896459673815636,
000850.npy,"(256, 256)",float32,0.0,1.0,0.36134569441435804,0.24606487647002845,,"(128, 128)",float32,-0.022006826475262642,1.2887715101242065,0.36100719663233694,0.25526730534206815,
000851.npy,"(256, 256)",float32,0.0,1.0,0.338595224225811,0.2493914932862454,,"(128, 128)",float32,-0.00010265700257150456,1.3896020650863647,0.33799447188669307,0.25697099290503966,
000852.npy,"(256, 256)",float32,0.0,1.0,0.19583338203381184,0.20373620812203727,,"(128, 128)",float32,-0.05674993246793747,1.3554259538650513,0.19623788138043796,0.20718144161727156,
000853.npy,"(256, 256)",float32,0.0,1.0,0.4120914162128283,0.2451387541044548,,"(128, 128)",float32,-0.06742119044065475,1.539214849472046,0.41135346397143513,0.25837844764842327,
000854.npy,"(256, 256)",float32,0.0,1.0,0.40061469404032324,0.22392152368323204,,"(128, 128)",float32,-0.1108742281794548,1.3100253343582153,0.40063079537016044,0.231548014289204,
000855.npy,"(256, 256)",float32,0.0,1.0,0.36768477537660865,0.21699374622173545,,"(128, 128)",float32,-0.060929231345653534,1.4499216079711914,0.36936247280345036,0.22956669308295405,
000856.npy,"(256, 256)",float32,0.0,1.0,0.47458426831321354,0.2211366069837404,,"(128, 128)",float32,-0.058388542383909225,1.5250111818313599,0.47503836122621124,0.24158081548515362,
000857.npy,"(256, 256)",float32,0.0,1.0,0.6311128950118388,0.16285443962874438,,"(128, 128)",float32,-0.008240805007517338,1.3835939168930054,0.6300868079353563,0.19477217881154904,
000858.npy,"(256, 256)",float32,0.0,1.0,0.5916055399690663,0.1557518274584177,,"(128, 128)",float32,-0.0025292271748185158,1.3879754543304443,0.5904193610455764,0.19216585452085236,
000859.npy,"(256, 256)",float32,0.0,1.0,0.570292728545061,0.151416119509127,,"(128, 128)",float32,0.00132917077280581,1.2116698026657104,0.5705228471767398,0.17244189520275338,
000860.npy,"(256, 256)",float32,0.0,1.0,0.23617183076224424,0.24899245230525408,,"(128, 128)",float32,-0.01754838228225708,1.4544031620025635,0.23849696272547188,0.2567064505273106,
000861.npy,"(256, 256)",float32,0.0,1.0,0.6878969111453745,0.22406529472459236,,"(128, 128)",float32,-0.0051680514588952065,1.6385090351104736,0.6874341959634762,0.2577067040822706,
000862.npy,"(256, 256)",float32,0.0,1.0,0.6478912238805687,0.22267810336294394,,"(128, 128)",float32,0.00810989085584879,1.4282114505767822,0.6476007552093392,0.24557349626463082,
000863.npy,"(256, 256)",float32,0.0,1.0,0.6497655819463084,0.2227237075704328,,"(128, 128)",float32,0.014568617567420006,1.6836981773376465,0.6502044800084832,0.25830478248582983,
000864.npy,"(256, 256)",float32,0.0,1.0,0.5188687902717248,0.2683511584547404,,"(128, 128)",float32,-0.0055945860221982,1.6244087219238281,0.5197301812386854,0.28369323077644465,
000865.npy,"(256, 256)",float32,0.0,1.0,0.5306105709966893,0.15826888262959243,,"(128, 128)",float32,0.003065195633098483,1.4590446949005127,0.5307984882757779,0.19051222529655562,
000866.npy,"(256, 256)",float32,0.0,1.0,0.5284365858037177,0.16117455187488738,,"(128, 128)",float32,0.0050586857832968235,1.4224557876586914,0.5290243051902337,0.18424509865672065,
000867.npy,"(256, 256)",float32,0.0,1.0,0.5416850567164673,0.1667698484537032,,"(128, 128)",float32,0.030212365090847015,1.356297492980957,0.5418040082620337,0.18992634376064355,
000868.npy,"(256, 256)",float32,0.0,1.0,0.31274083987895196,0.24599596898611967,,"(128, 128)",float32,-0.00291244825348258,1.4126988649368286,0.31289746567898824,0.2511784012293187,
000869.npy,"(256, 256)",float32,0.0,1.0,0.48707117979287773,0.1628125172770999,,"(128, 128)",float32,0.018515946343541145,1.505208969116211,0.4868888405381995,0.18899700713922488,
000870.npy,"(256, 256)",float32,0.0,1.0,0.4838562810373759,0.16147732243830484,,"(128, 128)",float32,0.012747841887176037,1.2352672815322876,0.4834050643914338,0.17810801651100286,
000871.npy,"(256, 256)",float32,0.0,1.0,0.5222265548907379,0.1612495469606271,,"(128, 128)",float32,0.03819684684276581,1.5066550970077515,0.5223448330343672,0.18780950028985963,
000872.npy,"(256, 256)",float32,0.0,1.0,0.46753359807584616,0.22482414059469424,,"(128, 128)",float32,0.0196019746363163,1.612549901008606,0.4680591533322058,0.2379712566087095,
000873.npy,"(256, 256)",float32,0.0,1.0,0.38838255323289417,0.14155772955455015,,"(128, 128)",float32,-0.007317049894481897,1.6552314758300781,0.3887745451902731,0.15677261334714104,
000874.npy,"(256, 256)",float32,0.0,1.0,0.3778394378109198,0.12273387931277334,,"(128, 128)",float32,-0.0011759332846850157,1.4340879917144775,0.37798069476964713,0.1457186248739058,
000875.npy,"(256, 256)",float32,0.0,1.0,0.37519905902265904,0.11891936747390662,,"(128, 128)",float32,-0.007273503113538027,1.5245063304901123,0.37580114680355337,0.1360090130103843,
000876.npy,"(256, 256)",float32,0.0,1.0,0.36051672553135594,0.22151635565559175,,"(128, 128)",float32,-0.010675610974431038,1.4906538724899292,0.36017388740935086,0.2334835847978425,
000877.npy,"(256, 256)",float32,0.0,1.0,0.26309511707877675,0.11785801960938819,,"(128, 128)",float32,0.009735704399645329,1.3092299699783325,0.26328317116929156,0.12952578813098323,
000878.npy,"(256, 256)",float32,0.0,1.0,0.26711743647899766,0.11953955913425789,,"(128, 128)",float32,0.0032643061131238937,1.2979378700256348,0.2676635733754722,0.12694550814676409,
000879.npy,"(256, 256)",float32,0.0,1.0,0.2515750369591494,0.11414226541348817,,"(128, 128)",float32,-0.0014861776726320386,1.2366024255752563,0.2514054389136513,0.12211927832642065,
000880.npy,"(256, 256)",float32,0.0,1.0,0.4870754005043807,0.22937947412941612,,"(128, 128)",float32,0.04146719351410866,1.3617370128631592,0.4865646329419633,0.24221975111034016,
000881.npy,"(256, 256)",float32,0.0,1.0,0.37034470903787486,0.17058176631787547,,"(128, 128)",float32,-0.0016439153114333749,1.3419599533081055,0.3711337897710436,0.1856133906549767,
000882.npy,"(256, 256)",float32,0.0,1.0,0.3585751044510417,0.16821435086075742,,"(128, 128)",float32,-0.006529323756694794,1.2179445028305054,0.3584648541335298,0.17846195939620438,
000883.npy,"(256, 256)",float32,0.0,1.0,0.3565056384261638,0.17086564892690342,,"(128, 128)",float32,-0.004783404991030693,1.2034649848937988,0.3569394497118452,0.1819038167916119,
000884.npy,"(256, 256)",float32,0.0,1.0,0.1044239295234739,0.04190976799707239,,"(128, 128)",float32,-0.010343719273805618,1.0497784614562988,0.1044441249487793,0.046171022795721314,
000885.npy,"(256, 256)",float32,0.0,1.0,0.23286111895656703,0.16864593752279602,,"(128, 128)",float32,0.002283974550664425,1.2711445093154907,0.23239833525894937,0.1739548598832564,
000886.npy,"(256, 256)",float32,0.0,1.0,0.16096844584679104,0.1675801517704046,,"(128, 128)",float32,-0.014723122119903564,1.2554067373275757,0.16094994587748257,0.17261947088981658,
000887.npy,"(256, 256)",float32,0.0,1.0,0.19636505414578664,0.15870676480962664,,"(128, 128)",float32,0.0084391413256526,1.2429412603378296,0.19613606310190335,0.16340976032124058,
000888.npy,"(256, 256)",float32,0.0,1.0,0.5443218244198036,0.19256632681839045,,"(128, 128)",float32,0.008031794801354408,1.671017050743103,0.5441055132927204,0.22393104529432872,
000889.npy,"(256, 256)",float32,0.0,1.0,0.7692680341006599,0.30046255387061827,,"(128, 128)",float32,-0.0032432563602924347,1.8370312452316284,0.7685583738368962,0.33382129816858347,
000890.npy,"(256, 256)",float32,0.0,1.0,0.8186793648060735,0.2619671767069415,,"(128, 128)",float32,-0.0005456677754409611,1.6933482885360718,0.8183086241992363,0.2982536635304541,
000891.npy,"(256, 256)",float32,0.0,1.0,0.7486163438256206,0.31803229667609234,,"(128, 128)",float32,0.0005513992509804666,1.645802617073059,0.7489692078637766,0.33963205315070527,
000892.npy,"(256, 256)",float32,0.0,1.0,0.435506616362602,0.17056179408782726,,"(128, 128)",float32,-0.0005135737010277808,1.2008501291275024,0.43554461413258316,0.1851239272680591,
000893.npy,"(256, 256)",float32,0.0,1.0,0.5684474717033936,0.06020721721937112,,"(128, 128)",float32,0.03011462464928627,1.2533726692199707,0.569311110507897,0.10108300292692908,
000894.npy,"(256, 256)",float32,0.0,1.0,0.5770054382666245,0.08289594908071048,,"(128, 128)",float32,-0.0045900349505245686,1.3279118537902832,0.577783706178451,0.12343159960384581,
000895.npy,"(256, 256)",float32,0.0,1.0,0.5755087907382261,0.09248507304802017,,"(128, 128)",float32,0.007139500696212053,1.3917789459228516,0.5759456168715076,0.13567183922342507,
000896.npy,"(256, 256)",float32,0.0,1.0,0.5819498711626812,0.23841407253598454,,"(128, 128)",float32,-0.00399022875353694,1.3064793348312378,0.5809326279676892,0.25511183293351175,
000897.npy,"(256, 256)",float32,0.0,1.0,0.6566035399453511,0.2557959668626043,,"(128, 128)",float32,0.009700236842036247,1.4704713821411133,0.656682169992223,0.2795244177148055,
000898.npy,"(256, 256)",float32,0.0,1.0,0.7213341023972042,0.23107317620790352,,"(128, 128)",float32,-0.0010635553626343608,1.3761335611343384,0.7225877281264061,0.25654421977459363,
000899.npy,"(256, 256)",float32,0.0,1.0,0.7177864459744328,0.22736154468583997,,"(128, 128)",float32,0.010354767553508282,1.3831050395965576,0.7176605749869509,0.24992530979507238,
000900.npy,"(256, 256)",float32,0.0,1.0,0.45748591569108044,0.12670840503311387,,"(128, 128)",float32,0.05768106132745743,1.2926729917526245,0.45822838158483137,0.14738977628297648,
000901.npy,"(256, 256)",float32,0.0,1.0,0.16127904910497515,0.16953546195615468,,"(128, 128)",float32,-0.039755113422870636,1.615830898284912,0.16144863025547357,0.17516115618867725,
000902.npy,"(256, 256)",float32,0.0,1.0,0.19076722720933026,0.1738666272619472,,"(128, 128)",float32,-0.04012545570731163,1.8324249982833862,0.19046365654573175,0.1790597783434298,
000903.npy,"(256, 256)",float32,0.0,1.0,0.15339812628723665,0.1685953292883342,,"(128, 128)",float32,-0.055275093764066696,1.2335779666900635,0.15347976101232436,0.17245288586001886,
000904.npy,"(256, 256)",float32,0.0,1.0,0.265552679877322,0.23279348532740485,,"(128, 128)",float32,-0.012885632924735546,1.4891371726989746,0.2653373904837001,0.24040039954181672,
000905.npy,"(256, 256)",float32,0.0,1.0,0.695821330094816,0.07174595188506752,,"(128, 128)",float32,0.059943150728940964,1.5922014713287354,0.6963355208392841,0.1477906063446998,
000906.npy,"(256, 256)",float32,0.0,1.0,0.9000445287914403,0.06653195512004503,,"(128, 128)",float32,0.010209157131612301,1.5738787651062012,0.8997422713495666,0.14993190417716604,
000907.npy,"(256, 256)",float32,0.0,1.0,0.7751145828889321,0.05681079892629673,,"(128, 128)",float32,-0.000918107049074024,1.4105560779571533,0.7758311824289912,0.12648524504002154,
000908.npy,"(256, 256)",float32,0.0,1.0,0.2731902343569317,0.19677137396363706,,"(128, 128)",float32,0.0004453355213627219,1.2513883113861084,0.2736000993254706,0.20289144103506015,
000909.npy,"(256, 256)",float32,0.0,1.0,0.23732755080246193,0.1614329922473202,,"(128, 128)",float32,-0.0010108622955158353,1.2993946075439453,0.23760781637263761,0.17100035770607389,
000910.npy,"(256, 256)",float32,0.0,1.0,0.21521093779450418,0.13383905027987078,,"(128, 128)",float32,-0.0036736878100782633,1.2361947298049927,0.21510997357446637,0.13979673059639272,
000911.npy,"(256, 256)",float32,0.0,1.0,0.23487865813041964,0.1546563813768832,,"(128, 128)",float32,0.005872830748558044,1.2436774969100952,0.23492729179463367,0.1600948915407927,
000912.npy,"(256, 256)",float32,0.0,1.0,0.6665768940670205,0.18386782624966205,,"(128, 128)",float32,0.034215234220027924,1.6673195362091064,0.6680541827281559,0.22529732075253991,
000913.npy,"(256, 256)",float32,0.0,1.0,0.33762698057022045,0.1779303685559323,,"(128, 128)",float32,-0.014496500603854656,1.1616346836090088,0.33721310405237626,0.19038860403819266,
000914.npy,"(256, 256)",float32,0.0,1.0,0.34208788365762427,0.1797726264794409,,"(128, 128)",float32,-0.03219744563102722,1.1909631490707397,0.3413868883341422,0.1893584006788476,
000915.npy,"(256, 256)",float32,0.0,1.0,0.32889547722860324,0.1783893180751437,,"(128, 128)",float32,-0.019213253632187843,1.1902077198028564,0.32880966563360703,0.18547380114859158,
000916.npy,"(256, 256)",float32,0.0,1.0,0.41462496851389596,0.16992286336920392,,"(128, 128)",float32,-0.03369346261024475,1.2750158309936523,0.41454617861451837,0.18503782310676847,
000917.npy,"(256, 256)",float32,0.0,1.0,0.5575083301021451,0.11884834231558329,,"(128, 128)",float32,-0.01524724904447794,1.143620491027832,0.5578916443714093,0.14474472948872374,
000918.npy,"(256, 256)",float32,0.0,1.0,0.5628554706637132,0.11916605508097795,,"(128, 128)",float32,-0.012417851015925407,1.1384323835372925,0.5623432314135357,0.14430929938909154,
000919.npy,"(256, 256)",float32,0.0,1.0,0.5505047908839771,0.11915827494327513,,"(128, 128)",float32,0.024679897353053093,1.1938660144805908,0.5508258668947974,0.15306141304855167,
000920.npy,"(256, 256)",float32,0.0,1.0,0.11736465882430203,0.10958142256004727,,"(128, 128)",float32,-0.02022424340248108,1.0488632917404175,0.11725029143615373,0.11215714900557015,
000921.npy,"(256, 256)",float32,0.0,1.0,0.39724768087674533,0.23135163625271182,,"(128, 128)",float32,-0.0396784208714962,1.3331917524337769,0.39781118210635213,0.240703478681665,
000922.npy,"(256, 256)",float32,0.0,1.0,0.39630034571548833,0.24567998716105002,,"(128, 128)",float32,0.0063161225989460945,1.606774926185608,0.3977974464451677,0.2585442201259574,
000923.npy,"(256, 256)",float32,0.0,1.0,0.40240758990144343,0.23307742490154434,,"(128, 128)",float32,-0.031214943155646324,1.5205423831939697,0.40220223295304436,0.24530265393306777,
000924.npy,"(256, 256)",float32,0.0,1.0,0.6774960067077203,0.4043781646465884,,"(128, 128)",float32,-0.003970525227487087,1.5866286754608154,0.6763179450528076,0.4208387321719836,
000925.npy,"(256, 256)",float32,0.0,1.0,0.20413036142936125,0.13511490330022488,,"(128, 128)",float32,0.011980963870882988,1.2167627811431885,0.2046199594412883,0.1414636202135138,
000926.npy,"(256, 256)",float32,0.0,1.0,0.1988682887902664,0.13157770667063418,,"(128, 128)",float32,-0.007534210570156574,1.1497642993927002,0.19965558400150485,0.13953335736600783,
000927.npy,"(256, 256)",float32,0.0,1.0,0.19519987743040979,0.12937966555904984,,"(128, 128)",float32,-0.00021932068921159953,1.1864385604858398,0.19588004232145995,0.13485239832227824,
000928.npy,"(256, 256)",float32,0.0,1.0,0.7271607309280768,0.12553087765190588,,"(128, 128)",float32,0.011680434457957745,1.5466923713684082,0.7279822236834548,0.17864192984303415,
000929.npy,"(256, 256)",float32,0.0,1.0,0.6315888261628118,0.16940841707399631,,"(128, 128)",float32,0.016546426340937614,1.7534300088882446,0.6323799409120738,0.2091574613116732,
000930.npy,"(256, 256)",float32,0.0,1.0,0.5012265598514745,0.20891014540077996,,"(128, 128)",float32,0.01109684631228447,1.3156914710998535,0.5023918403755943,0.2260976367312497,
000931.npy,"(256, 256)",float32,0.0,1.0,0.5095483884211518,0.21431850723524537,,"(128, 128)",float32,0.0034005569759756327,1.402414321899414,0.5102018310905265,0.2292012297805385,
000932.npy,"(256, 256)",float32,0.0,1.0,0.3291849747985536,0.3427263502695407,,"(128, 128)",float32,-0.04441238194704056,1.5073996782302856,0.32870860508859945,0.3486904865178689,
000933.npy,"(256, 256)",float32,0.0,1.0,0.15614746500279897,0.1501638297438598,,"(128, 128)",float32,-0.01643313467502594,1.1629772186279297,0.15606520237323407,0.15518868017971843,
000934.npy,"(256, 256)",float32,0.0,1.0,0.14174759522148594,0.13932786454847526,,"(128, 128)",float32,0.0063875229097902775,1.5184406042099,0.1414440268866599,0.14221840147794018,
000935.npy,"(256, 256)",float32,0.0,1.0,0.15185842631681812,0.14390691727384053,,"(128, 128)",float32,-0.017243392765522003,1.1470134258270264,0.1519333790833146,0.14966566240633916,
000936.npy,"(256, 256)",float32,0.0,1.0,0.27540031201369164,0.13949706365148362,,"(128, 128)",float32,-0.017973823472857475,1.0810824632644653,0.2745562372573076,0.14448964957657204,
000937.npy,"(256, 256)",float32,0.0,1.0,0.4050936311819573,0.104634905230695,,"(128, 128)",float32,0.009228546172380447,1.1116279363632202,0.4039530214597562,0.1322650079571921,
000938.npy,"(256, 256)",float32,0.0,1.0,0.5418945838335958,0.1416562026498786,,"(128, 128)",float32,0.03891978785395622,1.368159294128418,0.5422804942236326,0.16453651703156583,
000939.npy,"(256, 256)",float32,0.0,1.0,0.41373699646177187,0.10542430431805114,,"(128, 128)",float32,-0.010484875179827213,1.1122654676437378,0.4139494868371614,0.13057038962209097,
000940.npy,"(256, 256)",float32,0.0,1.0,0.43368298929337357,0.11695778443018226,,"(128, 128)",float32,0.02501579560339451,1.3182895183563232,0.433954964768418,0.14308884790219698,
000941.npy,"(256, 256)",float32,0.0,1.0,0.3533001298805978,0.321987659654124,,"(128, 128)",float32,0.0032423902302980423,1.2683764696121216,0.3535729798185798,0.32919297017198373,
000942.npy,"(256, 256)",float32,0.0,1.0,0.4609971356727698,0.31536178534999193,,"(128, 128)",float32,-0.0067209224216639996,1.3059569597244263,0.4608851927133344,0.32581231867135857,
000943.npy,"(256, 256)",float32,0.0,1.0,0.432067504339944,0.323010045949445,,"(128, 128)",float32,0.00877232663333416,1.38307523727417,0.431234498711774,0.3328866258565192,
000944.npy,"(256, 256)",float32,0.0,1.0,0.3656618143879209,0.2705873249007611,,"(128, 128)",float32,0.0033319874200969934,1.4822614192962646,0.3658002073354254,0.2804668412180412,
000945.npy,"(256, 256)",float32,0.0,1.0,0.3729243402550182,0.38648921098772415,,"(128, 128)",float32,0.0011626987252384424,2.000929832458496,0.37227660595845435,0.3992981645668528,
000946.npy,"(256, 256)",float32,0.0,1.0,0.4020623899661207,0.4027604697746772,,"(128, 128)",float32,-0.00449075922369957,1.5552986860275269,0.401572827504193,0.41393484226082966,
000947.npy,"(256, 256)",float32,0.0,1.0,0.37757261903857753,0.3858179261253766,,"(128, 128)",float32,-0.014958989806473255,1.8455694913864136,0.3765092470504153,0.39546462348555084,
000948.npy,"(256, 256)",float32,0.0,1.0,0.5274701813856382,0.1453501920659551,,"(128, 128)",float32,0.008318701758980751,1.3965908288955688,0.5276642581400779,0.16971553062655634,
000949.npy,"(256, 256)",float32,0.0,1.0,0.1871084475790295,0.1427885359927876,,"(128, 128)",float32,-0.020706020295619965,1.0865298509597778,0.18710820233437575,0.14691494906106362,
000950.npy,"(256, 256)",float32,0.0,1.0,0.19371692979801564,0.14535172633132593,,"(128, 128)",float32,-0.005481382831931114,1.183701992034912,0.19364916441401858,0.1498409645893927,
000951.npy,"(256, 256)",float32,0.0,1.0,0.20275058619962527,0.15239612388250337,,"(128, 128)",float32,-0.007545537780970335,1.173769474029541,0.2031789408238993,0.1588306692039742,
000952.npy,"(256, 256)",float32,0.0,1.0,0.6289717451922647,0.12437597554009644,,"(128, 128)",float32,0.0024865944869816303,1.480688452720642,0.6296620445413907,0.17105918017500185,
000953.npy,"(256, 256)",float32,0.0,1.0,0.4489581576430197,0.16822990684789546,,"(128, 128)",float32,0.029536347836256027,1.434550404548645,0.44852174489722074,0.18964592940030425,
000954.npy,"(256, 256)",float32,0.0,1.0,0.5544722208172743,0.13856310493779278,,"(128, 128)",float32,-0.004201534204185009,1.67391836643219,0.5548652694777161,0.17901216353228788,
000955.npy,"(256, 256)",float32,0.0,1.0,0.44554150410753834,0.16986901585779016,,"(128, 128)",float32,0.020276328548789024,1.6806614398956299,0.4453600625172385,0.19115874083453202,
000956.npy,"(256, 256)",float32,0.0,1.0,0.45692836760275846,0.2030520113902916,,"(128, 128)",float32,-0.019301559776067734,1.5838009119033813,0.458409623159163,0.2201833556651442,
000957.npy,"(256, 256)",float32,0.0,1.0,0.4991275301412936,0.2887106052907805,,"(128, 128)",float32,-0.19010436534881592,1.5641367435455322,0.49802337457309065,0.27096821307492736,
000958.npy,"(256, 256)",float32,0.0,1.0,0.4983584959503347,0.2892826038699339,,"(128, 128)",float32,-0.2099643498659134,1.609276294708252,0.5003600451919803,0.2770940094787136,
000959.npy,"(256, 256)",float32,0.0,1.0,0.5006565646063953,0.2888991519555257,,"(128, 128)",float32,-0.2453329861164093,1.5072215795516968,0.49959727854629965,0.2677397834169377,
000960.npy,"(256, 256)",float32,0.0,1.0,0.34449665553475484,0.06427829650032932,,"(128, 128)",float32,-0.010711084119975567,0.7684708833694458,0.3446027368233935,0.08175323717190755,
000961.npy,"(256, 256)",float32,0.0,1.0,0.492127330641253,0.23691187050188495,,"(128, 128)",float32,0.01083033625036478,1.583863377571106,0.49273385646580437,0.25208657303140963,
000962.npy,"(256, 256)",float32,0.0,1.0,0.44231179777602847,0.24639742766476583,,"(128, 128)",float32,0.0015545948408544064,1.5375293493270874,0.4438587728224661,0.26693584188707964,
000963.npy,"(256, 256)",float32,0.0,1.0,0.4845099005297646,0.24375253365320956,,"(128, 128)",float32,-0.00023455031623598188,1.4320926666259766,0.48521789707591356,0.25729967104013624,
000964.npy,"(256, 256)",float32,0.0,1.0,0.4612538727579132,0.2182162735127543,,"(128, 128)",float32,-0.0005231622490100563,1.4022027254104614,0.46121041171321797,0.23452744291508404,
000965.npy,"(256, 256)",float32,0.0,1.0,0.31022364287440496,0.17353196429176274,,"(128, 128)",float32,0.0029093818739056587,1.2525198459625244,0.310217991472058,0.18601780969915926,
000966.npy,"(256, 256)",float32,0.0,1.0,0.3098454031637665,0.17423278492185315,,"(128, 128)",float32,-0.006409631110727787,1.2352774143218994,0.30991910014436996,0.180829012286447,
000967.npy,"(256, 256)",float32,0.0,1.0,0.3117392694624783,0.1741163876380775,,"(128, 128)",float32,-0.008480901829898357,1.31707763671875,0.3116227698144769,0.18642527528892333,
000968.npy,"(256, 256)",float32,0.0,1.0,0.2818615860832345,0.1541048651885304,,"(128, 128)",float32,-0.011555898003280163,1.1436678171157837,0.2815182830767924,0.1616609537870151,
000969.npy,"(256, 256)",float32,0.0,1.0,0.42706971783670156,0.2033771221242498,,"(128, 128)",float32,-0.02204146981239319,1.6542495489120483,0.42826850151595863,0.21892925266512844,
000970.npy,"(256, 256)",float32,0.0,1.0,0.4466351814514553,0.2084116881957898,,"(128, 128)",float32,0.013601740822196007,1.4896318912506104,0.4481497374841865,0.22219921557622957,
000971.npy,"(256, 256)",float32,0.0,1.0,0.46949681482363914,0.21925199045166477,,"(128, 128)",float32,-0.005453311372548342,1.444576382637024,0.46967986943539586,0.2338822707344162,
000972.npy,"(256, 256)",float32,0.0,1.0,0.46965844452138583,0.34699493276709087,,"(128, 128)",float32,0.005916272755712271,1.7659602165222168,0.4721225338269335,0.36474597460625885,
000973.npy,"(256, 256)",float32,0.0,1.0,0.19159191435554934,0.16055779206334156,,"(128, 128)",float32,-0.011163661256432533,1.287473440170288,0.19211506698307695,0.16506412796206002,
000974.npy,"(256, 256)",float32,0.0,1.0,0.21178674977581696,0.1792043045703806,,"(128, 128)",float32,-0.02339315041899681,1.4343239068984985,0.21294495553423537,0.18561773922508124,
000975.npy,"(256, 256)",float32,0.0,1.0,0.2526621402720483,0.17533400320143372,,"(128, 128)",float32,-0.015886250883340836,1.3768510818481445,0.2529613102700179,0.18208321641660682,
000976.npy,"(256, 256)",float32,0.0,1.0,0.2764848243143341,0.062363854206472204,,"(128, 128)",float32,0.0012339858803898096,1.0509525537490845,0.2761093799391716,0.07526685954040538,
000977.npy,"(256, 256)",float32,0.0,1.0,0.9574956327980289,0.171981651485401,,"(128, 128)",float32,0.0002515021769795567,1.8093830347061157,0.9560949817411544,0.24090301082859458,
000978.npy,"(256, 256)",float32,0.0,1.0,0.9516786491029379,0.1870836213583321,,"(128, 128)",float32,0.0012026503682136536,1.6793944835662842,0.9494350581171744,0.23972757140502246,
000979.npy,"(256, 256)",float32,0.0,1.0,0.9576804562473029,0.15365662403656313,,"(128, 128)",float32,0.004132387228310108,1.8961988687515259,0.9565973748756846,0.2232880122061853,
000980.npy,"(256, 256)",float32,0.0,1.0,0.19756689142836592,0.13639733425592726,,"(128, 128)",float32,-0.008773641660809517,1.3969905376434326,0.19806057680997213,0.13993193739724277,
000981.npy,"(256, 256)",float32,0.0,1.0,0.6764994171374212,0.10180239200149414,,"(128, 128)",float32,0.03517661988735199,1.4209383726119995,0.6757458562983629,0.1498809498853546,
000982.npy,"(256, 256)",float32,0.0,1.0,0.6747245351296556,0.10109175709937672,,"(128, 128)",float32,0.01050149742513895,1.5886516571044922,0.675576234402854,0.1514159384744639,
000983.npy,"(256, 256)",float32,0.0,1.0,0.6950832870012391,0.10399221371927295,,"(128, 128)",float32,0.13598588109016418,1.431683897972107,0.6934899797834078,0.160398016641019,
000984.npy,"(256, 256)",float32,0.0,1.0,0.49820073674535326,0.2897058238990247,,"(128, 128)",float32,-0.2133355587720871,1.4176487922668457,0.49636452094247385,0.26583526641902055,
000985.npy,"(256, 256)",float32,0.0,1.0,0.7679643362826001,0.3273966434090443,,"(128, 128)",float32,-0.00548529950901866,1.834773302078247,0.7686898849813948,0.36245769779419124,
000986.npy,"(256, 256)",float32,0.0,1.0,0.7679511393507282,0.3274081518559562,,"(128, 128)",float32,-0.02842160500586033,1.8496789932250977,0.7677497065674922,0.36195113475319846,
000987.npy,"(256, 256)",float32,0.0,1.0,0.5227786951943145,0.41516551558521664,,"(128, 128)",float32,-0.01649463176727295,1.643581748008728,0.5229463881809406,0.42757562264864746,
000988.npy,"(256, 256)",float32,0.0,1.0,0.5707219144413642,0.1640857803984806,,"(128, 128)",float32,0.002526469761505723,1.4658913612365723,0.5720625433298636,0.19342472336362657,
000989.npy,"(256, 256)",float32,0.0,1.0,0.5353323761588626,0.22575744476338036,,"(128, 128)",float32,0.02341303788125515,1.753050684928894,0.5356454215815347,0.2532930663205395,
000990.npy,"(256, 256)",float32,0.0,1.0,0.5332718150610134,0.22652300842278691,,"(128, 128)",float32,-0.0012263829121366143,1.507694959640503,0.5335665508117344,0.24692763813982266,
000991.npy,"(256, 256)",float32,0.0,1.0,0.4363234610558351,0.16381544134503542,,"(128, 128)",float32,-0.012985077686607838,1.3356220722198486,0.43759193402030405,0.18223039426127371,
000992.npy,"(256, 256)",float32,0.0,1.0,0.19804660701263543,0.14170877180505143,,"(128, 128)",float32,-0.001061836490407586,1.2675769329071045,0.1978615756983686,0.14628660526305906,
000993.npy,"(256, 256)",float32,0.0,1.0,0.5063425636353909,0.1894204450132939,,"(128, 128)",float32,0.02041955292224884,1.367501974105835,0.5062622402170973,0.2079586677989623,
000994.npy,"(256, 256)",float32,0.0,1.0,0.4962475532269508,0.18626593741470757,,"(128, 128)",float32,0.028675036504864693,1.4393216371536255,0.4959872003047394,0.20418535732938578,
000995.npy,"(256, 256)",float32,0.0,1.0,0.4912158585058819,0.184289619523025,,"(128, 128)",float32,-0.001568534062243998,1.3126320838928223,0.4924160237399917,0.20073170586052824,
000996.npy,"(256, 256)",float32,0.0,1.0,0.4953925206491441,0.2288435149467054,,"(128, 128)",float32,-0.05326952412724495,1.6168986558914185,0.4939596806590707,0.24485625311787756,
000997.npy,"(256, 256)",float32,0.0,1.0,0.4232243965323228,0.2898872986054454,,"(128, 128)",float32,0.0017918561352416873,1.6014262437820435,0.42435841775760963,0.3054719526373613,
000998.npy,"(256, 256)",float32,0.0,1.0,0.3460988447517419,0.26051498573416554,,"(128, 128)",float32,-0.0010710373753681779,1.5680439472198486,0.34654251793457647,0.27015021393997146,
000999.npy,"(256, 256)",float32,0.0,1.0,0.36487507018544996,0.2854381821992793,,"(128, 128)",float32,-0.006645863875746727,1.4622046947479248,0.3649915220509188,0.2943319257118914,
001000.npy,"(256, 256)",float32,0.0,1.0,0.2788839336096902,0.14247180615053504,,"(128, 128)",float32,-0.04162747785449028,1.0927263498306274,0.27825289093585326,0.14612533820060303,
001001.npy,"(256, 256)",float32,0.0,1.0,0.6131795449292099,0.1756147554604222,,"(128, 128)",float32,0.08070222288370132,1.4061628580093384,0.6123906052630446,0.2115548822361756,
001002.npy,"(256, 256)",float32,0.0,1.0,0.6216476805478379,0.12019349175155015,,"(128, 128)",float32,0.024770541116595268,1.2039238214492798,0.6204117925479977,0.1511882003596014,
001003.npy,"(256, 256)",float32,0.0,1.0,0.6206618152155556,0.17681503925678796,,"(128, 128)",float32,0.05451296269893646,1.4679814577102661,0.6192468128147084,0.21496797220575903,
001004.npy,"(256, 256)",float32,0.0,1.0,0.4131414998759051,0.2116195199603883,,"(128, 128)",float32,-0.01028487179428339,1.2670061588287354,0.41206389004149013,0.22505696023502786,
001005.npy,"(256, 256)",float32,0.0,1.0,0.3624714456636564,0.21381536457058703,,"(128, 128)",float32,0.0077552818693220615,1.4461605548858643,0.36189572222909305,0.22390272248210108,
001006.npy,"(256, 256)",float32,0.0,1.0,0.3581753579840985,0.21632318939373277,,"(128, 128)",float32,-0.00621770741418004,1.4329335689544678,0.35787771477897223,0.2260237838834394,
001007.npy,"(256, 256)",float32,0.0,1.0,0.35729325267381284,0.21522414546859825,,"(128, 128)",float32,0.005374560132622719,1.4322694540023804,0.3571188159730525,0.2241655754337205,
001008.npy,"(256, 256)",float32,0.0,1.0,0.4067241669712587,0.22307813235549895,,"(128, 128)",float32,0.005119961220771074,1.5219510793685913,0.4074067667278598,0.24009025432058306,
001009.npy,"(256, 256)",float32,0.0,1.0,0.5241604756911258,0.3081862696512134,,"(128, 128)",float32,0.009571942500770092,1.9040504693984985,0.5242289905945086,0.3307091606159061,
001010.npy,"(256, 256)",float32,0.0,1.0,0.6902125580271701,0.2998152025163254,,"(128, 128)",float32,-0.008743958547711372,1.8006796836853027,0.6876441801960027,0.32596913021966595,
001011.npy,"(256, 256)",float32,0.0,1.0,0.5917715063754869,0.3157007253660174,,"(128, 128)",float32,-0.002447242848575115,1.5092787742614746,0.5908506294005988,0.3301913732755646,
001012.npy,"(256, 256)",float32,0.0,1.0,0.24703860632721264,0.18747364069512623,,"(128, 128)",float32,-0.0036782254464924335,1.4313474893569946,0.24696668060720928,0.19689189310742528,
001013.npy,"(256, 256)",float32,0.0,1.0,0.8875605225219942,0.24339135109501212,,"(128, 128)",float32,0.03607836738228798,1.7652539014816284,0.8864751243540923,0.2876204257469028,
001014.npy,"(256, 256)",float32,0.0,1.0,0.8813871016005805,0.23712799166837623,,"(128, 128)",float32,0.004656983073800802,1.7737095355987549,0.879299611154039,0.2871818518381701,
001015.npy,"(256, 256)",float32,0.0,1.0,0.721746080933233,0.32289120717080566,,"(128, 128)",float32,-0.004483136814087629,1.6806691884994507,0.721373239847523,0.343259689205733,
001016.npy,"(256, 256)",float32,0.0,1.0,0.3567371755153843,0.19999469929779162,,"(128, 128)",float32,0.0048776124604046345,1.1559475660324097,0.3568627879914459,0.21088122320838676,
001017.npy,"(256, 256)",float32,0.0,1.0,0.32653886224478157,0.21055518231057282,,"(128, 128)",float32,-0.004298369400203228,1.5570728778839111,0.32675387308616166,0.2236969893865366,
001018.npy,"(256, 256)",float32,0.0,1.0,0.34709413158008573,0.18409692282253412,,"(128, 128)",float32,-0.016781428828835487,1.6181371212005615,0.3480848680741424,0.2010406363353113,
001019.npy,"(256, 256)",float32,0.0,1.0,0.31733647897991357,0.19076019304785624,,"(128, 128)",float32,-0.009481058456003666,1.7291779518127441,0.31845187602272595,0.2054319371269664,
001020.npy,"(256, 256)",float32,0.0,1.0,0.33213509966594756,0.1662364312145956,,"(128, 128)",float32,0.024131903424859047,1.341992974281311,0.332659356580848,0.17808026962014856,
001021.npy,"(256, 256)",float32,0.0,1.0,0.22253229421524168,0.1253087771705389,,"(128, 128)",float32,-0.0007660586852580309,1.254651665687561,0.2224070007754193,0.13351716452351856,
001022.npy,"(256, 256)",float32,0.0,1.0,0.2020071667090313,0.12227233706832638,,"(128, 128)",float32,-0.007928259670734406,1.279237985610962,0.20132673395678324,0.12855035195753609,
001023.npy,"(256, 256)",float32,0.0,1.0,0.1879286969632969,0.13090305242344097,,"(128, 128)",float32,-0.001486215740442276,1.1461386680603027,0.18831275172910367,0.13472334512781234,
001024.npy,"(256, 256)",float32,0.0,1.0,0.5013572509717505,0.3353540898331175,,"(128, 128)",float32,-0.011496561579406261,1.8505232334136963,0.5026152052194774,0.3512677531869425,
001025.npy,"(256, 256)",float32,0.0,1.0,0.4637888995955731,0.2183100946986269,,"(128, 128)",float32,0.04712331295013428,1.3521192073822021,0.4640856285452628,0.23111211667717144,
001026.npy,"(256, 256)",float32,0.0,1.0,0.4678359417066247,0.20959895990089833,,"(128, 128)",float32,0.033283453434705734,1.2748101949691772,0.4672523828935482,0.21972150959434303,
001027.npy,"(256, 256)",float32,0.0,1.0,0.505717139628814,0.1946007109192323,,"(128, 128)",float32,-0.004875146318227053,1.5926018953323364,0.5037396910913401,0.21562133768277886,
001028.npy,"(256, 256)",float32,0.0,1.0,0.4187565682618972,0.24116337036538246,,"(128, 128)",float32,-0.010863634757697582,1.3787182569503784,0.41908176648377427,0.25204421730301346,
001029.npy,"(256, 256)",float32,0.0,1.0,0.7032932942949621,0.1176639586890918,,"(128, 128)",float32,-0.015203451737761497,1.406799554824829,0.7037688950563847,0.15500169425401053,
001030.npy,"(256, 256)",float32,0.0,1.0,0.7030454065518015,0.11722676524374329,,"(128, 128)",float32,-0.002814741339534521,1.5215251445770264,0.7033554496001955,0.1663457671205156,
001031.npy,"(256, 256)",float32,0.0,1.0,0.6954870292151654,0.08597106957467845,,"(128, 128)",float32,-0.011500880122184753,1.470603346824646,0.6956242037639129,0.13575961657570976,
001032.npy,"(256, 256)",float32,0.0,1.0,0.4217216969939983,0.20050608378534124,,"(128, 128)",float32,-0.017153963446617126,1.3574843406677246,0.42218596909904704,0.215224643879289,
001033.npy,"(256, 256)",float32,0.0,1.0,0.3373951330588798,0.14578688494416414,,"(128, 128)",float32,-0.0065513490699231625,1.200241208076477,0.33772007640107304,0.1600077617108521,
001034.npy,"(256, 256)",float32,0.0,1.0,0.3942460117077504,0.16927914313115092,,"(128, 128)",float32,-0.0071640280075371265,1.288185715675354,0.39346096055819935,0.1875055076256414,
001035.npy,"(256, 256)",float32,0.0,1.0,0.33721431769080934,0.1457361566455411,,"(128, 128)",float32,-0.014634368941187859,1.0941449403762817,0.3377768849870293,0.15747081936497032,
001036.npy,"(256, 256)",float32,0.0,1.0,0.6523481577621411,0.13389179117405564,,"(128, 128)",float32,-0.0006859587738290429,1.4922293424606323,0.6513369561430196,0.1776913353827248,
001037.npy,"(256, 256)",float32,0.0,1.0,0.6153461509547125,0.16443966009644007,,"(128, 128)",float32,-0.007592819165438414,1.35841703414917,0.6151093378769872,0.19341336908127493,
001038.npy,"(256, 256)",float32,0.0,1.0,0.6240453113466504,0.16370836698623195,,"(128, 128)",float32,0.0008852283353917301,1.3510631322860718,0.624085851779622,0.19100316947278026,
001039.npy,"(256, 256)",float32,0.0,1.0,0.6278825563529047,0.1570863161257968,,"(128, 128)",float32,-0.012594365514814854,1.24332857131958,0.6282472034167199,0.1817469237419827,
001040.npy,"(256, 256)",float32,0.0,1.0,0.6716767694477728,0.29814904849701135,,"(128, 128)",float32,0.011250782757997513,1.6847338676452637,0.6706950836710917,0.3251259517146135,
001041.npy,"(256, 256)",float32,0.0,1.0,0.33931238000240427,0.23351997411022482,,"(128, 128)",float32,-0.011806659400463104,1.4151484966278076,0.3386652352963253,0.2450980928857237,
001042.npy,"(256, 256)",float32,0.0,1.0,0.34050612469600594,0.23358555389055577,,"(128, 128)",float32,-0.03268903121352196,1.1529630422592163,0.34058469858831497,0.24002718596635517,
001043.npy,"(256, 256)",float32,0.0,1.0,0.36163338988459515,0.24639400148760007,,"(128, 128)",float32,-0.03111111745238304,1.2659672498703003,0.36213443854884986,0.25664991192882186,
001044.npy,"(256, 256)",float32,0.0,1.0,0.32654745413405273,0.21472678989258023,,"(128, 128)",float32,-0.041740741580724716,1.287140965461731,0.3265895682419995,0.22170728506605897,
001045.npy,"(256, 256)",float32,0.0,1.0,0.5846563338978328,0.16782357258778025,,"(128, 128)",float32,0.000166562560480088,1.3874154090881348,0.5850874533062829,0.1895218315617793,
001046.npy,"(256, 256)",float32,0.0,1.0,0.5563166095578254,0.17864680903631167,,"(128, 128)",float32,0.0015762720722705126,1.299638032913208,0.5569772309562921,0.19790572678661006,
001047.npy,"(256, 256)",float32,0.0,1.0,0.5341507402597543,0.1871550501598471,,"(128, 128)",float32,0.005035767797380686,1.28131103515625,0.5335275999451312,0.20519090706752438,
001048.npy,"(256, 256)",float32,0.0,1.0,0.729801828712155,0.13975288463733393,,"(128, 128)",float32,0.005439187400043011,1.556694746017456,0.7287816726781671,0.19830074478996043,
001049.npy,"(256, 256)",float32,0.0,1.0,0.791442023411526,0.22399236745659193,,"(128, 128)",float32,0.006624825764447451,1.5453643798828125,0.7913302456108511,0.2639582110360416,
001050.npy,"(256, 256)",float32,0.0,1.0,0.7965990631790589,0.2108484465446403,,"(128, 128)",float32,0.009058942086994648,1.6643751859664917,0.7950175660404852,0.26143381257629644,
001051.npy,"(256, 256)",float32,0.0,1.0,0.783972767722048,0.23753074663651613,,"(128, 128)",float32,0.006940350402146578,1.4313150644302368,0.786011539589083,0.26387806793799023,
001052.npy,"(256, 256)",float32,0.0,1.0,0.5580991968445055,0.30357250911885375,,"(128, 128)",float32,0.00037224494735710323,1.709697961807251,0.5584214764581983,0.3279257493432907,
001053.npy,"(256, 256)",float32,0.0,1.0,0.343135653556903,0.35844492993382937,,"(128, 128)",float32,-0.011802345514297485,1.4686057567596436,0.3431369541847207,0.365737995671758,
001054.npy,"(256, 256)",float32,0.0,1.0,0.44803725270338646,0.3737365972710642,,"(128, 128)",float32,-0.008838270790874958,1.8726063966751099,0.4453681976797892,0.38748713524365774,
001055.npy,"(256, 256)",float32,0.0,1.0,0.3430952586110365,0.3439800503407866,,"(128, 128)",float32,0.005493064410984516,1.5680077075958252,0.34371460751606264,0.3522210728153152,
001056.npy,"(256, 256)",float32,0.0,1.0,0.40449273939545094,0.16359970406497526,,"(128, 128)",float32,-0.005930609069764614,1.418025255203247,0.40375939995016097,0.17865574209702453,
001057.npy,"(256, 256)",float32,0.0,1.0,0.5301400253162862,0.17145971669867255,,"(128, 128)",float32,-0.025175727903842926,1.4929077625274658,0.5312054182251025,0.19825544269350165,
001058.npy,"(256, 256)",float32,0.0,1.0,0.5424272922885223,0.16697507603306394,,"(128, 128)",float32,-0.019553091377019882,1.45329749584198,0.5424307616773376,0.19110831257599836,
001059.npy,"(256, 256)",float32,0.0,1.0,0.5414306803670178,0.16715148261096754,,"(128, 128)",float32,-0.03623183071613312,1.2555686235427856,0.5415967430318744,0.18415130829978488,
001060.npy,"(256, 256)",float32,0.0,1.0,0.3593750393384174,0.17846128386265456,,"(128, 128)",float32,-0.011601472273468971,1.358089804649353,0.35895611981095055,0.1886805381500213,
001061.npy,"(256, 256)",float32,0.0,1.0,0.28428389534823384,0.2102702530492005,,"(128, 128)",float32,-0.013377984054386616,1.2832027673721313,0.28390670659688266,0.21684587184241114,
001062.npy,"(256, 256)",float32,0.0,1.0,0.28613241637672104,0.21170752779753668,,"(128, 128)",float32,-0.01206231489777565,1.257496953010559,0.2865058106593332,0.2196773905562148,
001063.npy,"(256, 256)",float32,0.0,1.0,0.3352408737915581,0.22223255615903062,,"(128, 128)",float32,-0.005682883318513632,1.2946408987045288,0.3342773114081705,0.23194359115183188,
001064.npy,"(256, 256)",float32,0.0,1.0,0.5770156814548004,0.3060297783146021,,"(128, 128)",float32,-0.010772344656288624,1.4933408498764038,0.5763103809889607,0.3190878798733997,
001065.npy,"(256, 256)",float32,0.0,1.0,0.4347930892306522,0.16269374354951432,,"(128, 128)",float32,0.007404627278447151,1.4652165174484253,0.4344097783840368,0.1842655844050177,
001066.npy,"(256, 256)",float32,0.0,1.0,0.4529081271263493,0.1690337111454125,,"(128, 128)",float32,0.0015670451102778316,1.435762882232666,0.4535300748761628,0.1898138040313586,
001067.npy,"(256, 256)",float32,0.0,1.0,0.4467749117382578,0.17059819301530685,,"(128, 128)",float32,-0.0037054962012916803,1.3744983673095703,0.4468485265620501,0.18520799150121806,
001068.npy,"(256, 256)",float32,0.0,1.0,0.18142686182366852,0.09254488782876454,,"(128, 128)",float32,0.0034059444442391396,1.1045771837234497,0.1813274702451224,0.09712651136440387,
001069.npy,"(256, 256)",float32,0.0,1.0,0.3214698246873785,0.18818299262290408,,"(128, 128)",float32,-0.002759925788268447,1.3018215894699097,0.3212370877155273,0.19438373031495854,
001070.npy,"(256, 256)",float32,0.0,1.0,0.33427205486363865,0.20189135279703432,,"(128, 128)",float32,-0.0015545057831332088,1.2955595254898071,0.3340347356302189,0.20881628720228743,
001071.npy,"(256, 256)",float32,0.0,1.0,0.3265912973251641,0.19909142817368683,,"(128, 128)",float32,-0.02089957892894745,1.2259759902954102,0.3254178554509082,0.20694154651970426,
001072.npy,"(256, 256)",float32,0.0,1.0,0.4886614482010643,0.2988825289477331,,"(128, 128)",float32,0.0025425031781196594,1.5527523756027222,0.48905651806451544,0.3127713069210311,
001073.npy,"(256, 256)",float32,0.0,1.0,0.4339577653350215,0.3068642166685838,,"(128, 128)",float32,-0.014295591972768307,1.6125677824020386,0.43398450537385713,0.32067573104140096,
001074.npy,"(256, 256)",float32,0.0,1.0,0.41140308927765723,0.2972362970333436,,"(128, 128)",float32,-0.020759984850883484,1.4593636989593506,0.4124513641456744,0.3087031294437109,
001075.npy,"(256, 256)",float32,0.0,1.0,0.4291838247317248,0.30536656572751897,,"(128, 128)",float32,-0.004508146550506353,1.7464921474456787,0.42774836379211933,0.3201360353094573,
001076.npy,"(256, 256)",float32,0.0,1.0,0.5320077916081658,0.16311934858843694,,"(128, 128)",float32,0.011290482245385647,1.3643678426742554,0.5320659650517996,0.18275524265036214,
001077.npy,"(256, 256)",float32,0.0,1.0,0.23987703193145649,0.08099596559318054,,"(128, 128)",float32,0.021447932347655296,1.174296498298645,0.24036271404088438,0.08948682479071063,
001078.npy,"(256, 256)",float32,0.0,1.0,0.249458945040395,0.1204631255885845,,"(128, 128)",float32,0.010687627829611301,1.529585361480713,0.2500648003797892,0.12957665507902497,
001079.npy,"(256, 256)",float32,0.0,1.0,0.27657409424786294,0.17165854616331575,,"(128, 128)",float32,0.01208084262907505,1.5674031972885132,0.27732929903868353,0.18059718767195004,
001080.npy,"(256, 256)",float32,0.0,1.0,0.799738714874735,0.19244386613293635,,"(128, 128)",float32,-0.03397727757692337,1.6303961277008057,0.7984540691341859,0.24334333660775437,
001081.npy,"(256, 256)",float32,0.0,1.0,0.5230867902105802,0.26161297371746106,,"(128, 128)",float32,0.002161363372579217,1.6577322483062744,0.5242044419115359,0.28005577348438393,
001082.npy,"(256, 256)",float32,0.0,1.0,0.5616270929966003,0.27160102225996013,,"(128, 128)",float32,-0.0038850109558552504,1.5518213510513306,0.5609383656542022,0.28614900254930037,
001083.npy,"(256, 256)",float32,0.0,1.0,0.521878655458103,0.26423862297630607,,"(128, 128)",float32,0.0038059200160205364,1.5732587575912476,0.5213766127430262,0.2863941147667584,
001084.npy,"(256, 256)",float32,0.0,1.0,0.1857446887947316,0.22579369247795053,,"(128, 128)",float32,-0.005866674706339836,1.3375173807144165,0.18701639996237035,0.23102294266863774,
001085.npy,"(256, 256)",float32,0.0,1.0,0.20750308939193662,0.21215955905083758,,"(128, 128)",float32,-0.017795290797948837,1.3900208473205566,0.20842845845576846,0.22011800944408685,
001086.npy,"(256, 256)",float32,0.0,1.0,0.15176429704541428,0.20086453046281583,,"(128, 128)",float32,-0.0219463799148798,1.440574288368225,0.15206619362801466,0.20709713482717068,
001087.npy,"(256, 256)",float32,0.0,1.0,0.15075882651700157,0.19109858013900408,,"(128, 128)",float32,-0.011216564103960991,1.296210765838623,0.15075235813198196,0.19571096841300922,
001088.npy,"(256, 256)",float32,0.0,1.0,0.634663939694537,0.2598085406208674,,"(128, 128)",float32,0.004162743221968412,1.6440500020980835,0.6359799437783806,0.28869026032685347,
001089.npy,"(256, 256)",float32,0.0,1.0,0.5795714794062492,0.2547564735150333,,"(128, 128)",float32,-0.009956118650734425,1.560747742652893,0.5802774788687941,0.27063494904148994,
001090.npy,"(256, 256)",float32,0.0,1.0,0.49059751537407514,0.22269268246439083,,"(128, 128)",float32,0.0011041068937629461,1.3902606964111328,0.49124483802180663,0.23897376159866218,
001091.npy,"(256, 256)",float32,0.0,1.0,0.5566859026806608,0.26946706885653243,,"(128, 128)",float32,0.0005159529391676188,1.5441467761993408,0.5571880423418634,0.2850201471103145,
001092.npy,"(256, 256)",float32,0.0,1.0,0.42427759584849234,0.2077079745558706,,"(128, 128)",float32,-0.0008089926559478045,1.526279091835022,0.42360047184382665,0.2265637839720846,
001093.npy,"(256, 256)",float32,0.0,1.0,0.15909596769307655,0.12956202129758193,,"(128, 128)",float32,-0.008505570702254772,1.4115904569625854,0.1589639286320157,0.13492477407295048,
001094.npy,"(256, 256)",float32,0.0,1.0,0.16117255212379433,0.12889590926208197,,"(128, 128)",float32,0.00236676842905581,1.3430501222610474,0.16076938367147875,0.13228578662928384,
001095.npy,"(256, 256)",float32,0.0,1.0,0.1602891157349866,0.12859406729759668,,"(128, 128)",float32,-0.00136033003218472,1.2208771705627441,0.160258034675147,0.13229425703754838,
001096.npy,"(256, 256)",float32,0.0,1.0,0.3747893079219047,0.1755272336375328,,"(128, 128)",float32,-0.010222326964139938,1.2021706104278564,0.37477653481529805,0.1860615535241718,
001097.npy,"(256, 256)",float32,0.0,1.0,0.21644646149298113,0.1701679521587818,,"(128, 128)",float32,-0.0016658258391544223,1.1193252801895142,0.216494759944603,0.17504808255298007,
001098.npy,"(256, 256)",float32,0.0,1.0,0.19548180346500715,0.17795419122508568,,"(128, 128)",float32,-0.022631091997027397,1.290182113647461,0.19462736129240735,0.18159242367823034,
001099.npy,"(256, 256)",float32,0.0,1.0,0.20174834054597032,0.18904959889101167,,"(128, 128)",float32,-0.028135573491454124,1.1817727088928223,0.2020128533040271,0.19267633583208568,
001100.npy,"(256, 256)",float32,0.0,1.0,0.7636802962166627,0.18530658186551757,,"(128, 128)",float32,0.015414598397910595,1.5166339874267578,0.7617450156027985,0.22878167976964303,
001101.npy,"(256, 256)",float32,0.0,1.0,0.9371018883403508,0.06372815076567367,,"(128, 128)",float32,0.019609587267041206,1.7585924863815308,0.9373169895874298,0.17610708894025143,
001102.npy,"(256, 256)",float32,0.0,1.0,0.853210569627123,0.20000927753200398,,"(128, 128)",float32,-0.025376973673701286,1.5581915378570557,0.851520334026759,0.23694019768572291,
001103.npy,"(256, 256)",float32,0.0,1.0,0.8633760293453463,0.18849380428644144,,"(128, 128)",float32,0.021419880911707878,1.7205348014831543,0.861903444267341,0.2432507552127211,
001104.npy,"(256, 256)",float32,0.0,1.0,0.5990609837031178,0.08634221468938441,,"(128, 128)",float32,0.0003663774114102125,1.7016047239303589,0.5993427837726841,0.14683749429576656,
001105.npy,"(256, 256)",float32,0.0,1.0,0.15316164534354149,0.13999368026788173,,"(128, 128)",float32,-0.015904806554317474,0.8896268010139465,0.15318145068105782,0.1437888546475007,
001106.npy,"(256, 256)",float32,0.0,1.0,0.17160644136294126,0.14911688156026082,,"(128, 128)",float32,-0.04280177131295204,1.4500555992126465,0.17191349436848213,0.15539412548789594,
001107.npy,"(256, 256)",float32,0.0,1.0,0.22644919086291612,0.1977777701125727,,"(128, 128)",float32,-0.009733453392982483,1.3410210609436035,0.22643951318426048,0.20405867753402393,
001108.npy,"(256, 256)",float32,0.0,1.0,0.6729429536029272,0.228439123373501,,"(128, 128)",float32,-0.02450682409107685,1.3352676630020142,0.6729684961231328,0.25042619726584736,
001109.npy,"(256, 256)",float32,0.0,1.0,0.5792512459379182,0.34241899076178134,,"(128, 128)",float32,-0.005135351791977882,1.5862208604812622,0.5794636461190521,0.35879052111503407,
001110.npy,"(256, 256)",float32,0.0,1.0,0.5260560815545929,0.3492464062041849,,"(128, 128)",float32,-0.022407865151762962,1.6644835472106934,0.5274698111372018,0.36636439207678084,
001111.npy,"(256, 256)",float32,0.0,1.0,0.5792992345442514,0.3509362767637655,,"(128, 128)",float32,-0.003452647477388382,1.6425443887710571,0.5790347662519366,0.3704543080348166,
001112.npy,"(256, 256)",float32,0.0,1.0,0.3458126355415232,0.18748831663668505,,"(128, 128)",float32,-0.014203975908458233,1.8022246360778809,0.34586434140800293,0.2013084875111016,
001113.npy,"(256, 256)",float32,0.0,1.0,0.3772092326007877,0.24848488153761852,,"(128, 128)",float32,-0.007465051487088203,1.2014822959899902,0.37629507803097906,0.25792097041059053,
001114.npy,"(256, 256)",float32,0.0,1.0,0.3542571351235315,0.25352048854620735,,"(128, 128)",float32,-0.003116064937785268,1.2824763059616089,0.3523945547908193,0.26208568479822403,
001115.npy,"(256, 256)",float32,0.0,1.0,0.3897902264530728,0.2468200890923944,,"(128, 128)",float32,-0.03121168538928032,1.2670528888702393,0.3886062914015872,0.2556990877140361,
001116.npy,"(256, 256)",float32,0.0,1.0,0.3743121124272586,0.23525536750452813,,"(128, 128)",float32,-0.01681375876069069,1.426378846168518,0.37465251129920785,0.24349534537521517,
001117.npy,"(256, 256)",float32,0.0,1.0,0.5420296573738312,0.08997597317928555,,"(128, 128)",float32,0.044627558439970016,1.3381061553955078,0.54265218116916,0.13518495771058878,
001118.npy,"(256, 256)",float32,0.0,1.0,0.5376240221042892,0.0883795154379861,,"(128, 128)",float32,-0.0368688739836216,1.2174746990203857,0.5371576074564928,0.11910794967151933,
001119.npy,"(256, 256)",float32,0.0,1.0,0.5566592298060176,0.08965516060802,,"(128, 128)",float32,-0.004959725774824619,1.216513752937317,0.557064982617419,0.12246133424140539,
001120.npy,"(256, 256)",float32,0.0,1.0,0.648183865355497,0.12601407529677186,,"(128, 128)",float32,-0.007860206067562103,1.2694103717803955,0.6476166720777883,0.15716643498241226,
001121.npy,"(256, 256)",float32,0.0,1.0,0.24867103905415178,0.17673294726464572,,"(128, 128)",float32,-0.03301200643181801,1.2195727825164795,0.24893522670807133,0.183690438217157,
001122.npy,"(256, 256)",float32,0.0,1.0,0.2448890467505176,0.17914126331521563,,"(128, 128)",float32,-0.0487261526286602,1.4608012437820435,0.2445593645357178,0.18710020067172475,
001123.npy,"(256, 256)",float32,0.0,1.0,0.24485884974633354,0.17581487421018027,,"(128, 128)",float32,-0.024523718282580376,1.256656527519226,0.24423485702729053,0.1800496491843735,
001124.npy,"(256, 256)",float32,0.0,1.0,0.1747752668117002,0.14956275286928886,,"(128, 128)",float32,0.0006865595933049917,1.2257416248321533,0.17536690328789462,0.15402635698827122,
001125.npy,"(256, 256)",float32,0.0,1.0,0.38031072432667656,0.16671659882911283,,"(128, 128)",float32,-0.013945736922323704,1.298282504081726,0.38189713347570375,0.18669008570169138,
001126.npy,"(256, 256)",float32,0.0,1.0,0.41307630060651235,0.2078918220882021,,"(128, 128)",float32,0.006159653887152672,1.3276073932647705,0.4129657919008878,0.21886878734351478,
001127.npy,"(256, 256)",float32,0.0,1.0,0.4263968704602874,0.219482106843706,,"(128, 128)",float32,0.0068372865207493305,1.4912036657333374,0.42602708352592344,0.2312404254748261,
001128.npy,"(256, 256)",float32,0.0,1.0,0.6224121972475645,0.19726748508648875,,"(128, 128)",float32,0.006276086438447237,1.4436938762664795,0.6216502167060582,0.22314845182182824,
001129.npy,"(256, 256)",float32,0.0,1.0,0.3924000584542888,0.1718701769000465,,"(128, 128)",float32,-0.007302070502191782,1.160938024520874,0.3924424655505412,0.18705699943632212,
001130.npy,"(256, 256)",float32,0.0,1.0,0.3894386763463267,0.17077726284351877,,"(128, 128)",float32,0.0006618085317313671,1.2081574201583862,0.3895007848159793,0.18156276386473774,
001131.npy,"(256, 256)",float32,0.0,1.0,0.3986846573055196,0.17029179090585653,,"(128, 128)",float32,0.0013665530132129788,1.3222324848175049,0.3988243904790849,0.18491157268374628,
001132.npy,"(256, 256)",float32,0.0,1.0,0.5322511775825336,0.3258642882213896,,"(128, 128)",float32,-0.10784085094928741,1.6998112201690674,0.5331522583737128,0.34061383230294434,
001133.npy,"(256, 256)",float32,0.0,1.0,0.4790190796780349,0.32425906416947653,,"(128, 128)",float32,-0.08188804984092712,1.4158762693405151,0.480807846663704,0.3313659089396283,
001134.npy,"(256, 256)",float32,0.0,1.0,0.48783051968591473,0.318971622690722,,"(128, 128)",float32,-0.08216951787471771,1.4198638200759888,0.4886111907819495,0.3306796265553891,
001135.npy,"(256, 256)",float32,0.0,1.0,0.5049279121237101,0.319440403031979,,"(128, 128)",float32,-0.06323722749948502,1.4715758562088013,0.5037139987505037,0.3334527909526546,
001136.npy,"(256, 256)",float32,0.0,1.0,0.27073862554609107,0.21233306793095283,,"(128, 128)",float32,-0.0034042049665004015,1.1146483421325684,0.2705042176772281,0.2193929343413643,
001137.npy,"(256, 256)",float32,0.0,1.0,0.4795763520676246,0.2691142410141694,,"(128, 128)",float32,0.0052516576834023,1.3194866180419922,0.4787636918485134,0.2798429025765911,
001138.npy,"(256, 256)",float32,0.0,1.0,0.5259261066829595,0.247827528980054,,"(128, 128)",float32,0.01648368500173092,1.3552663326263428,0.5245381021259163,0.2624410907286674,
001139.npy,"(256, 256)",float32,0.0,1.0,0.5183442176902062,0.250022356486839,,"(128, 128)",float32,-0.003545992774888873,1.5554478168487549,0.5187856094472068,0.2700911830097942,
001140.npy,"(256, 256)",float32,0.0,1.0,0.31577850194508095,0.1559456372447347,,"(128, 128)",float32,0.0005828964640386403,1.1033275127410889,0.3149988752581301,0.16474449166576097,
001141.npy,"(256, 256)",float32,0.0,1.0,0.6073841744527115,0.18840321211902863,,"(128, 128)",float32,0.01850934512913227,1.647887110710144,0.6074521582283978,0.21511876648749717,
001142.npy,"(256, 256)",float32,0.0,1.0,0.607667514889954,0.18126057196488177,,"(128, 128)",float32,0.004567137453705072,1.3467990159988403,0.6055834240864044,0.20145489792156446,
001143.npy,"(256, 256)",float32,0.0,1.0,0.5978291238827254,0.2041770437797909,,"(128, 128)",float32,0.00468047708272934,1.3973537683486938,0.5980605359134188,0.22434355048805923,
001144.npy,"(256, 256)",float32,0.0,1.0,0.43329852647974576,0.19108501820418802,,"(128, 128)",float32,-0.01947808638215065,1.34231436252594,0.4349579277701423,0.2108560548565293,
001145.npy,"(256, 256)",float32,0.0,1.0,0.48082051205718024,0.22928943950279296,,"(128, 128)",float32,-0.013121385127305984,1.1748273372650146,0.48063197104212296,0.24666594567119313,
001146.npy,"(256, 256)",float32,0.0,1.0,0.4795915773342436,0.22210580280893294,,"(128, 128)",float32,-0.017637068405747414,1.2005137205123901,0.4793743800691672,0.24341286095684797,
001147.npy,"(256, 256)",float32,0.0,1.0,0.44643696244456876,0.2129182938967856,,"(128, 128)",float32,-0.019827228039503098,1.3089691400527954,0.4469951349557064,0.22901625956207122,
001148.npy,"(256, 256)",float32,0.0,1.0,0.3030660023696363,0.10678210154468996,,"(128, 128)",float32,-0.006989617832005024,0.9867435693740845,0.30341488202856226,0.11712359039192251,
001149.npy,"(256, 256)",float32,0.0,1.0,0.3735247197276279,0.17445979412317283,,"(128, 128)",float32,-0.04464001953601837,1.1886553764343262,0.37335843233719146,0.1825051610949941,
001150.npy,"(256, 256)",float32,0.0,1.0,0.37476933112580113,0.17508374744735603,,"(128, 128)",float32,-0.03847891464829445,1.3248426914215088,0.3754099428248949,0.1848062499156902,
001151.npy,"(256, 256)",float32,0.0,1.0,0.373452713542914,0.1750628887839983,,"(128, 128)",float32,-0.061201732605695724,1.2866649627685547,0.37436303555293327,0.1883764628830269,
001152.npy,"(256, 256)",float32,0.0,1.0,0.535666413698543,0.2666482097755685,,"(128, 128)",float32,0.004466729704290628,1.7252116203308105,0.535762719250755,0.2869871730243111,
001153.npy,"(256, 256)",float32,0.0,1.0,0.43518350683639184,0.2507792010614317,,"(128, 128)",float32,-0.003540855599567294,1.404898762702942,0.4346696333430913,0.26247091586723553,
001154.npy,"(256, 256)",float32,0.0,1.0,0.48763087132518557,0.23441746848532544,,"(128, 128)",float32,0.003964775707572699,1.7028201818466187,0.4866212630276152,0.25158501870779587,
001155.npy,"(256, 256)",float32,0.0,1.0,0.44280803043486827,0.220586814111929,,"(128, 128)",float32,0.0006951031391508877,1.4132639169692993,0.4425864281760745,0.2334525862086364,
001156.npy,"(256, 256)",float32,0.0,1.0,0.2935353214492995,0.2960983266625038,,"(128, 128)",float32,-0.019323859363794327,1.5248818397521973,0.29450384274185026,0.3056886493346391,
001157.npy,"(256, 256)",float32,0.0,1.0,0.2600200485082098,0.1579255425588914,,"(128, 128)",float32,0.029303211718797684,1.1674392223358154,0.2595436394919943,0.16317434665067346,
001158.npy,"(256, 256)",float32,0.0,1.0,0.2507742466589633,0.15546414712087064,,"(128, 128)",float32,0.018683424219489098,1.3906623125076294,0.25063196034034263,0.16301954324880363,
001159.npy,"(256, 256)",float32,0.0,1.0,0.24907299124794946,0.15669217599354945,,"(128, 128)",float32,0.0060493797063827515,1.353739857673645,0.2490302895583909,0.1605853069697168,
001160.npy,"(256, 256)",float32,0.0,1.0,0.5692123654893777,0.19551862973957349,,"(128, 128)",float32,0.015937156975269318,1.4578646421432495,0.5714407381833553,0.21468014731023066,
001161.npy,"(256, 256)",float32,0.0,1.0,0.5974978012169494,0.20419105943153343,,"(128, 128)",float32,-0.00029052727040834725,1.5870245695114136,0.5974325597804135,0.2251531620649022,
001162.npy,"(256, 256)",float32,0.0,1.0,0.6450066345531322,0.18111563495513208,,"(128, 128)",float32,0.019662247970700264,1.4732177257537842,0.6456946909714816,0.2057284086635626,
001163.npy,"(256, 256)",float32,0.0,1.0,0.6364358197397171,0.19379098592906352,,"(128, 128)",float32,-0.0004978708457201719,1.6982038021087646,0.6361506890635411,0.2198313700337943,
001164.npy,"(256, 256)",float32,0.0,1.0,0.1799117064455453,0.14305591722361236,,"(128, 128)",float32,-0.03458065539598465,1.3612452745437622,0.18067314098427945,0.14960629566014547,
001165.npy,"(256, 256)",float32,0.0,1.0,0.7572478256664112,0.1592119747808342,,"(128, 128)",float32,0.004813433159142733,1.7721294164657593,0.7575021265277257,0.2093910643601381,
001166.npy,"(256, 256)",float32,0.0,1.0,0.755856849406797,0.15922927662584294,,"(128, 128)",float32,-0.0003714149643201381,1.5886954069137573,0.7566879621068789,0.19350003019068548,
001167.npy,"(256, 256)",float32,0.0,1.0,0.7639136309240939,0.1461791732569172,,"(128, 128)",float32,0.035714976489543915,1.5369826555252075,0.7633135775761275,0.18764001022865,
001168.npy,"(256, 256)",float32,0.0,1.0,0.11090236990918356,0.08862499154242012,,"(128, 128)",float32,0.00942247360944748,1.1047230958938599,0.11088646613842457,0.09001904115608664,
001169.npy,"(256, 256)",float32,0.0,1.0,0.32406081229114037,0.08028151864490299,,"(128, 128)",float32,0.030018460005521774,1.0895894765853882,0.32446564355154806,0.10049352727851993,
001170.npy,"(256, 256)",float32,0.0,1.0,0.32312434361369213,0.08184090483724007,,"(128, 128)",float32,0.013882615603506565,0.9729719758033752,0.3228910731411929,0.1003417909370047,
001171.npy,"(256, 256)",float32,0.0,1.0,0.3270908360740101,0.08396261477701232,,"(128, 128)",float32,0.03156518191099167,1.0759261846542358,0.3266188183597478,0.10251009793123184,
001172.npy,"(256, 256)",float32,0.0,1.0,0.3700946043040809,0.25243527645492086,,"(128, 128)",float32,-0.012996729463338852,1.5244417190551758,0.37082615183508993,0.26342476945711324,
001173.npy,"(256, 256)",float32,0.0,1.0,0.7211906618263129,0.1604338966634391,,"(128, 128)",float32,0.009263867512345314,1.57793128490448,0.7211058017584264,0.20275556235110753,
001174.npy,"(256, 256)",float32,0.0,1.0,0.6681937252561667,0.18203288582591062,,"(128, 128)",float32,0.027599098160862923,1.5020649433135986,0.668083194731139,0.21532848724940015,
001175.npy,"(256, 256)",float32,0.0,1.0,0.7381044374409953,0.15295381510173492,,"(128, 128)",float32,-0.004194739740341902,1.485346794128418,0.7376408449028702,0.1852331607460049,
001176.npy,"(256, 256)",float32,0.0,1.0,0.39744373379406817,0.16808228144909262,,"(128, 128)",float32,-0.0009232827578671277,1.4551922082901,0.3975724539704628,0.17987678199868373,
001177.npy,"(256, 256)",float32,0.0,1.0,0.36650453754314327,0.23142461911354947,,"(128, 128)",float32,-0.02798014134168625,1.3933626413345337,0.3658215560737941,0.2399871343775455,
001178.npy,"(256, 256)",float32,0.0,1.0,0.33672068519192155,0.20640804144807381,,"(128, 128)",float32,0.002503679832443595,1.73818039894104,0.3363760694426077,0.2169941185124541,
001179.npy,"(256, 256)",float32,0.0,1.0,0.32998425097030903,0.19981157351474596,,"(128, 128)",float32,-0.01541170384734869,1.5604497194290161,0.3306939637463344,0.21022813965198062,
001180.npy,"(256, 256)",float32,0.0,1.0,0.32531984447395246,0.19218980666953475,,"(128, 128)",float32,-0.02015571855008602,1.2660434246063232,0.3252239302552482,0.2001232976107641,
001181.npy,"(256, 256)",float32,0.0,1.0,0.44480685352849036,0.16215180813960395,,"(128, 128)",float32,0.045486852526664734,1.3156719207763672,0.444859458056726,0.17856684065899284,
001182.npy,"(256, 256)",float32,0.0,1.0,0.4445816883603584,0.16041488114308888,,"(128, 128)",float32,0.02360212616622448,1.5195603370666504,0.443682803310935,0.1736705644153163,
001183.npy,"(256, 256)",float32,0.0,1.0,0.4470610818552814,0.15966117256904316,,"(128, 128)",float32,0.03242773190140724,1.3624061346054077,0.44720586519838434,0.17858624244275909,
001184.npy,"(256, 256)",float32,0.0,1.0,0.5408224995558442,0.18763297895748768,,"(128, 128)",float32,0.002470756648108363,1.4923933744430542,0.5408348783090702,0.2049658774074485,
001185.npy,"(256, 256)",float32,0.0,1.0,0.4093369574403738,0.14893469627264985,,"(128, 128)",float32,-0.003810835536569357,1.3851925134658813,0.4095337294079684,0.16370606360341539,
001186.npy,"(256, 256)",float32,0.0,1.0,0.4057733689801495,0.1565610099908551,,"(128, 128)",float32,0.013550098985433578,1.1998562812805176,0.4052549635896412,0.16732912475037626,
001187.npy,"(256, 256)",float32,0.0,1.0,0.39607648310828836,0.15375073906852701,,"(128, 128)",float32,0.019755076617002487,1.3646694421768188,0.39600377683484567,0.17272736369269384,
001188.npy,"(256, 256)",float32,0.0,1.0,0.5432868275419063,0.2607637088383985,,"(128, 128)",float32,0.004316349979490042,1.5992668867111206,0.5430008522784249,0.27495098645673893,
001189.npy,"(256, 256)",float32,0.0,1.0,0.43191262863160507,0.15600482394985513,,"(128, 128)",float32,-0.008728757500648499,1.447420358657837,0.43129914413475134,0.17021889231778203,
001190.npy,"(256, 256)",float32,0.0,1.0,0.42611271879703505,0.15932482906835865,,"(128, 128)",float32,0.00437107915058732,1.3211098909378052,0.426222554053993,0.17468062328159845,
001191.npy,"(256, 256)",float32,0.0,1.0,0.4221173883448941,0.15967174443497156,,"(128, 128)",float32,0.007652726490050554,1.306661605834961,0.4215279284634619,0.17049756357700566,
001192.npy,"(256, 256)",float32,0.0,1.0,0.8838160568657543,0.10648651996346357,,"(128, 128)",float32,0.018975356593728065,1.6540229320526123,0.8827947995323484,0.17129338698955054,
001193.npy,"(256, 256)",float32,0.0,1.0,0.9582816237671068,0.030025084635032718,,"(128, 128)",float32,0.03043057955801487,1.8466815948486328,0.9586326661002431,0.1636271639720712,
001194.npy,"(256, 256)",float32,0.0,1.0,0.9582215378931664,0.037468183257743724,,"(128, 128)",float32,0.009610151872038841,2.073467493057251,0.9560839689818295,0.18188989396945074,
001195.npy,"(256, 256)",float32,0.0,1.0,0.9573982620359516,0.03927589504043155,,"(128, 128)",float32,-0.001838324824348092,1.8896383047103882,0.9577572915202239,0.18294718256122527,
001196.npy,"(256, 256)",float32,0.0,1.0,0.6583994215986717,0.20155833012905988,,"(128, 128)",float32,0.0011183613678440452,1.5003032684326172,0.6590514538841532,0.22801150757355917,
001197.npy,"(256, 256)",float32,0.0,1.0,0.34567883637342334,0.13067653015884015,,"(128, 128)",float32,0.011122246272861958,1.1146087646484375,0.3456982162622353,0.14528783984454685,
001198.npy,"(256, 256)",float32,0.0,1.0,0.5422773508004513,0.1961789054997944,,"(128, 128)",float32,0.014130483381450176,1.333584189414978,0.5423286680663182,0.212227534634734,
001199.npy,"(256, 256)",float32,0.0,1.0,0.3072986215463267,0.11819686223159738,,"(128, 128)",float32,0.0022293657530099154,1.3848789930343628,0.30766752299491884,0.13214449462402053,
001200.npy,"(256, 256)",float32,0.0,1.0,0.5499502070993323,0.27208354696785836,,"(128, 128)",float32,0.00396161200478673,1.4623466730117798,0.5497207803139474,0.28584987887408464,
001201.npy,"(256, 256)",float32,0.0,1.0,0.4401392707794196,0.19192573416393333,,"(128, 128)",float32,-0.008957221172749996,1.2815394401550293,0.44029549272685387,0.20702943517176017,
001202.npy,"(256, 256)",float32,0.0,1.0,0.4589601184234837,0.22011564089168317,,"(128, 128)",float32,3.599129922804423e-05,1.4118248224258423,0.4592081988079919,0.2395287634548717,
001203.npy,"(256, 256)",float32,0.0,1.0,0.4658229242075387,0.17506094756553794,,"(128, 128)",float32,-0.006036839913576841,1.4164212942123413,0.46575355877375557,0.1903204607008421,
001204.npy,"(256, 256)",float32,0.0,1.0,0.31085653674172065,0.15466591875441657,,"(128, 128)",float32,-0.03225337713956833,1.3782508373260498,0.31077381824657735,0.16667433109721083,
001205.npy,"(256, 256)",float32,0.0,1.0,0.4384754903062813,0.23673429761034892,,"(128, 128)",float32,0.010363904759287834,1.4375972747802734,0.43822532330091235,0.2512804955117753,
001206.npy,"(256, 256)",float32,0.0,1.0,0.543138785127951,0.04634894970336971,,"(128, 128)",float32,0.026491137221455574,1.3682807683944702,0.5436250869125843,0.10611703567601706,
001207.npy,"(256, 256)",float32,0.0,1.0,0.4406473398347191,0.2506356095870598,,"(128, 128)",float32,-0.016137557104229927,1.4861987829208374,0.44120321266872864,0.26218061067815923,
001208.npy,"(256, 256)",float32,0.0,1.0,0.6171363445094187,0.11427185423293866,,"(128, 128)",float32,0.08588404953479767,1.3101801872253418,0.6168370148943723,0.15319071714045732,
001209.npy,"(256, 256)",float32,0.0,1.0,0.45749262476024516,0.12434644635412243,,"(128, 128)",float32,-0.01594003662467003,1.1695390939712524,0.4572249169281726,0.14557037529516842,
001210.npy,"(256, 256)",float32,0.0,1.0,0.45657109033517285,0.12790882624872568,,"(128, 128)",float32,-0.05098840594291687,1.267703890800476,0.45611629844741586,0.14786556479156254,
001211.npy,"(256, 256)",float32,0.0,1.0,0.458077071445254,0.12231668560420667,,"(128, 128)",float32,-0.019321564584970474,1.2008023262023926,0.4577645017878176,0.14336928314288583,
001212.npy,"(256, 256)",float32,0.0,1.0,0.291100123336836,0.2328494319179522,,"(128, 128)",float32,-0.012939749285578728,1.2254869937896729,0.29092207751346866,0.23836918348373978,
001213.npy,"(256, 256)",float32,0.0,1.0,0.5427421107336556,0.300884029784491,,"(128, 128)",float32,-0.0588989220559597,1.8161695003509521,0.5432510980536733,0.3187520346984871,
001214.npy,"(256, 256)",float32,0.0,1.0,0.5146067910424641,0.30305986242322913,,"(128, 128)",float32,-0.02818557247519493,1.5808683633804321,0.5158772236306106,0.32134181211529506,
001215.npy,"(256, 256)",float32,0.0,1.0,0.4895830154245049,0.29847885970419674,,"(128, 128)",float32,-0.05092935636639595,1.4543989896774292,0.48930447282348055,0.3084217637377618,
001216.npy,"(256, 256)",float32,0.0,1.0,0.274228418008434,0.13439984350261514,,"(128, 128)",float32,-0.020420702174305916,0.9447164535522461,0.2743703501011794,0.14110777052403295,
001217.npy,"(256, 256)",float32,0.0,1.0,0.18108420888870302,0.13963566580732664,,"(128, 128)",float32,-0.0018248070264235139,1.0709500312805176,0.1813470347731183,0.14399883071563724,
001218.npy,"(256, 256)",float32,0.0,1.0,0.18053499668341288,0.13952821995383463,,"(128, 128)",float32,-0.0005101597052998841,1.2836930751800537,0.18126457884785552,0.14768511716447855,
001219.npy,"(256, 256)",float32,0.0,1.0,0.18031975777831022,0.1398645744073085,,"(128, 128)",float32,-0.016672492027282715,1.2644413709640503,0.18098217169648478,0.1446723677622044,
001220.npy,"(256, 256)",float32,0.0,1.0,0.7422101132121224,0.06471521130129726,,"(128, 128)",float32,0.006236412562429905,1.4310009479522705,0.7439808210424417,0.1418956379317421,
001221.npy,"(256, 256)",float32,0.0,1.0,0.30318379837461507,0.14153879138606773,,"(128, 128)",float32,-0.005673139821738005,1.055248498916626,0.3032121793690692,0.15221361832628053,
001222.npy,"(256, 256)",float32,0.0,1.0,0.3026519348078409,0.14120000980606923,,"(128, 128)",float32,0.009400294162333012,1.275978684425354,0.3028893445086851,0.14901887401937208,
001223.npy,"(256, 256)",float32,0.0,1.0,0.3085356202375529,0.14524936447848366,,"(128, 128)",float32,0.00497790239751339,1.1108335256576538,0.3082541039334217,0.15697874700279765,
001224.npy,"(256, 256)",float32,0.0,1.0,0.3534402891611883,0.1952412329599287,,"(128, 128)",float32,-0.0160699300467968,1.278355598449707,0.35343484277450443,0.20255301692808544,
001225.npy,"(256, 256)",float32,0.0,1.0,0.6541371437641448,0.25909462680997275,,"(128, 128)",float32,-0.003932970110327005,1.477271556854248,0.6533786682338523,0.27795149325891766,
001226.npy,"(256, 256)",float32,0.0,1.0,0.6542768851079908,0.25899494939392076,,"(128, 128)",float32,0.004751479718834162,1.5904630422592163,0.6547193940097031,0.2768284990312177,
001227.npy,"(256, 256)",float32,0.0,1.0,0.7540041769875216,0.2275017532504358,,"(128, 128)",float32,-0.001304237055592239,1.5417367219924927,0.752388436084523,0.2521200426986656,
001228.npy,"(256, 256)",float32,0.0,1.0,0.13089027320184243,0.07704414470284314,,"(128, 128)",float32,0.0005694317515008152,1.1373120546340942,0.1310573323512756,0.08390095728067916,
001229.npy,"(256, 256)",float32,0.0,1.0,0.21078391988556744,0.21034396649770742,,"(128, 128)",float32,-0.008014745078980923,1.1697548627853394,0.21062754681019324,0.21469070283309308,
001230.npy,"(256, 256)",float32,0.0,1.0,0.20734128702524918,0.20955626030917598,,"(128, 128)",float32,-0.016999131068587303,1.2544159889221191,0.2072055060494229,0.213373258354669,
001231.npy,"(256, 256)",float32,0.0,1.0,0.21058765250149625,0.21053100688498635,,"(128, 128)",float32,-0.0052768513560295105,1.2071386575698853,0.21013738216756295,0.21402143348860975,
001232.npy,"(256, 256)",float32,0.0,1.0,0.3721556844780272,0.24222101205953078,,"(128, 128)",float32,-0.028987320140004158,1.3346134424209595,0.37293849092253306,0.25255883077806673,
001233.npy,"(256, 256)",float32,0.0,1.0,0.41036336989366706,0.13264837496682713,,"(128, 128)",float32,-0.002672020113095641,1.4011366367340088,0.4100344727086025,0.1482816320803934,
001234.npy,"(256, 256)",float32,0.0,1.0,0.3687666001823118,0.12075382007556859,,"(128, 128)",float32,-0.00422835536301136,1.4974603652954102,0.3687534301564881,0.14373989286863675,
001235.npy,"(256, 256)",float32,0.0,1.0,0.37032054317369756,0.124391199436686,,"(128, 128)",float32,0.0031159697100520134,1.2610344886779785,0.37068457205188565,0.13589127866585676,
001236.npy,"(256, 256)",float32,0.0,1.0,0.11908480811156741,0.11069278031369409,,"(128, 128)",float32,-0.03339189291000366,1.2999331951141357,0.11929213324424381,0.11315987030784658,
001237.npy,"(256, 256)",float32,0.0,1.0,0.15938570296676335,0.13747179900129286,,"(128, 128)",float32,-0.01107694674283266,1.3951393365859985,0.16005868347318142,0.1432313470227399,
001238.npy,"(256, 256)",float32,0.0,1.0,0.16863137621801627,0.09287837194039471,,"(128, 128)",float32,-0.0012823400320485234,0.7638660073280334,0.16852265507864894,0.09811320080977248,
001239.npy,"(256, 256)",float32,0.0,1.0,0.17877820440723813,0.1472576574920902,,"(128, 128)",float32,0.0015477947890758514,1.1494653224945068,0.17948690544533719,0.15317263181244045,
001240.npy,"(256, 256)",float32,0.0,1.0,0.6113339236593234,0.2186749626825283,,"(128, 128)",float32,-0.005817035213112831,1.5302882194519043,0.6105908586582398,0.24131409118250205,
001241.npy,"(256, 256)",float32,0.0,1.0,0.43055702398282136,0.2988760442395036,,"(128, 128)",float32,-0.0021669911220669746,1.3753459453582764,0.4313749894661463,0.3102275006567993,
001242.npy,"(256, 256)",float32,0.0,1.0,0.39578515124655667,0.3146401865433001,,"(128, 128)",float32,-0.0036156191490590572,1.631435513496399,0.396780303338943,0.3288545730779954,
001243.npy,"(256, 256)",float32,0.0,1.0,0.45103843787664033,0.2978724403795536,,"(128, 128)",float32,0.006355632562190294,1.5095797777175903,0.45224306748806953,0.3124674554000464,
001244.npy,"(256, 256)",float32,0.0,1.0,0.6843783752625368,0.3059088360314386,,"(128, 128)",float32,-0.004997654817998409,1.6576365232467651,0.6859903934505738,0.3334544994032265,
001245.npy,"(256, 256)",float32,0.0,1.0,0.3292347307791117,0.2184145644857476,,"(128, 128)",float32,-0.0012049215147271752,1.4981677532196045,0.32948379385645077,0.22758090730207794,
001246.npy,"(256, 256)",float32,0.0,1.0,0.3148211271977974,0.20717631138357953,,"(128, 128)",float32,0.0005254872376099229,1.4497679471969604,0.3137744748309004,0.2134586661898707,
001247.npy,"(256, 256)",float32,0.0,1.0,0.32358282568484464,0.21582850368746911,,"(128, 128)",float32,-0.0029323380440473557,1.5330013036727905,0.3230583407606211,0.2225084226732133,
001248.npy,"(256, 256)",float32,0.0,1.0,0.2504552157842924,0.19141645493797155,,"(128, 128)",float32,-0.0007016767049208283,1.300363540649414,0.2518473049076988,0.19762763717988324,
001249.npy,"(256, 256)",float32,0.0,1.0,0.6343232834719004,0.11185742396733286,,"(128, 128)",float32,0.017240051180124283,1.576363444328308,0.6343870215815741,0.162201498067567,
001250.npy,"(256, 256)",float32,0.0,1.0,0.6342000081314438,0.1060825417816518,,"(128, 128)",float32,0.01358834095299244,1.8231000900268555,0.6341651734829838,0.15310053581328403,
001251.npy,"(256, 256)",float32,0.0,1.0,0.6353544585307986,0.11163866966065282,,"(128, 128)",float32,0.01632697321474552,1.7606064081192017,0.6361999559472906,0.16760043209082892,
001252.npy,"(256, 256)",float32,0.0,1.0,0.24011090680205882,0.1171150422909713,,"(128, 128)",float32,0.007938924245536327,1.3638843297958374,0.2396537904024285,0.12614398627105172,
001253.npy,"(256, 256)",float32,0.0,1.0,0.5284973810692577,0.16738885417832947,,"(128, 128)",float32,-0.01631668023765087,1.3051358461380005,0.5285484098172191,0.18461309345094623,
001254.npy,"(256, 256)",float32,0.0,1.0,0.5359660294349737,0.1679435548938412,,"(128, 128)",float32,0.0026422312948852777,1.502634048461914,0.5353845042339032,0.18595215366946097,
001255.npy,"(256, 256)",float32,0.0,1.0,0.4824817687792978,0.15192924981648587,,"(128, 128)",float32,0.04217418283224106,1.6768726110458374,0.48384221725541465,0.18281736133117144,
001256.npy,"(256, 256)",float32,0.0,1.0,0.2963463827397703,0.11123923366444753,,"(128, 128)",float32,0.0056344070471823215,1.1878632307052612,0.29605133528619376,0.12169301922871492,
001257.npy,"(256, 256)",float32,0.0,1.0,0.594019339137617,0.06915272315230533,,"(128, 128)",float32,-0.044070396572351456,1.2932051420211792,0.5948020936373268,0.12666797772823812,
001258.npy,"(256, 256)",float32,0.0,1.0,0.5666180174109172,0.0883453087040347,,"(128, 128)",float32,-0.06156831607222557,1.356695532798767,0.5668637382574957,0.12997281161320218,
001259.npy,"(256, 256)",float32,0.0,1.0,0.5961615470249626,0.06918504114281239,,"(128, 128)",float32,0.025162039324641228,1.3349177837371826,0.5969244423430382,0.11346611771868821,
001260.npy,"(256, 256)",float32,0.0,1.0,0.23436408186920232,0.1872948145391834,,"(128, 128)",float32,-0.022930245846509933,1.412460446357727,0.23461033938724007,0.1956770135415396,
001261.npy,"(256, 256)",float32,0.0,1.0,0.12092991561613875,0.13406919333934197,,"(128, 128)",float32,0.00045831751776859164,1.3769742250442505,0.12122483025508402,0.13898723563554313,
001262.npy,"(256, 256)",float32,0.0,1.0,0.11979651684235398,0.13759353912540553,,"(128, 128)",float32,-0.006718988995999098,1.3314357995986938,0.12013043583234251,0.14137819687738012,
001263.npy,"(256, 256)",float32,0.0,1.0,0.11451691815305054,0.12441794401342064,,"(128, 128)",float32,-0.011618129909038544,1.3345391750335693,0.11492706462847746,0.12733833872868133,
001264.npy,"(256, 256)",float32,0.0,1.0,0.5255193836263032,0.32874934176735093,,"(128, 128)",float32,-0.017241526395082474,1.4271267652511597,0.525182373730356,0.34231585928395186,
001265.npy,"(256, 256)",float32,0.0,1.0,0.4320533395586139,0.42343873386771336,,"(128, 128)",float32,0.004802793264389038,1.715261459350586,0.43269312506694746,0.4357747016383081,
001266.npy,"(256, 256)",float32,0.0,1.0,0.40345037941639816,0.396066802009897,,"(128, 128)",float32,-0.0020889020524919033,1.5352383852005005,0.4037883318925992,0.40668314841397635,
001267.npy,"(256, 256)",float32,0.0,1.0,0.24393732093705012,0.29585333881502585,,"(128, 128)",float32,-0.001688472111709416,1.7246173620224,0.24649492391206884,0.3074851211485558,
001268.npy,"(256, 256)",float32,0.0,1.0,0.35829646810722693,0.2312502929593326,,"(128, 128)",float32,0.01748623698949814,1.4733160734176636,0.3603903319391293,0.24463756175729404,
001269.npy,"(256, 256)",float32,0.0,1.0,0.6501762873220258,0.2753454223893317,,"(128, 128)",float32,0.0054860105738043785,1.6713101863861084,0.6499727445138035,0.29792367354930094,
001270.npy,"(256, 256)",float32,0.0,1.0,0.7160248561517051,0.2511993157478299,,"(128, 128)",float32,0.008188409730792046,1.613094687461853,0.7148805642156617,0.27628391670482366,
001271.npy,"(256, 256)",float32,0.0,1.0,0.6435521756435918,0.2859039810729733,,"(128, 128)",float32,-0.0010210650507360697,1.7030450105667114,0.6419390142864216,0.30814633132890973,
001272.npy,"(256, 256)",float32,0.0,1.0,0.29455437106220494,0.1749175971537459,,"(128, 128)",float32,-0.01868235506117344,1.2462575435638428,0.29345756958494496,0.1864243392108154,
001273.npy,"(256, 256)",float32,0.0,1.0,0.2582034295689921,0.19855319782667605,,"(128, 128)",float32,-0.022491570562124252,1.3226847648620605,0.2590430927617027,0.20493598084693487,
001274.npy,"(256, 256)",float32,0.0,1.0,0.24663886741911786,0.18878541799608733,,"(128, 128)",float32,-0.020929167047142982,1.295709490776062,0.2469315165638356,0.1962992862962522,
001275.npy,"(256, 256)",float32,0.0,1.0,0.25694916250372524,0.19871551933400716,,"(128, 128)",float32,-0.009314136579632759,1.3385072946548462,0.25709858218008197,0.20485399149127206,
001276.npy,"(256, 256)",float32,0.0,1.0,0.37064572063260537,0.21477052774529193,,"(128, 128)",float32,-0.022404899820685387,1.444309115409851,0.37117342138308373,0.22614483287053275,
001277.npy,"(256, 256)",float32,0.0,1.0,0.6691749913090064,0.20122815182044826,,"(128, 128)",float32,0.009374812245368958,1.6493326425552368,0.668137913331293,0.23141541803166027,
001278.npy,"(256, 256)",float32,0.0,1.0,0.6622794917970509,0.20225956890353,,"(128, 128)",float32,0.025187605991959572,1.4756431579589844,0.6624179076658265,0.22664781923280194,
001279.npy,"(256, 256)",float32,0.0,1.0,0.6612708424624714,0.20286131631114113,,"(128, 128)",float32,0.007525896653532982,1.5401467084884644,0.6617758303218011,0.22749301600767186,
001280.npy,"(256, 256)",float32,0.0,1.0,0.5632703889600634,0.21130198797823388,,"(128, 128)",float32,-0.010573847219347954,1.4538286924362183,0.5618328713682104,0.23015451139382426,
001281.npy,"(256, 256)",float32,0.0,1.0,0.24561682183004052,0.10977774770577352,,"(128, 128)",float32,-0.0008192794630303979,0.8872325420379639,0.24520456019630288,0.11134758086770526,
001282.npy,"(256, 256)",float32,0.0,1.0,0.2633203031563802,0.11219377903220974,,"(128, 128)",float32,-0.008790405467152596,1.15310537815094,0.26387686755035134,0.12108805208065258,
001283.npy,"(256, 256)",float32,0.0,1.0,0.2444559287790966,0.10780333956911466,,"(128, 128)",float32,-0.011227911338210106,0.8629946708679199,0.24429441712493372,0.11032495718063205,
001284.npy,"(256, 256)",float32,0.0,1.0,0.6594747260701013,0.20417743279115746,,"(128, 128)",float32,0.02100568264722824,1.5916227102279663,0.658084934245835,0.23734065130951557,
001285.npy,"(256, 256)",float32,0.0,1.0,0.5174630784436545,0.1181958408210648,,"(128, 128)",float32,0.03641408681869507,1.2203823328018188,0.5182708186325726,0.13628100964299197,
001286.npy,"(256, 256)",float32,0.0,1.0,0.5387855533450647,0.11624614730000939,,"(128, 128)",float32,0.04284078627824783,1.2571159601211548,0.5387997958009692,0.13417817826881234,
001287.npy,"(256, 256)",float32,0.0,1.0,0.543694298165633,0.11352094767358477,,"(128, 128)",float32,0.009093203581869602,1.353053092956543,0.5443847805168502,0.13877969112798644,
001288.npy,"(256, 256)",float32,0.0,1.0,0.1985978516669391,0.2904490365591657,,"(128, 128)",float32,-0.008510815910995007,1.7507002353668213,0.1998053794764303,0.29937840268663546,
001289.npy,"(256, 256)",float32,0.0,1.0,0.1588756590251421,0.1299768767225847,,"(128, 128)",float32,-0.050403889268636703,1.0630618333816528,0.15876927529583362,0.13447413270481798,
001290.npy,"(256, 256)",float32,0.0,1.0,0.16518031440039388,0.13270848212117162,,"(128, 128)",float32,-0.029903048649430275,1.1423275470733643,0.1649200365957717,0.13660184370374173,
001291.npy,"(256, 256)",float32,0.0,1.0,0.16365305976942124,0.1358450172144656,,"(128, 128)",float32,-0.014803171157836914,1.1924015283584595,0.1636927372684036,0.14013173939827528,
001292.npy,"(256, 256)",float32,0.0,1.0,0.30065749667803665,0.152834992311588,,"(128, 128)",float32,-0.018714603036642075,1.3523313999176025,0.30139372445242785,0.16483326273296675,
001293.npy,"(256, 256)",float32,0.0,1.0,0.14615693551881748,0.12482229816464105,,"(128, 128)",float32,-0.0023700669407844543,1.4350100755691528,0.14597019284320822,0.12832160502291592,
001294.npy,"(256, 256)",float32,0.0,1.0,0.13392962124480334,0.1030937416711525,,"(128, 128)",float32,-0.0038087209686636925,1.4913091659545898,0.13400414661970217,0.10715209967997252,
001295.npy,"(256, 256)",float32,0.0,1.0,0.14280631469004845,0.11635358202608583,,"(128, 128)",float32,0.003583051497116685,1.2138041257858276,0.1426573605671848,0.11974267730228805,
001296.npy,"(256, 256)",float32,0.0,1.0,0.5260452716730804,0.13295831282985274,,"(128, 128)",float32,-0.002880473155528307,1.3429162502288818,0.5258167140854226,0.16327664008759424,
001297.npy,"(256, 256)",float32,0.0,1.0,0.5926126238923501,0.1586486029374665,,"(128, 128)",float32,0.0009764120331965387,1.6863828897476196,0.593903597684541,0.19120467503770883,
001298.npy,"(256, 256)",float32,0.0,1.0,0.5450810843008327,0.17271693883612266,,"(128, 128)",float32,-0.0039805336855351925,1.603674292564392,0.5456599606801831,0.19418500285421128,
001299.npy,"(256, 256)",float32,0.0,1.0,0.6030902856302163,0.0952238528984245,,"(128, 128)",float32,0.010013150982558727,1.390683650970459,0.6030665849980892,0.14612642743253662,
001300.npy,"(256, 256)",float32,0.0,1.0,0.4776373158843956,0.17894595990153112,,"(128, 128)",float32,-0.003855941817164421,1.3949991464614868,0.4776349523962722,0.2016251720447066,
001301.npy,"(256, 256)",float32,0.0,1.0,0.5880423879919974,0.1921520046100149,,"(128, 128)",float32,0.004470895044505596,1.4324886798858643,0.5888760728491889,0.21651456122594573,
001302.npy,"(256, 256)",float32,0.0,1.0,0.5896818407828448,0.19129758261892366,,"(128, 128)",float32,-0.01039552316069603,1.682045578956604,0.5888154413247548,0.2240241231208558,
001303.npy,"(256, 256)",float32,0.0,1.0,0.5758915863461667,0.19082852142850018,,"(128, 128)",float32,0.004148965235799551,1.7338424921035767,0.574959880294017,0.22579672640536388,
001304.npy,"(256, 256)",float32,0.0,1.0,0.7706784057399705,0.21563295828049117,,"(128, 128)",float32,-0.03970064967870712,1.7178987264633179,0.770021992211285,0.26017455302408465,
001305.npy,"(256, 256)",float32,0.0,1.0,0.7701215657792915,0.14488784770036817,,"(128, 128)",float32,0.0028613132890313864,1.5277618169784546,0.7694750593426392,0.18289206687750653,
001306.npy,"(256, 256)",float32,0.0,1.0,0.7498395184949143,0.15995360061583824,,"(128, 128)",float32,-0.0019768511410802603,1.5217148065567017,0.74855721228802,0.198549214637974,
001307.npy,"(256, 256)",float32,0.0,1.0,0.7735388055358499,0.13198048555933198,,"(128, 128)",float32,0.006064956076443195,1.5619852542877197,0.7725879048549018,0.19531788679104667,
001308.npy,"(256, 256)",float32,0.0,1.0,0.1741978698233979,0.1876517055270062,,"(128, 128)",float32,-0.0023582999128848314,1.245369553565979,0.17462163785953422,0.19198452960343004,
001309.npy,"(256, 256)",float32,0.0,1.0,0.13251231563040378,0.15332973882680503,,"(128, 128)",float32,-0.011266940273344517,1.3492095470428467,0.13287698668880576,0.15595617386738006,
001310.npy,"(256, 256)",float32,0.0,1.0,0.11897137178487505,0.14981986618425272,,"(128, 128)",float32,-0.012425278313457966,1.2440470457077026,0.11897609975156315,0.15232280336259296,
001311.npy,"(256, 256)",float32,0.0,1.0,0.1208026046082612,0.14565762968269796,,"(128, 128)",float32,-0.01879383809864521,1.2060682773590088,0.12044732066346597,0.14850169454312828,
001312.npy,"(256, 256)",float32,0.0,1.0,0.5026585443506716,0.20258222527186376,,"(128, 128)",float32,-0.1139989122748375,1.4613037109375,0.5022629652750688,0.21912599946498706,
001313.npy,"(256, 256)",float32,0.0,1.0,0.43097002937610346,0.20897365355224634,,"(128, 128)",float32,-0.1021142229437828,1.5792838335037231,0.4302932495331184,0.2217034945740767,
001314.npy,"(256, 256)",float32,0.0,1.0,0.4297960180024193,0.2088713169579695,,"(128, 128)",float32,-0.08188702911138535,1.5073288679122925,0.42995219423294273,0.2206346343073005,
001315.npy,"(256, 256)",float32,0.0,1.0,0.42796161326004545,0.20852207488467003,,"(128, 128)",float32,-0.10193928331136703,1.5103051662445068,0.4274827737107447,0.21812721065635338,
001316.npy,"(256, 256)",float32,0.0,1.0,0.5540592902586408,0.13543210274853285,,"(128, 128)",float32,-0.061938825994729996,1.2914714813232422,0.5549325235462703,0.17424646499655722,
001317.npy,"(256, 256)",float32,0.0,1.0,0.43143252850310887,0.14591407352230307,,"(128, 128)",float32,-0.01527515146881342,0.9470963478088379,0.43204309419103026,0.166162441371286,
001318.npy,"(256, 256)",float32,0.0,1.0,0.4301077675504388,0.14562300476218687,,"(128, 128)",float32,-0.0185746680945158,0.9050658345222473,0.4298997393054833,0.16771891041460532,
001319.npy,"(256, 256)",float32,0.0,1.0,0.40519168827135843,0.15440977752822657,,"(128, 128)",float32,-0.039526842534542084,0.8595094084739685,0.4060323671904911,0.17044854895387934,
001320.npy,"(256, 256)",float32,0.0,1.0,0.25837559645853686,0.18537332267987788,,"(128, 128)",float32,-0.006697738077491522,1.1690406799316406,0.25841105809513554,0.1912669834001068,
001321.npy,"(256, 256)",float32,0.0,1.0,0.07791197292052547,0.15280831545991466,,"(128, 128)",float32,-0.008796004578471184,1.2219403982162476,0.07785792652211866,0.1544266770892374,
001322.npy,"(256, 256)",float32,0.0,1.0,0.0806262076918173,0.15567977218214332,,"(128, 128)",float32,-0.010031621903181076,1.1809364557266235,0.08023473241307685,0.1574717087975237,
001323.npy,"(256, 256)",float32,0.0,1.0,0.049978961252398646,0.0978244926123318,,"(128, 128)",float32,-0.008404970169067383,1.191628336906433,0.05002543625198294,0.0993486566632343,
001324.npy,"(256, 256)",float32,0.0,1.0,0.8558787939214199,0.04398406865393914,,"(128, 128)",float32,0.40387994050979614,1.573174238204956,0.8556797197215928,0.1422028518593364,
001325.npy,"(256, 256)",float32,0.0,1.0,0.20441835635912836,0.1954250992490755,,"(128, 128)",float32,-0.05931653454899788,1.194885492324829,0.20513647109625288,0.2002401801403485,
001326.npy,"(256, 256)",float32,0.0,1.0,0.24479270144837928,0.22253962742476452,,"(128, 128)",float32,-0.0499483197927475,1.3195720911026,0.24610701299602322,0.23228365143165297,
001327.npy,"(256, 256)",float32,0.0,1.0,0.23685615365274615,0.20913822538139762,,"(128, 128)",float32,-0.037981413304805756,1.318300485610962,0.2372506517321611,0.2143161425557565,
001328.npy,"(256, 256)",float32,0.0,1.0,0.4649321472453878,0.19388054015279535,,"(128, 128)",float32,-0.00033437806996516883,1.4723671674728394,0.46479955899161585,0.21162835462991705,
001329.npy,"(256, 256)",float32,0.0,1.0,0.24204254506407696,0.1992071070674169,,"(128, 128)",float32,-0.007984528318047523,1.3110127449035645,0.2415181473157706,0.20403709879195445,
001330.npy,"(256, 256)",float32,0.0,1.0,0.21168631371320057,0.17653577499073556,,"(128, 128)",float32,-0.008847213350236416,1.333559513092041,0.21148195426282518,0.18228523651522927,
001331.npy,"(256, 256)",float32,0.0,1.0,0.21174807253404743,0.17655045805630898,,"(128, 128)",float32,-0.00887305662035942,1.4032098054885864,0.21242382880675725,0.18496947608049438,
001332.npy,"(256, 256)",float32,0.0,1.0,0.3643464819281945,0.25577552759251654,,"(128, 128)",float32,-0.030065439641475677,1.4340450763702393,0.3641664003116247,0.2616162491571683,
001333.npy,"(256, 256)",float32,0.0,1.0,0.4861812708034172,0.10419711978120255,,"(128, 128)",float32,0.032739248126745224,1.221968650817871,0.4864903909108307,0.1253755405046134,
001334.npy,"(256, 256)",float32,0.0,1.0,0.48712289279131227,0.1031092880142298,,"(128, 128)",float32,0.05641511455178261,1.2941381931304932,0.4868675704897214,0.13063925939532703,
001335.npy,"(256, 256)",float32,0.0,1.0,0.5016262041020809,0.10004186123215186,,"(128, 128)",float32,0.0365564189851284,1.201134443283081,0.5023391778479436,0.11982513150777158,
001336.npy,"(256, 256)",float32,0.0,1.0,0.5209211003464835,0.14576922601933456,,"(128, 128)",float32,0.0023447403218597174,1.418941617012024,0.5202245042506064,0.16885911317017102,
001337.npy,"(256, 256)",float32,0.0,1.0,0.36609891843852793,0.13889504984194417,,"(128, 128)",float32,-0.0007968015852384269,1.1709990501403809,0.36623403080465167,0.15175256409491777,
001338.npy,"(256, 256)",float32,0.0,1.0,0.36495510653510976,0.13675391819597302,,"(128, 128)",float32,0.0030228516552597284,1.1595616340637207,0.36461772718782015,0.14734132943679384,
001339.npy,"(256, 256)",float32,0.0,1.0,0.3654528827501906,0.12675676268202798,,"(128, 128)",float32,0.014451798051595688,1.3468842506408691,0.3651403534910287,0.14705853015540152,
001340.npy,"(256, 256)",float32,0.0,1.0,0.5791238103080076,0.23864876088979994,,"(128, 128)",float32,-0.007936399430036545,1.4825531244277954,0.5798759141581016,0.25576023578745666,
001341.npy,"(256, 256)",float32,0.0,1.0,0.5527696915575007,0.21778558532923015,,"(128, 128)",float32,-0.007250121328979731,1.5817286968231201,0.5526946579178063,0.24507678963438873,
001342.npy,"(256, 256)",float32,0.0,1.0,0.5536669415910143,0.21754772271403652,,"(128, 128)",float32,0.0012272900203242898,1.5216706991195679,0.55311902408625,0.2366624362923757,
001343.npy,"(256, 256)",float32,0.0,1.0,0.5227549844516615,0.20633662819071097,,"(128, 128)",float32,-0.007219312246888876,1.4453160762786865,0.5221159728563407,0.22288366935133128,
001344.npy,"(256, 256)",float32,0.0,1.0,0.6043445710802331,0.25749565252512696,,"(128, 128)",float32,-0.02335638552904129,1.4878973960876465,0.603676514214726,0.27906949473668075,
001345.npy,"(256, 256)",float32,0.0,1.0,0.6667062296606048,0.11973420259261476,,"(128, 128)",float32,0.04938990995287895,1.4316291809082031,0.6671337078071247,0.17840081818295234,
001346.npy,"(256, 256)",float32,0.0,1.0,0.672012230568825,0.12016487925543382,,"(128, 128)",float32,0.0145364198833704,1.4394453763961792,0.6714538811530701,0.1680686461669349,
001347.npy,"(256, 256)",float32,0.0,1.0,0.6042358312686869,0.1898848004158543,,"(128, 128)",float32,0.0005582798039540648,1.2559832334518433,0.6031434621588332,0.20853496284915266,
001348.npy,"(256, 256)",float32,0.0,1.0,0.32491886017043686,0.23921984370624688,,"(128, 128)",float32,-0.00663529708981514,1.4330122470855713,0.32454579065869404,0.2464657133322173,
001349.npy,"(256, 256)",float32,0.0,1.0,0.7699369962633682,0.1271053268636986,,"(128, 128)",float32,-0.007939317263662815,1.6577668190002441,0.7680909899501955,0.17137204078037682,
001350.npy,"(256, 256)",float32,0.0,1.0,0.44823053123936596,0.2015052646993819,,"(128, 128)",float32,-0.005184243433177471,1.4916796684265137,0.44824461118931325,0.21492378784579758,
001351.npy,"(256, 256)",float32,0.0,1.0,0.6608159938522986,0.13902203160986618,,"(128, 128)",float32,-0.002777406480163336,1.4872400760650635,0.6592806412254362,0.17709879029593298,
001352.npy,"(256, 256)",float32,0.0,1.0,0.4151087431298066,0.18154072311475994,,"(128, 128)",float32,-0.009821023792028427,1.3706809282302856,0.4149614872040104,0.1985422571939677,
001353.npy,"(256, 256)",float32,0.0,1.0,0.4436389571863941,0.1826598735236895,,"(128, 128)",float32,0.01731632463634014,1.397327184677124,0.4451865455409916,0.19753247931858098,
001354.npy,"(256, 256)",float32,0.0,1.0,0.46882294608014163,0.18693055309965861,,"(128, 128)",float32,0.012825273908674717,1.4792943000793457,0.4692046688082314,0.20690197614978462,
001355.npy,"(256, 256)",float32,0.0,1.0,0.4457868318863163,0.18361455374287688,,"(128, 128)",float32,0.012296084314584732,1.4135894775390625,0.4467545571271785,0.2038409851241315,
001356.npy,"(256, 256)",float32,0.0,1.0,0.30385126013028696,0.15109167591869693,,"(128, 128)",float32,-0.00624033622443676,1.162630558013916,0.3046297693906439,0.15937225672818647,
001357.npy,"(256, 256)",float32,0.0,1.0,0.310507601258621,0.07735354980661094,,"(128, 128)",float32,0.015008042566478252,0.9931967854499817,0.31038193150919824,0.08807115751810607,
001358.npy,"(256, 256)",float32,0.0,1.0,0.3118882281311244,0.07694606612815108,,"(128, 128)",float32,0.020448707044124603,1.0367262363433838,0.31184827214804045,0.08729605046284333,
001359.npy,"(256, 256)",float32,0.0,1.0,0.3492344209803271,0.07627691543143567,,"(128, 128)",float32,0.01445409469306469,1.0080509185791016,0.34913348862278326,0.0984366519676796,
001360.npy,"(256, 256)",float32,0.0,1.0,0.542839030535417,0.17479190945016565,,"(128, 128)",float32,-0.043954674154520035,1.3475008010864258,0.5432481636212518,0.19832967845047025,
001361.npy,"(256, 256)",float32,0.0,1.0,0.5099749612091102,0.15784514705789604,,"(128, 128)",float32,0.047025494277477264,1.53386652469635,0.5105845326975214,0.18593500223445042,
001362.npy,"(256, 256)",float32,0.0,1.0,0.5136834846723559,0.1425502574169409,,"(128, 128)",float32,0.0014274063287302852,1.4153411388397217,0.513075988577036,0.17118147037618897,
001363.npy,"(256, 256)",float32,0.0,1.0,0.48532642904236667,0.1746662566198064,,"(128, 128)",float32,0.0009878381388261914,1.3119696378707886,0.4850545910109716,0.18727535523139419,
001364.npy,"(256, 256)",float32,0.0,1.0,0.261401821648479,0.23648925439034468,,"(128, 128)",float32,-0.06547513604164124,1.3644870519638062,0.26157124528935993,0.24349149920747729,
001365.npy,"(256, 256)",float32,0.0,1.0,0.5190016969060631,0.100545064704557,,"(128, 128)",float32,-0.04011193662881851,1.1063152551651,0.5187871506016819,0.14314323627749428,
001366.npy,"(256, 256)",float32,0.0,1.0,0.47741919468188443,0.15056462220387123,,"(128, 128)",float32,-0.08173415064811707,1.1984171867370605,0.4780311880963591,0.16726360320279934,
001367.npy,"(256, 256)",float32,0.0,1.0,0.49360053076603516,0.12725198683041075,,"(128, 128)",float32,-0.06388343125581741,1.0715651512145996,0.4927536366814258,0.14442729383528283,
001368.npy,"(256, 256)",float32,0.0,1.0,0.25314228667556904,0.2337671668351052,,"(128, 128)",float32,-0.008685682900249958,1.4083619117736816,0.25408660549958384,0.24188136295907145,
001369.npy,"(256, 256)",float32,0.0,1.0,0.48355331827167447,0.15010934432927991,,"(128, 128)",float32,-0.0075408583506941795,1.246188759803772,0.4835663180073766,0.16662679508155026,
001370.npy,"(256, 256)",float32,0.0,1.0,0.49643536228650476,0.14771378948815786,,"(128, 128)",float32,0.0020895632915198803,1.2670032978057861,0.49721964423906684,0.17743460206013842,
001371.npy,"(256, 256)",float32,0.0,1.0,0.4779545166729662,0.14418224037616073,,"(128, 128)",float32,0.007506418041884899,1.2748125791549683,0.478085710838684,0.16314729366617856,
001372.npy,"(256, 256)",float32,0.0,1.0,0.44923306112431405,0.16817146807907427,,"(128, 128)",float32,-0.002915578195825219,1.4897059202194214,0.44934023877340223,0.18540622020614855,
001373.npy,"(256, 256)",float32,0.0,1.0,0.4647289861222941,0.26893383053634745,,"(128, 128)",float32,3.8912592572160065e-05,1.5642292499542236,0.4654066731821205,0.28013993263027626,
001374.npy,"(256, 256)",float32,0.0,1.0,0.4776238276646527,0.29608765602560977,,"(128, 128)",float32,-0.007987787947058678,1.7426636219024658,0.47582538208161296,0.3120131549368627,
001375.npy,"(256, 256)",float32,0.0,1.0,0.4823173595858061,0.29204571821757924,,"(128, 128)",float32,-0.0011226445203647017,1.6267725229263306,0.48199460527874294,0.30882794477624975,
001376.npy,"(256, 256)",float32,0.0,1.0,0.795320124447592,0.2628626100481259,,"(128, 128)",float32,0.0018935241969302297,1.6483274698257446,0.7954209908161332,0.29615563155465086,
001377.npy,"(256, 256)",float32,0.0,1.0,0.5004342478067656,0.18709649107343151,,"(128, 128)",float32,-0.005605265498161316,1.5806937217712402,0.49985334210393456,0.2099644358712824,
001378.npy,"(256, 256)",float32,0.0,1.0,0.48532580330405395,0.15110522254704895,,"(128, 128)",float32,0.002823887625709176,1.305234432220459,0.48576867619031816,0.1701350900318484,
001379.npy,"(256, 256)",float32,0.0,1.0,0.5024583860112806,0.18993786364832008,,"(128, 128)",float32,-0.014783950522542,1.6443825960159302,0.5033661674647814,0.21179312038278772,
001380.npy,"(256, 256)",float32,0.0,1.0,0.7431240565973937,0.20624931164737917,,"(128, 128)",float32,-0.018549898639321327,1.7130587100982666,0.7426210815795855,0.2535708112512583,
001381.npy,"(256, 256)",float32,0.0,1.0,0.24465066090020854,0.17319832713007058,,"(128, 128)",float32,-0.07328510284423828,1.0737282037734985,0.24505595993097407,0.17763731306494313,
001382.npy,"(256, 256)",float32,0.0,1.0,0.24309048172754416,0.17319933817675084,,"(128, 128)",float32,-0.07393929362297058,1.1436026096343994,0.2430135010704686,0.1776882852904081,
001383.npy,"(256, 256)",float32,0.0,1.0,0.21997336051488287,0.17261273434828747,,"(128, 128)",float32,-0.07098309695720673,1.1027302742004395,0.22024802603765994,0.17708800741149752,
001384.npy,"(256, 256)",float32,0.0,1.0,0.5874304362629452,0.26147859595504497,,"(128, 128)",float32,-0.11115974187850952,1.6078191995620728,0.586097754827823,0.27520025089634337,
001385.npy,"(256, 256)",float32,0.0,1.0,0.5348234699031735,0.2804479855011177,,"(128, 128)",float32,-0.10646283626556396,1.5819685459136963,0.5361817054856989,0.2997365292057652,
001386.npy,"(256, 256)",float32,0.0,1.0,0.55252970668932,0.2819518147733771,,"(128, 128)",float32,-0.058376312255859375,1.6729487180709839,0.5519815663068259,0.2960507898312323,
001387.npy,"(256, 256)",float32,0.0,1.0,0.5531387383764961,0.2824158042644741,,"(128, 128)",float32,-0.05998488515615463,1.4349734783172607,0.5533310179532744,0.29692365985909003,
001388.npy,"(256, 256)",float32,0.0,1.0,0.34306341261896023,0.2264188626357261,,"(128, 128)",float32,-0.015669452026486397,1.392773151397705,0.3428284703271629,0.23551653285285118,
001389.npy,"(256, 256)",float32,0.0,1.0,0.473051930261442,0.22704465926593534,,"(128, 128)",float32,0.0023266843054443598,1.371961236000061,0.4718945458397883,0.24495290239541326,
001390.npy,"(256, 256)",float32,0.0,1.0,0.5110914585799069,0.21543153365781706,,"(128, 128)",float32,-0.0074906726367771626,1.2865817546844482,0.5099933610482879,0.2289034599577402,
001391.npy,"(256, 256)",float32,0.0,1.0,0.4635285238314779,0.24208865067399415,,"(128, 128)",float32,-0.006836981512606144,1.497725009918213,0.46358879629585203,0.2600649646601533,
001392.npy,"(256, 256)",float32,0.0,1.0,0.4102577589989238,0.1888734284356771,,"(128, 128)",float32,0.013150873593986034,1.4149876832962036,0.4099765396298949,0.2035337496933332,
001393.npy,"(256, 256)",float32,0.0,1.0,0.5960223395654864,0.14833776677001562,,"(128, 128)",float32,0.015229543671011925,1.501464605331421,0.5951119744421476,0.17882981405313833,
001394.npy,"(256, 256)",float32,0.0,1.0,0.5921533911290169,0.14536869338105385,,"(128, 128)",float32,0.029254062101244926,1.3610788583755493,0.5927673461011409,0.16960820971481003,
001395.npy,"(256, 256)",float32,0.0,1.0,0.5970162890577271,0.15395225032494564,,"(128, 128)",float32,0.03274434059858322,1.5565671920776367,0.5973723531108135,0.19046076265365883,
001396.npy,"(256, 256)",float32,0.0,1.0,0.6115524746227976,0.1808795029464103,,"(128, 128)",float32,-0.00016141519881784916,1.6619839668273926,0.6129298266153995,0.21829453818156577,
001397.npy,"(256, 256)",float32,0.0,1.0,0.6890524336210717,0.09884976724519849,,"(128, 128)",float32,0.014739333651959896,1.3934522867202759,0.6893841355278596,0.13735095107985507,
001398.npy,"(256, 256)",float32,0.0,1.0,0.6881840632784559,0.09898838314496965,,"(128, 128)",float32,0.02030007168650627,1.3149062395095825,0.6886655559972041,0.14181981884400985,
001399.npy,"(256, 256)",float32,0.0,1.0,0.6888171268727632,0.09869682988828028,,"(128, 128)",float32,0.030085843056440353,1.4127743244171143,0.6889975992983182,0.14969498559608513,
001400.npy,"(256, 256)",float32,0.0,1.0,0.25619366277476985,0.15695158969917705,,"(128, 128)",float32,0.001983808586373925,1.2085647583007812,0.25652094990293506,0.1639346463641817,
001401.npy,"(256, 256)",float32,0.0,1.0,0.6935692269282043,0.25907707569679156,,"(128, 128)",float32,0.018096478655934334,1.439674735069275,0.6921740916125145,0.28248678263498644,
001402.npy,"(256, 256)",float32,0.0,1.0,0.6390113475050825,0.27917404693442116,,"(128, 128)",float32,-0.0037990971468389034,1.4783059358596802,0.638712545807266,0.29716238055876454,
001403.npy,"(256, 256)",float32,0.0,1.0,0.5277582382880353,0.3067814519195047,,"(128, 128)",float32,0.002685357118025422,1.750641107559204,0.5270774096558881,0.3265287659572976,
001404.npy,"(256, 256)",float32,0.0,1.0,0.7115866969522457,0.11944716869156431,,"(128, 128)",float32,-0.03965992480516434,1.467740535736084,0.7113148358647265,0.18056809591052475,
001405.npy,"(256, 256)",float32,0.0,1.0,0.16130368191387845,0.13724263105774961,,"(128, 128)",float32,-0.007547720335423946,1.2873389720916748,0.16084297717404183,0.1382763696781018,
001406.npy,"(256, 256)",float32,0.0,1.0,0.16017108611916697,0.08932807678761434,,"(128, 128)",float32,0.01044891681522131,1.3995252847671509,0.1602979893747829,0.09489236446061156,
001407.npy,"(256, 256)",float32,0.0,1.0,0.15203979387067168,0.13423866672984525,,"(128, 128)",float32,0.00039344513788819313,1.364925503730774,0.15178403401665896,0.13706386737130613,
001408.npy,"(256, 256)",float32,0.0,1.0,0.10127669712855664,0.1518869528020406,,"(128, 128)",float32,-0.02029171586036682,1.3294260501861572,0.10218296915846697,0.15682782269187992,
001409.npy,"(256, 256)",float32,0.0,1.0,0.15142227997000912,0.1769606535842896,,"(128, 128)",float32,0.004516152199357748,1.2917522192001343,0.15134276405896685,0.18051274392513952,
001410.npy,"(256, 256)",float32,0.0,1.0,0.12009759472199599,0.16517352446595157,,"(128, 128)",float32,-0.017245426774024963,1.2956061363220215,0.12057563035485519,0.1701817358243425,
001411.npy,"(256, 256)",float32,0.0,1.0,0.11706456269149568,0.1562553350176274,,"(128, 128)",float32,-0.005819280166178942,1.3878185749053955,0.1179674933548931,0.16302276651792566,
001412.npy,"(256, 256)",float32,0.0,1.0,0.5538336363938257,0.26565123050624395,,"(128, 128)",float32,-0.01142587885260582,1.7036802768707275,0.5535849033486215,0.27946089455794704,
001413.npy,"(256, 256)",float32,0.0,1.0,0.5266207320750436,0.28362266620411436,,"(128, 128)",float32,-0.018778782337903976,1.609824776649475,0.5269557599992123,0.30037713218256956,
001414.npy,"(256, 256)",float32,0.0,1.0,0.5288862072309346,0.28287274977753313,,"(128, 128)",float32,-0.04326324537396431,1.5905280113220215,0.5276441702548098,0.29379850226092896,
001415.npy,"(256, 256)",float32,0.0,1.0,0.5274938244717973,0.2831152240493413,,"(128, 128)",float32,-0.011381866410374641,1.5419389009475708,0.5268632404441149,0.2976841800247305,
001416.npy,"(256, 256)",float32,0.0,1.0,0.7380898626299661,0.1559520894412867,,"(128, 128)",float32,-0.004437534604221582,1.4673274755477905,0.7384760107032449,0.19330096732096017,
001417.npy,"(256, 256)",float32,0.0,1.0,0.34328639295041086,0.1842887061822223,,"(128, 128)",float32,0.0007396558648906648,1.3890774250030518,0.3436744186657812,0.1999291677020482,
001418.npy,"(256, 256)",float32,0.0,1.0,0.3895245851409821,0.20362374681555062,,"(128, 128)",float32,-0.002859268104657531,1.3590073585510254,0.38956679925342286,0.2171482807928887,
001419.npy,"(256, 256)",float32,0.0,1.0,0.35025725016610565,0.18399952340369533,,"(128, 128)",float32,-0.015509286895394325,1.204363465309143,0.3497306751126317,0.19231679092092185,
001420.npy,"(256, 256)",float32,0.0,1.0,0.5749343262675204,0.23346820263443469,,"(128, 128)",float32,0.0016295313835144043,1.4479467868804932,0.5747450345448044,0.2505465429023168,
001421.npy,"(256, 256)",float32,0.0,1.0,0.6611681687033553,0.23464756206950113,,"(128, 128)",float32,-0.012915633618831635,1.5575517416000366,0.6602788540054689,0.2616516423040421,
001422.npy,"(256, 256)",float32,0.0,1.0,0.6660150411726704,0.21796942423746563,,"(128, 128)",float32,0.03375345841050148,1.6215307712554932,0.6651417873640639,0.24335589256312404,
001423.npy,"(256, 256)",float32,0.0,1.0,0.6897763624101856,0.21810594149791815,,"(128, 128)",float32,0.0460740327835083,1.5881768465042114,0.6893357707490395,0.2484916146313373,
001424.npy,"(256, 256)",float32,0.0,1.0,0.6996574983327548,0.20416699176874295,,"(128, 128)",float32,-0.016738200560212135,1.682550311088562,0.6991161539189079,0.24653139915379926,
001425.npy,"(256, 256)",float32,0.0,1.0,0.7571591094351362,0.22172892471049416,,"(128, 128)",float32,-0.00883083138614893,1.6862086057662964,0.7562086888148656,0.26836455431016265,
001426.npy,"(256, 256)",float32,0.0,1.0,0.7405539652479547,0.23080029015866899,,"(128, 128)",float32,0.01534325536340475,1.6034626960754395,0.7378551175748385,0.2633681686181752,
001427.npy,"(256, 256)",float32,0.0,1.0,0.7284914419156578,0.20538425236684751,,"(128, 128)",float32,0.007876074872910976,1.5132789611816406,0.7282014338366594,0.2365891568860361,
001428.npy,"(256, 256)",float32,0.0,1.0,0.19107676873726387,0.20322056334406555,,"(128, 128)",float32,-0.009777124971151352,1.3460731506347656,0.1918124767284617,0.20817925954545413,
001429.npy,"(256, 256)",float32,0.0,1.0,0.8526784285983426,0.2256167097503826,,"(128, 128)",float32,-0.003980608657002449,1.7623533010482788,0.8524013593181508,0.26760868387340125,
001430.npy,"(256, 256)",float32,0.0,1.0,0.8634194466049676,0.2154016861260721,,"(128, 128)",float32,0.00970782432705164,1.6542617082595825,0.862819400898104,0.2516424445494045,
001431.npy,"(256, 256)",float32,0.0,1.0,0.8544919270038775,0.22449195015532386,,"(128, 128)",float32,0.013080079108476639,1.723188042640686,0.8532472544976599,0.26366064769340547,
001432.npy,"(256, 256)",float32,0.0,1.0,0.49108880191777615,0.14714546190081865,,"(128, 128)",float32,-0.013682140968739986,1.4653565883636475,0.49123196533484403,0.16606451896565136,
001433.npy,"(256, 256)",float32,0.0,1.0,0.8718343095669407,0.21451014143343813,,"(128, 128)",float32,0.0010306746698915958,1.745718240737915,0.8691635900691992,0.26347158137856874,
001434.npy,"(256, 256)",float32,0.0,1.0,0.872635754691482,0.20930304476504608,,"(128, 128)",float32,0.0036483043804764748,1.5571869611740112,0.8719069603267258,0.24598132946062382,
001435.npy,"(256, 256)",float32,0.0,1.0,0.870699984347036,0.20892684716395013,,"(128, 128)",float32,-0.004225753713399172,1.6143038272857666,0.8700978447563941,0.2464024912063004,
001436.npy,"(256, 256)",float32,0.0,1.0,0.6320644680154217,0.22474909661321646,,"(128, 128)",float32,-0.007156425155699253,1.5112950801849365,0.6322884182806288,0.25496852390588176,
001437.npy,"(256, 256)",float32,0.0,1.0,0.38323260467844733,0.15063587490547173,,"(128, 128)",float32,0.0026565492153167725,1.3055275678634644,0.3837432914359624,0.16484004718680312,
001438.npy,"(256, 256)",float32,0.0,1.0,0.38328795129540083,0.15057123234624525,,"(128, 128)",float32,-0.0030885518062859774,1.223780632019043,0.382312672170972,0.16482271927272707,
001439.npy,"(256, 256)",float32,0.0,1.0,0.36720968343829696,0.15677388769243836,,"(128, 128)",float32,0.006654078606516123,1.286532998085022,0.3678290240427202,0.16694554158359087,
001440.npy,"(256, 256)",float32,0.0,1.0,0.3290925817657074,0.18333759287898901,,"(128, 128)",float32,-0.0178288035094738,1.1690316200256348,0.3287780326810831,0.19150086588095502,
001441.npy,"(256, 256)",float32,0.0,1.0,0.36831331654597843,0.15288573539896644,,"(128, 128)",float32,0.003699085908010602,1.2528455257415771,0.36771059551985275,0.162483300839109,
001442.npy,"(256, 256)",float32,0.0,1.0,0.3829298793511846,0.14754614136183586,,"(128, 128)",float32,0.0020841702353209257,1.2468855381011963,0.383360967718275,0.1641821538883637,
001443.npy,"(256, 256)",float32,0.0,1.0,0.38408591985810947,0.14708764192201743,,"(128, 128)",float32,-0.0077102952636778355,1.4007608890533447,0.38376521472761027,0.1663670301690476,
001444.npy,"(256, 256)",float32,0.0,1.0,0.47794463903291984,0.1894695516916697,,"(128, 128)",float32,-0.00698576495051384,1.4012117385864258,0.47790215661587343,0.20273359804751998,
001445.npy,"(256, 256)",float32,0.0,1.0,0.08154898476210226,0.12566176859964806,,"(128, 128)",float32,-0.03122602216899395,1.2011550664901733,0.08159370826160406,0.12772213082569586,
001446.npy,"(256, 256)",float32,0.0,1.0,0.08546204605074692,0.12793393602110678,,"(128, 128)",float32,-0.013381287455558777,1.0453401803970337,0.08546368379890357,0.13030097801974244,
001447.npy,"(256, 256)",float32,0.0,1.0,0.08714304491689795,0.12837862408112846,,"(128, 128)",float32,-0.008585073985159397,1.1670629978179932,0.08712060855564552,0.13086788191367535,
001448.npy,"(256, 256)",float32,0.0,1.0,0.6754136789095817,0.16459790920653647,,"(128, 128)",float32,-0.0018486625049263239,1.3519490957260132,0.674063734206424,0.19303894378660114,
001449.npy,"(256, 256)",float32,0.0,1.0,0.6785452066264099,0.21342938753213875,,"(128, 128)",float32,0.007112215273082256,1.4425442218780518,0.677796833465834,0.2385940437384876,
001450.npy,"(256, 256)",float32,0.0,1.0,0.5213340658636909,0.30062582859571463,,"(128, 128)",float32,0.0012524506310001016,1.6642296314239502,0.5225421036110234,0.32276391419481115,
001451.npy,"(256, 256)",float32,0.0,1.0,0.6446831657337997,0.24908371232073132,,"(128, 128)",float32,0.00048375906771980226,1.5780638456344604,0.6440532925391604,0.27466185498071927,
001452.npy,"(256, 256)",float32,0.0,1.0,0.5735881513167769,0.2475865900106281,,"(128, 128)",float32,-0.017582453787326813,1.6875108480453491,0.5712852653192901,0.2645973158925058,
001453.npy,"(256, 256)",float32,0.0,1.0,0.5386203761892006,0.2474878452318292,,"(128, 128)",float32,0.003993228543549776,1.4767252206802368,0.5376268799285242,0.2705855409130213,
001454.npy,"(256, 256)",float32,0.0,1.0,0.5346336277872936,0.23803355198326648,,"(128, 128)",float32,-0.005567694548517466,1.490553855895996,0.5339005562331209,0.25459623382192853,
001455.npy,"(256, 256)",float32,0.0,1.0,0.46793818540113996,0.2253181527076034,,"(128, 128)",float32,0.002787970472127199,1.4926228523254395,0.46781724224615573,0.24073062384751281,
001456.npy,"(256, 256)",float32,0.0,1.0,0.35594747658080417,0.22210567779243864,,"(128, 128)",float32,-0.00598257128149271,1.2701061964035034,0.3557423432215785,0.23153521308421535,
001457.npy,"(256, 256)",float32,0.0,1.0,0.3455969187876491,0.22076665807593387,,"(128, 128)",float32,-0.03616437688469887,1.3930644989013672,0.3449943226132923,0.2265993317066358,
001458.npy,"(256, 256)",float32,0.0,1.0,0.3342176463580131,0.2184360006361227,,"(128, 128)",float32,-0.006606692913919687,1.3284140825271606,0.33396132566460324,0.22549811183682064,
001459.npy,"(256, 256)",float32,0.0,1.0,0.34404260798670094,0.22161478577679444,,"(128, 128)",float32,-0.037094973027706146,1.498548150062561,0.34400555204271654,0.2330224205675148,
001460.npy,"(256, 256)",float32,0.0,1.0,0.34249315694919247,0.13468402440503643,,"(128, 128)",float32,0.0016512478468939662,1.174031376838684,0.34249253411046965,0.14731525227068584,
001461.npy,"(256, 256)",float32,0.0,1.0,0.7311745945745898,0.3288275117785466,,"(128, 128)",float32,0.0033766564447432756,1.8737744092941284,0.732686201899341,0.36401769016894,
001462.npy,"(256, 256)",float32,0.0,1.0,0.5420203511920043,0.34788311049096643,,"(128, 128)",float32,-0.0044690086506307125,1.6431843042373657,0.5423817579473749,0.36177890079494013,
001463.npy,"(256, 256)",float32,0.0,1.0,0.6158301266030222,0.35493143286940015,,"(128, 128)",float32,0.0034560475032776594,1.7087981700897217,0.6153605583647419,0.36973258468297654,
001464.npy,"(256, 256)",float32,0.0,1.0,0.3902592942025471,0.1963002071531309,,"(128, 128)",float32,-0.002208898076787591,1.4778285026550293,0.3909716880220948,0.20630991496773401,
001465.npy,"(256, 256)",float32,0.0,1.0,0.5976286240362185,0.4320213846310751,,"(128, 128)",float32,0.008170290850102901,1.5322529077529907,0.5977908683655073,0.4439468210736628,
001466.npy,"(256, 256)",float32,0.0,1.0,0.5662556525550997,0.4395612113324707,,"(128, 128)",float32,0.009393854066729546,1.597899317741394,0.5671107433572047,0.45119959510501007,
001467.npy,"(256, 256)",float32,0.0,1.0,0.6014193770827347,0.4324558585534536,,"(128, 128)",float32,0.006053768564015627,1.8744703531265259,0.6018728299453358,0.450500519659243,
001468.npy,"(256, 256)",float32,0.0,1.0,0.23102840348786202,0.17410278505289778,,"(128, 128)",float32,0.0007231839117594063,1.1499683856964111,0.23098547339451514,0.17950398716708446,
001469.npy,"(256, 256)",float32,0.0,1.0,0.28963430713582383,0.2623908747318304,,"(128, 128)",float32,-0.0056418864987790585,1.4622066020965576,0.2911137505256962,0.27131382530323944,
001470.npy,"(256, 256)",float32,0.0,1.0,0.31166204619793136,0.2692773574052515,,"(128, 128)",float32,-0.002031071111559868,1.6185749769210815,0.3117399631795479,0.28021880469992005,
001471.npy,"(256, 256)",float32,0.0,1.0,0.3115510085490385,0.27556579660444447,,"(128, 128)",float32,-0.016126496717333794,1.399228811264038,0.31162470685897825,0.2850218724572073,
001472.npy,"(256, 256)",float32,0.0,1.0,0.6912147524303287,0.18041954877129943,,"(128, 128)",float32,-0.000577350496314466,1.410962700843811,0.6901151212051744,0.21701826108609615,
001473.npy,"(256, 256)",float32,0.0,1.0,0.5642107560581024,0.21620447342935092,,"(128, 128)",float32,0.0006611306453123689,1.631103277206421,0.5630634497184488,0.23930793162164823,
001474.npy,"(256, 256)",float32,0.0,1.0,0.6311276982891911,0.1847589867048577,,"(128, 128)",float32,0.015307842753827572,1.47377347946167,0.6312583600625317,0.21180305485980325,
001475.npy,"(256, 256)",float32,0.0,1.0,0.5490059362524443,0.2198996060458611,,"(128, 128)",float32,0.009689104743301868,1.5623012781143188,0.548811868425048,0.24136289039488282,
001476.npy,"(256, 256)",float32,0.0,1.0,0.3121811967646799,0.21612625085383105,,"(128, 128)",float32,-0.007768630515784025,1.4672759771347046,0.3125404748224705,0.22796432227003216,
001477.npy,"(256, 256)",float32,0.0,1.0,0.25629935009168037,0.18668779897832813,,"(128, 128)",float32,0.002163108205422759,1.329803228378296,0.2562010225910427,0.19628060918346785,
001478.npy,"(256, 256)",float32,0.0,1.0,0.25432982047445307,0.18782122659248224,,"(128, 128)",float32,-0.006220026407390833,1.2635833024978638,0.2542591265838752,0.19534127199840348,
001479.npy,"(256, 256)",float32,0.0,1.0,0.2511551421140368,0.16976779863082297,,"(128, 128)",float32,0.003566447412595153,1.3336220979690552,0.2517403338066373,0.17595326064995717,
001480.npy,"(256, 256)",float32,0.0,1.0,0.3114441978894362,0.16024026008363915,,"(128, 128)",float32,0.007524775341153145,1.4201064109802246,0.3122524601919281,0.1680402325921609,
001481.npy,"(256, 256)",float32,0.0,1.0,0.7885434156506186,0.17913300393762732,,"(128, 128)",float32,-0.0007956848130561411,1.5671261548995972,0.7888677381444857,0.2302810617021787,
001482.npy,"(256, 256)",float32,0.0,1.0,0.7707503208810778,0.1780502469235304,,"(128, 128)",float32,0.015559284016489983,1.5690230131149292,0.7718854057108047,0.20919981325984147,
001483.npy,"(256, 256)",float32,0.0,1.0,0.783895872490648,0.1834136077783082,,"(128, 128)",float32,0.0071085491217672825,1.6410080194473267,0.7843016955461906,0.23856940288865291,
001484.npy,"(256, 256)",float32,0.0,1.0,0.5657709779997979,0.2892183456364657,,"(128, 128)",float32,-0.007958469912409782,1.6093403100967407,0.5658754549317582,0.31313527787789186,
001485.npy,"(256, 256)",float32,0.0,1.0,0.6128898203132849,0.29112264872465643,,"(128, 128)",float32,0.0004362615873105824,1.692555546760559,0.6135162560060401,0.31827350166722407,
001486.npy,"(256, 256)",float32,0.0,1.0,0.5029587651924312,0.3182821225088737,,"(128, 128)",float32,-0.014686159789562225,1.603420376777649,0.5047737439740176,0.3363617835552246,
001487.npy,"(256, 256)",float32,0.0,1.0,0.6171139448617993,0.2792731610492399,,"(128, 128)",float32,-0.0031731082126498222,1.4792698621749878,0.6168275528573872,0.29704581163111066,
001488.npy,"(256, 256)",float32,0.0,1.0,0.6587045983789537,0.1885912195813337,,"(128, 128)",float32,-0.0005823553656227887,1.4812023639678955,0.6590508111117224,0.21120607849932713,
001489.npy,"(256, 256)",float32,0.0,1.0,0.5124862021938834,0.2272731210238585,,"(128, 128)",float32,-0.02579996921122074,1.5966371297836304,0.5136242958911219,0.24716127424639173,
001490.npy,"(256, 256)",float32,0.0,1.0,0.5057895738957048,0.21460358600817617,,"(128, 128)",float32,-0.024895915761590004,1.5348025560379028,0.5057889304998655,0.2381400917935568,
001491.npy,"(256, 256)",float32,0.0,1.0,0.5188671929400324,0.22331394531986942,,"(128, 128)",float32,-0.04031979665160179,1.3988696336746216,0.5190141687975709,0.23775867954449842,
001492.npy,"(256, 256)",float32,0.0,1.0,0.2212412275484681,0.19135306831177906,,"(128, 128)",float32,-0.02982175536453724,1.3453187942504883,0.22146843438888908,0.19496675036545547,
001493.npy,"(256, 256)",float32,0.0,1.0,0.3235284781763461,0.3696644073469748,,"(128, 128)",float32,-0.03951052948832512,1.5313695669174194,0.3256387146927491,0.3805679629594163,
001494.npy,"(256, 256)",float32,0.0,1.0,0.4135592230787939,0.39405149639413223,,"(128, 128)",float32,-0.02576168067753315,1.3276695013046265,0.4143688686854281,0.40269829838884386,
001495.npy,"(256, 256)",float32,0.0,1.0,0.4108864308939566,0.39457125523764675,,"(128, 128)",float32,-0.039871323853731155,1.5180178880691528,0.4112997297259984,0.4086557377703251,
001496.npy,"(256, 256)",float32,0.0,1.0,0.5500273077499962,0.30911437672653075,,"(128, 128)",float32,0.0045703318901360035,1.6111578941345215,0.551273622613536,0.32387886579279934,
001497.npy,"(256, 256)",float32,0.0,1.0,0.5138420442782988,0.34176555682507676,,"(128, 128)",float32,-0.019907811656594276,1.697851538658142,0.5139966648003023,0.3571261927683054,
001498.npy,"(256, 256)",float32,0.0,1.0,0.43365300571499166,0.35648627776445185,,"(128, 128)",float32,-0.013651628978550434,1.628010869026184,0.4333420446421998,0.3673239059427628,
001499.npy,"(256, 256)",float32,0.0,1.0,0.43375560250525647,0.35641823572395814,,"(128, 128)",float32,-0.012827250175178051,1.5350147485733032,0.4343646847396221,0.3660937607106422,
001500.npy,"(256, 256)",float32,0.0,1.0,0.4391988715733106,0.1618765385620246,,"(128, 128)",float32,-0.003452278207987547,1.233757495880127,0.4385499463823237,0.17582759047074495,
001501.npy,"(256, 256)",float32,0.0,1.0,0.3774316920777281,0.12090011394215373,,"(128, 128)",float32,0.0046766032464802265,1.1023615598678589,0.37760847986908175,0.1352047347666578,
001502.npy,"(256, 256)",float32,0.0,1.0,0.3995485678493722,0.10509576524983115,,"(128, 128)",float32,-0.0021707317791879177,1.0518313646316528,0.39893875952891733,0.1211941590396715,
001503.npy,"(256, 256)",float32,0.0,1.0,0.3848411500709368,0.11453243564293286,,"(128, 128)",float32,-0.0010767162311822176,1.05338454246521,0.3849731016343547,0.1295268183539149,
001504.npy,"(256, 256)",float32,0.0,1.0,0.40143315456173934,0.10698755261406864,,"(128, 128)",float32,-0.006251051556318998,1.0182870626449585,0.40156949923732554,0.12862712563892933,
001505.npy,"(256, 256)",float32,0.0,1.0,0.26648269977174266,0.16157547321543092,,"(128, 128)",float32,-0.0016271693166345358,1.1990413665771484,0.26670597292356035,0.1687232415237703,
001506.npy,"(256, 256)",float32,0.0,1.0,0.24412398014457892,0.1531168093472742,,"(128, 128)",float32,0.0056228130124509335,1.2313472032546997,0.24434089123460012,0.1592998809381303,
001507.npy,"(256, 256)",float32,0.0,1.0,0.1958457486587264,0.12930196105300962,,"(128, 128)",float32,0.002717704977840185,1.1387304067611694,0.19599744213007853,0.13543244931143184,
001508.npy,"(256, 256)",float32,0.0,1.0,0.4426180033088425,0.21118115151815897,,"(128, 128)",float32,0.019842594861984253,1.7625582218170166,0.4431886182354674,0.2317394933217466,
001509.npy,"(256, 256)",float32,0.0,1.0,0.41681342192530846,0.24883621710243575,,"(128, 128)",float32,-0.07264624536037445,1.533337116241455,0.417703615390173,0.26073681485397604,
001510.npy,"(256, 256)",float32,0.0,1.0,0.4166316965990665,0.2487283770313794,,"(128, 128)",float32,-0.07751660794019699,1.5937942266464233,0.41716422525198027,0.25799020381691046,
001511.npy,"(256, 256)",float32,0.0,1.0,0.4165812178568747,0.24870933816676258,,"(128, 128)",float32,-0.06735176593065262,1.5372601747512817,0.416642611139008,0.261071068155304,
001512.npy,"(256, 256)",float32,0.0,1.0,0.6027860972413919,0.19955096458734073,,"(128, 128)",float32,0.005657286383211613,1.615777850151062,0.6017320381243394,0.23064762496272298,
001513.npy,"(256, 256)",float32,0.0,1.0,0.13543365418547,0.11357397889064672,,"(128, 128)",float32,-0.036742303520441055,0.9623200297355652,0.13530504691509987,0.11665774630612828,
001514.npy,"(256, 256)",float32,0.0,1.0,0.12446856673247142,0.10688200580311913,,"(128, 128)",float32,-0.03810713440179825,0.9264132380485535,0.1246690997024551,0.10819768125386353,
001515.npy,"(256, 256)",float32,0.0,1.0,0.1251071856532703,0.10740608204814756,,"(128, 128)",float32,-0.03428301960229874,0.8984904885292053,0.1252617188243596,0.1090928326508871,
001516.npy,"(256, 256)",float32,0.0,1.0,0.4186269059967316,0.22566658887331342,,"(128, 128)",float32,0.00975910946726799,1.3814626932144165,0.417759085169223,0.23839645371256413,
001517.npy,"(256, 256)",float32,0.0,1.0,0.29289039690959306,0.1318634017046363,,"(128, 128)",float32,0.005247735418379307,1.2251280546188354,0.2931370940736997,0.1435553401927151,
001518.npy,"(256, 256)",float32,0.0,1.0,0.28756289071835894,0.150615692405926,,"(128, 128)",float32,-0.004495902918279171,1.2239110469818115,0.28767813924735464,0.15902549114905012,
001519.npy,"(256, 256)",float32,0.0,1.0,0.28258726512612675,0.1520199077603183,,"(128, 128)",float32,-0.0014483991544693708,1.373832106590271,0.28236585917493073,0.15849897294030735,
001520.npy,"(256, 256)",float32,0.0,1.0,0.5427590948009922,0.2052094912577543,,"(128, 128)",float32,0.006320582702755928,1.3878843784332275,0.5432537480243411,0.22751492453438854,
001521.npy,"(256, 256)",float32,0.0,1.0,0.36713113215582904,0.20472884623588658,,"(128, 128)",float32,0.0020676739513874054,1.452790379524231,0.3669058533656653,0.21728510352644667,
001522.npy,"(256, 256)",float32,0.0,1.0,0.37705480576214256,0.20343922939397258,,"(128, 128)",float32,-0.00258830888196826,1.4020106792449951,0.3762646106040677,0.21191886972680796,
001523.npy,"(256, 256)",float32,0.0,1.0,0.36840920160040014,0.20395868989978233,,"(128, 128)",float32,0.011089902371168137,1.5233469009399414,0.36819899785700727,0.21276880850293606,
001524.npy,"(256, 256)",float32,0.0,1.0,0.16701639957652104,0.17866979815062095,,"(128, 128)",float32,-0.012942765839397907,1.3681310415267944,0.16758415053361375,0.18449434186519034,
001525.npy,"(256, 256)",float32,0.0,1.0,0.21792062372214405,0.21390486327483438,,"(128, 128)",float32,-0.006135644391179085,1.5882174968719482,0.21753284154539188,0.2180296872573939,
001526.npy,"(256, 256)",float32,0.0,1.0,0.22200157250471708,0.21404711900421847,,"(128, 128)",float32,-0.0115094855427742,1.5486527681350708,0.22172878939532042,0.2209159505087756,
001527.npy,"(256, 256)",float32,0.0,1.0,0.25316237467121727,0.20892239827318754,,"(128, 128)",float32,-0.003072532592341304,1.8108675479888916,0.25329124351517684,0.219601289673996,
001528.npy,"(256, 256)",float32,0.0,1.0,0.5057781157576713,0.11806269687947565,,"(128, 128)",float32,-0.0028660702519118786,1.1617622375488281,0.5055088397616316,0.1500138882511674,
001529.npy,"(256, 256)",float32,0.0,1.0,0.28976277561464414,0.12626485084489109,,"(128, 128)",float32,0.004339792765676975,1.1332900524139404,0.28934338020147266,0.13462647210887033,
001530.npy,"(256, 256)",float32,0.0,1.0,0.32468994507445004,0.13192574994232648,,"(128, 128)",float32,-0.012687204405665398,1.2704682350158691,0.32400383293669677,0.14375937159610627,
001531.npy,"(256, 256)",float32,0.0,1.0,0.3202167721819613,0.13098165212007412,,"(128, 128)",float32,0.002162572927772999,1.142805814743042,0.32020097258268265,0.13888736375565805,
001532.npy,"(256, 256)",float32,0.0,1.0,0.39317855580041794,0.16833835077924458,,"(128, 128)",float32,-0.0031123068183660507,1.5572296380996704,0.39340811967031186,0.18375820138292429,
001533.npy,"(256, 256)",float32,0.0,1.0,0.2106581141012174,0.11674715901112978,,"(128, 128)",float32,-0.030560433864593506,1.3605462312698364,0.2108634755418286,0.12475141937910274,
001534.npy,"(256, 256)",float32,0.0,1.0,0.2110246632459399,0.10033649072505958,,"(128, 128)",float32,-0.06532567739486694,1.1238975524902344,0.21030612840395868,0.10710668983035042,
001535.npy,"(256, 256)",float32,0.0,1.0,0.21216949266131346,0.1049525890057299,,"(128, 128)",float32,-0.06653686612844467,1.4175662994384766,0.21272818858240505,0.1120924925923166,
001536.npy,"(256, 256)",float32,0.0,1.0,0.30509698243505223,0.20557965748974594,,"(128, 128)",float32,-0.010161987505853176,1.5063179731369019,0.30520112806467914,0.2152232982000327,
001537.npy,"(256, 256)",float32,0.0,1.0,0.2801236704907062,0.18576372117746204,,"(128, 128)",float32,-0.003954725340008736,1.4402809143066406,0.28107087030510414,0.1962689074806009,
001538.npy,"(256, 256)",float32,0.0,1.0,0.23403830394300495,0.1425187016944735,,"(128, 128)",float32,-0.0017717416631057858,1.341363549232483,0.23431778940038672,0.1511463051078491,
001539.npy,"(256, 256)",float32,0.0,1.0,0.2340100154531326,0.14247077598565108,,"(128, 128)",float32,0.00298138870857656,1.3444045782089233,0.23428487433010048,0.14976912799594536,
001540.npy,"(256, 256)",float32,0.0,1.0,0.8163528551510737,0.32079199624953036,,"(128, 128)",float32,-0.004470035433769226,1.7451505661010742,0.817769640183446,0.3583570687414509,
001541.npy,"(256, 256)",float32,0.0,1.0,0.8166077530566511,0.10029803368515504,,"(128, 128)",float32,0.011806018650531769,1.7528098821640015,0.8167929183890124,0.1803704214876767,
001542.npy,"(256, 256)",float32,0.0,1.0,0.8166764934639925,0.09611533936084733,,"(128, 128)",float32,0.012421028688549995,1.6327674388885498,0.8165889885477782,0.16139493346616102,
001543.npy,"(256, 256)",float32,0.0,1.0,0.8170731523838353,0.09452133670503841,,"(128, 128)",float32,0.0002119333075825125,1.5046592950820923,0.815879703306857,0.15133422375096195,
001544.npy,"(256, 256)",float32,0.0,1.0,0.2242026563203936,0.13894124515959355,,"(128, 128)",float32,-0.014509332366287708,1.1649720668792725,0.22448294947837155,0.1462993668223406,
001545.npy,"(256, 256)",float32,0.0,1.0,0.1363803918292703,0.11682473742664547,,"(128, 128)",float32,-0.018209761008620262,0.9988542199134827,0.13630630044779934,0.12016842186081676,
001546.npy,"(256, 256)",float32,0.0,1.0,0.1529978182413192,0.11459457890077869,,"(128, 128)",float32,-0.003592346329241991,1.1971055269241333,0.15282450535468683,0.12055512005451587,
001547.npy,"(256, 256)",float32,0.0,1.0,0.132493359595113,0.11201316061886515,,"(128, 128)",float32,-0.0018653656588867307,1.0609314441680908,0.13241477500320542,0.11458915124917785,
001548.npy,"(256, 256)",float32,0.0,1.0,0.4652360360038834,0.1435169365127008,,"(128, 128)",float32,0.009425774216651917,1.3217476606369019,0.4653644232352008,0.1663635260896914,
001549.npy,"(256, 256)",float32,0.0,1.0,0.381738763948667,0.14168294199435577,,"(128, 128)",float32,-0.013434043154120445,1.3487738370895386,0.38182236197777364,0.15274414371146533,
001550.npy,"(256, 256)",float32,0.0,1.0,0.3426907150890486,0.14091771870408645,,"(128, 128)",float32,-0.0034771086648106575,1.2989048957824707,0.34226648816067495,0.14898089812950244,
001551.npy,"(256, 256)",float32,0.0,1.0,0.3336910728287812,0.1271562146694669,,"(128, 128)",float32,-0.004690839909017086,1.1288836002349854,0.33353934595085377,0.1404905080867171,
001552.npy,"(256, 256)",float32,0.0,1.0,0.3098903098181949,0.26576312039503447,,"(128, 128)",float32,-0.013456507585942745,1.3134822845458984,0.31048791583178237,0.27277732133015337,
001553.npy,"(256, 256)",float32,0.0,1.0,0.5179026637784412,0.2892849495520694,,"(128, 128)",float32,-0.022145826369524002,1.388728380203247,0.5173882543140738,0.30411128751149424,
001554.npy,"(256, 256)",float32,0.0,1.0,0.5458872311558081,0.28898776990578046,,"(128, 128)",float32,-0.01696721836924553,1.4411685466766357,0.5455276099020197,0.3058800434877469,
001555.npy,"(256, 256)",float32,0.0,1.0,0.48545290777706285,0.2897536849786643,,"(128, 128)",float32,-0.006284786853939295,1.4448482990264893,0.485837441940447,0.30238693594025223,
001556.npy,"(256, 256)",float32,0.0,1.0,0.8024680481937665,0.19733430348320866,,"(128, 128)",float32,-0.003350533777847886,1.6561336517333984,0.8000734127763565,0.23820014774282516,
001557.npy,"(256, 256)",float32,0.0,1.0,0.4353008765879035,0.22484267376320266,,"(128, 128)",float32,-0.041867662221193314,1.4456006288528442,0.4347500861506074,0.23667688086249383,
001558.npy,"(256, 256)",float32,0.0,1.0,0.4530834044580708,0.22518642407268136,,"(128, 128)",float32,-0.06824006140232086,1.4161251783370972,0.45284110243511133,0.23780440556164395,
001559.npy,"(256, 256)",float32,0.0,1.0,0.41088349183490147,0.22006955755136604,,"(128, 128)",float32,-0.05426361784338951,1.1671022176742554,0.41115286885664726,0.22907891541022174,
001560.npy,"(256, 256)",float32,0.0,1.0,0.25125236021870023,0.23300338246834842,,"(128, 128)",float32,-0.015556780621409416,1.4853334426879883,0.25194986406244446,0.2393384362907802,
001561.npy,"(256, 256)",float32,0.0,1.0,0.5536888132436246,0.29318401496800706,,"(128, 128)",float32,-0.02963908575475216,1.4942762851715088,0.5532658940081205,0.304467851890566,
001562.npy,"(256, 256)",float32,0.0,1.0,0.5762217760530568,0.28247806458662916,,"(128, 128)",float32,-0.01874973624944687,1.5817691087722778,0.5761986704629791,0.3018352200730636,
001563.npy,"(256, 256)",float32,0.0,1.0,0.5769089282097077,0.2820370024516854,,"(128, 128)",float32,-0.011899393983185291,1.531534194946289,0.575795908770111,0.29536387030919864,
001564.npy,"(256, 256)",float32,0.0,1.0,0.34932281396864795,0.2925201886985164,,"(128, 128)",float32,-0.0073392982594668865,1.5033581256866455,0.34904647804144484,0.2998688504313298,
001565.npy,"(256, 256)",float32,0.0,1.0,0.39620591037769337,0.28538309645043264,,"(128, 128)",float32,-0.007297997362911701,1.3572182655334473,0.3968163223050294,0.29429267190503805,
001566.npy,"(256, 256)",float32,0.0,1.0,0.3909399802314081,0.2790427839850909,,"(128, 128)",float32,-0.021530060097575188,1.2483652830123901,0.3918509164975621,0.2895949949538918,
001567.npy,"(256, 256)",float32,0.0,1.0,0.44295025102546504,0.28448841453896684,,"(128, 128)",float32,-0.006327313371002674,1.4325268268585205,0.4424775420686222,0.2993207539881897,
001568.npy,"(256, 256)",float32,0.0,1.0,0.1819143704558428,0.11772218311465868,,"(128, 128)",float32,-0.0022417858708649874,1.1523256301879883,0.18200496473260586,0.12148542298363973,
001569.npy,"(256, 256)",float32,0.0,1.0,0.17641721787740838,0.0842731778815202,,"(128, 128)",float32,0.009904571808874607,1.0380659103393555,0.17647591710311872,0.08914069155823826,
001570.npy,"(256, 256)",float32,0.0,1.0,0.18317309045147567,0.08663651435137562,,"(128, 128)",float32,0.0077209072187542915,1.2442383766174316,0.18270376834647095,0.09207925466624227,
001571.npy,"(256, 256)",float32,0.0,1.0,0.19095543072695875,0.0926054972023511,,"(128, 128)",float32,0.01427445374429226,1.184730887413025,0.19090746873746411,0.09830360607465914,
001572.npy,"(256, 256)",float32,0.0,1.0,0.39648153272952413,0.17538221770533263,,"(128, 128)",float32,0.014669209718704224,1.284288763999939,0.3963706467947077,0.18168512597445488,
001573.npy,"(256, 256)",float32,0.0,1.0,0.43289628323680773,0.2953841233664399,,"(128, 128)",float32,-0.025705618783831596,1.6253674030303955,0.43540785040413965,0.3111187502673069,
001574.npy,"(256, 256)",float32,0.0,1.0,0.4339735498802193,0.2949748888571138,,"(128, 128)",float32,-0.016094699501991272,1.549829363822937,0.43429421264688983,0.3057015185996016,
001575.npy,"(256, 256)",float32,0.0,1.0,0.3961738737622724,0.2757268219329889,,"(128, 128)",float32,0.007762034889310598,1.5015079975128174,0.3972050801743592,0.28748376548494947,
001576.npy,"(256, 256)",float32,0.0,1.0,0.42661665966150686,0.20970117096947039,,"(128, 128)",float32,0.0017813820159062743,1.397580862045288,0.42539276191026687,0.2250154628392111,
001577.npy,"(256, 256)",float32,0.0,1.0,0.0768504199063573,0.07832809601394972,,"(128, 128)",float32,-0.011890027672052383,1.056237816810608,0.0769125135183455,0.08002486960225769,
001578.npy,"(256, 256)",float32,0.0,1.0,0.08523264287723897,0.08270723783907097,,"(128, 128)",float32,-0.003926096484065056,0.9678444266319275,0.08584746197412585,0.08568611106154064,
001579.npy,"(256, 256)",float32,0.0,1.0,0.08310640711123618,0.08022434077495592,,"(128, 128)",float32,-0.021197346970438957,1.0611598491668701,0.0828095914527276,0.08236555892507993,
001580.npy,"(256, 256)",float32,0.0,1.0,0.24457632542755192,0.19066451980070306,,"(128, 128)",float32,-0.00850231759250164,1.5336923599243164,0.2443793589152854,0.1978163070452302,
001581.npy,"(256, 256)",float32,0.0,1.0,0.2629240410271394,0.16250074944096304,,"(128, 128)",float32,0.0021069739013910294,1.263777494430542,0.2626446756308951,0.17111520284774545,
001582.npy,"(256, 256)",float32,0.0,1.0,0.2878877404825104,0.17037733829975002,,"(128, 128)",float32,0.006487072445452213,1.3382362127304077,0.2881151306116294,0.17921568260246448,
001583.npy,"(256, 256)",float32,0.0,1.0,0.35082139087092656,0.22156932593394948,,"(128, 128)",float32,-0.0058294120244681835,1.4652197360992432,0.35110209550754945,0.23306190136837807,
001584.npy,"(256, 256)",float32,0.0,1.0,0.5137485328429685,0.21632394691694334,,"(128, 128)",float32,-0.033678293228149414,1.5187102556228638,0.512343570070243,0.22789982658479122,
001585.npy,"(256, 256)",float32,0.0,1.0,0.3953657326307365,0.2266330292094246,,"(128, 128)",float32,6.735319038853049e-05,1.43865966796875,0.3942944012293843,0.23365259213667533,
001586.npy,"(256, 256)",float32,0.0,1.0,0.37045744076623066,0.24094671376895993,,"(128, 128)",float32,-0.02144816890358925,1.5334831476211548,0.3706727191829966,0.25303652079488004,
001587.npy,"(256, 256)",float32,0.0,1.0,0.37214237837076425,0.24342127353776524,,"(128, 128)",float32,-0.020307907834649086,1.453590989112854,0.3715905242575044,0.2507124225595599,
001588.npy,"(256, 256)",float32,0.0,1.0,0.5655886360299291,0.15479630042659798,,"(128, 128)",float32,0.002864384325221181,1.7251529693603516,0.5654124620894692,0.18851045216883733,
001589.npy,"(256, 256)",float32,0.0,1.0,0.3839441741424414,0.23318390861040358,,"(128, 128)",float32,-0.061464786529541016,1.5137262344360352,0.3849440502564807,0.24564840864088264,
001590.npy,"(256, 256)",float32,0.0,1.0,0.37756118364842284,0.25001368321569795,,"(128, 128)",float32,-0.0389305017888546,1.5120759010314941,0.3793751091071167,0.26222972130070005,
001591.npy,"(256, 256)",float32,0.0,1.0,0.3765222421881883,0.24500609430567233,,"(128, 128)",float32,-0.0938255563378334,1.4475635290145874,0.3773141885001241,0.25348775869448,
001592.npy,"(256, 256)",float32,0.0,1.0,0.49115261320391923,0.17017571741645887,,"(128, 128)",float32,-0.00036142405588179827,1.2949920892715454,0.4908731054097544,0.18728781851661022,
001593.npy,"(256, 256)",float32,0.0,1.0,0.6782758975239744,0.17409447072769604,,"(128, 128)",float32,0.060804761946201324,1.5801277160644531,0.6790973899160235,0.21869346394747557,
001594.npy,"(256, 256)",float32,0.0,1.0,0.731504319847673,0.16721551516966512,,"(128, 128)",float32,-0.0004005685623269528,1.5680110454559326,0.7300399617196991,0.21230402723059452,
001595.npy,"(256, 256)",float32,0.0,1.0,0.7385560966333315,0.16670847214901044,,"(128, 128)",float32,-0.00898432545363903,1.4798880815505981,0.7376309270146635,0.20013408668781096,
001596.npy,"(256, 256)",float32,0.0,1.0,0.48212359778435143,0.2128459042813099,,"(128, 128)",float32,-0.006884487345814705,1.5214053392410278,0.4823873049001577,0.23073797144079047,
001597.npy,"(256, 256)",float32,0.0,1.0,0.6511697036142721,0.29704140939387474,,"(128, 128)",float32,0.015429819002747536,1.7258161306381226,0.6503528046631573,0.3178345314455159,
001598.npy,"(256, 256)",float32,0.0,1.0,0.5845355351054309,0.32083174550849103,,"(128, 128)",float32,0.007820975966751575,1.589874505996704,0.5848303223221478,0.3374564857490344,
001599.npy,"(256, 256)",float32,0.0,1.0,0.6842769095603103,0.29606899606778014,,"(128, 128)",float32,0.013129920698702335,1.6285068988800049,0.6845885987896168,0.31918632392267754,
001600.npy,"(256, 256)",float32,0.0,1.0,0.2661569074629426,0.04690711238861722,,"(128, 128)",float32,0.004141943994909525,0.722100019454956,0.26628862283351395,0.05955033131542348,
001601.npy,"(256, 256)",float32,0.0,1.0,0.25635871825055645,0.10583670289229923,,"(128, 128)",float32,-0.008640809915959835,0.9794516563415527,0.2567119029082088,0.11604320501146413,
001602.npy,"(256, 256)",float32,0.0,1.0,0.36460206676024143,0.14437972028776194,,"(128, 128)",float32,-0.010609516873955727,1.269002914428711,0.36578184856239915,0.1583975447044886,
001603.npy,"(256, 256)",float32,0.0,1.0,0.2581542528426919,0.10507595216601259,,"(128, 128)",float32,-0.017146170139312744,0.8722289800643921,0.2578754561326235,0.11683671686324117,
001604.npy,"(256, 256)",float32,0.0,1.0,0.2663656466977393,0.18396389419115153,,"(128, 128)",float32,-0.01316098216921091,1.458929181098938,0.2652324544747926,0.19130678489311345,
001605.npy,"(256, 256)",float32,0.0,1.0,0.545971708836344,0.263836676666348,,"(128, 128)",float32,-0.02069779299199581,1.8300508260726929,0.5461234934330079,0.2887289946969952,
001606.npy,"(256, 256)",float32,0.0,1.0,0.5316083136810335,0.25952594378865906,,"(128, 128)",float32,-0.012747694738209248,1.4857807159423828,0.5314875081451547,0.27095019866936687,
001607.npy,"(256, 256)",float32,0.0,1.0,0.5313817102881515,0.25954051929698485,,"(128, 128)",float32,-0.0035938697401434183,1.5840402841567993,0.5317941935305055,0.2817410054266623,
001608.npy,"(256, 256)",float32,0.0,1.0,0.48537044595585854,0.32107096580931943,,"(128, 128)",float32,-0.010643322952091694,1.6229606866836548,0.4861971259160107,0.33367124189648445,
001609.npy,"(256, 256)",float32,0.0,1.0,0.47757203748550126,0.20340387723494124,,"(128, 128)",float32,0.00047080713557079434,1.3672593832015991,0.47696344492230835,0.2188339636699949,
001610.npy,"(256, 256)",float32,0.0,1.0,0.42229834609274164,0.22622763267250384,,"(128, 128)",float32,0.0031505438964813948,1.3217406272888184,0.422151171076095,0.23684104060424802,
001611.npy,"(256, 256)",float32,0.0,1.0,0.42477055370562766,0.2145679267024426,,"(128, 128)",float32,0.0035700874868780375,1.5935966968536377,0.4248987391518,0.23391731681920483,
001612.npy,"(256, 256)",float32,0.0,1.0,0.4946059958980795,0.2651845312886132,,"(128, 128)",float32,0.0014324829680845141,1.6390067338943481,0.4950664083612466,0.28686041733236434,
001613.npy,"(256, 256)",float32,0.0,1.0,0.16683056754873293,0.1161128479781807,,"(128, 128)",float32,-0.04288047179579735,1.1137967109680176,0.16677865209680365,0.1201049933687115,
001614.npy,"(256, 256)",float32,0.0,1.0,0.1583903893451437,0.12593314574554645,,"(128, 128)",float32,-0.01931942254304886,0.9080414772033691,0.15832172262583555,0.12900303689837078,
001615.npy,"(256, 256)",float32,0.0,1.0,0.15475099087719424,0.1238209589527553,,"(128, 128)",float32,-0.025346310809254646,1.0463011264801025,0.15437500382123437,0.12749759977569755,
001616.npy,"(256, 256)",float32,0.0,1.0,0.38714126106233326,0.21542603085936646,,"(128, 128)",float32,0.00411094119772315,1.3551058769226074,0.38755044533934324,0.2263890230037287,
001617.npy,"(256, 256)",float32,0.0,1.0,0.2713097124777274,0.17183970965576467,,"(128, 128)",float32,-0.02105472795665264,1.3170957565307617,0.27181716544716705,0.17988643135838367,
001618.npy,"(256, 256)",float32,0.0,1.0,0.427267651268437,0.2510960074057925,,"(128, 128)",float32,-0.0024561011232435703,1.419911503791809,0.4269812783090572,0.26592182424921806,
001619.npy,"(256, 256)",float32,0.0,1.0,0.28717510124914725,0.17082032492250107,,"(128, 128)",float32,-0.0037145796231925488,1.205384612083435,0.28724683908531645,0.18175985903805678,
001620.npy,"(256, 256)",float32,0.0,1.0,0.2707256637936828,0.1831976063195675,,"(128, 128)",float32,-0.011319540441036224,1.2626802921295166,0.2711153255721541,0.1893140945107343,
001621.npy,"(256, 256)",float32,0.0,1.0,0.5897645157886942,0.21758132686428946,,"(128, 128)",float32,-0.01042361743748188,1.623974084854126,0.5902116559511938,0.2465606159076931,
001622.npy,"(256, 256)",float32,0.0,1.0,0.5431489372789287,0.20425032964902604,,"(128, 128)",float32,-0.003669611643999815,1.240363597869873,0.542745141137658,0.2228981058179804,
001623.npy,"(256, 256)",float32,0.0,1.0,0.604645896357205,0.22300887451086768,,"(128, 128)",float32,0.006723227445036173,1.4197083711624146,0.6041500214213613,0.2433338496839148,
001624.npy,"(256, 256)",float32,0.0,1.0,0.40198583683684774,0.20379376156275733,,"(128, 128)",float32,-0.055313512682914734,1.392359972000122,0.40197951349412975,0.21084546393558384,
001625.npy,"(256, 256)",float32,0.0,1.0,0.6218075402842373,0.21537887921731386,,"(128, 128)",float32,0.008528544567525387,1.479606032371521,0.6205702763826935,0.23789232778519662,
001626.npy,"(256, 256)",float32,0.0,1.0,0.6014187377401656,0.21575530209749497,,"(128, 128)",float32,0.0157539714127779,1.3809237480163574,0.6023870345715068,0.23289334669321815,
001627.npy,"(256, 256)",float32,0.0,1.0,0.6021772548317976,0.2152968109551128,,"(128, 128)",float32,-0.009362360462546349,1.4654461145401,0.6027161244702484,0.23515527564545405,
001628.npy,"(256, 256)",float32,0.0,1.0,0.6175131619851335,0.13554530664557154,,"(128, 128)",float32,-0.006504706107079983,1.5608296394348145,0.6172685538303497,0.16390299173772446,
001629.npy,"(256, 256)",float32,0.0,1.0,0.33804016875333787,0.1842330770719393,,"(128, 128)",float32,0.005773149896413088,1.222259283065796,0.33789248132441685,0.19323904087264113,
001630.npy,"(256, 256)",float32,0.0,1.0,0.3489164037123942,0.1816256797581636,,"(128, 128)",float32,0.017034437507390976,1.2210702896118164,0.3483135426769195,0.19093673356411442,
001631.npy,"(256, 256)",float32,0.0,1.0,0.3504721410540981,0.1816032768157774,,"(128, 128)",float32,0.01732829585671425,1.240983247756958,0.3491568259109954,0.18960898299617934,
001632.npy,"(256, 256)",float32,0.0,1.0,0.4169768032214103,0.2192549367052959,,"(128, 128)",float32,-0.0089760422706604,1.3046224117279053,0.4165456739569606,0.22980456589861584,
001633.npy,"(256, 256)",float32,0.0,1.0,0.4794258281167174,0.1955803885679493,,"(128, 128)",float32,0.004560570698231459,1.500268816947937,0.47897207110301565,0.21333367615633414,
001634.npy,"(256, 256)",float32,0.0,1.0,0.4765360974122075,0.19482738902993807,,"(128, 128)",float32,-0.005096460692584515,1.399541974067688,0.4764532152833567,0.21119613644958066,
001635.npy,"(256, 256)",float32,0.0,1.0,0.8511806710968921,0.1263758261492518,,"(128, 128)",float32,0.0011736571323126554,1.6493383646011353,0.8509628385759669,0.18015195371604742,
001636.npy,"(256, 256)",float32,0.0,1.0,0.6610192975100284,0.33240558861122266,,"(128, 128)",float32,-0.08889809250831604,1.6785351037979126,0.6597456322820596,0.3577465925399441,
001637.npy,"(256, 256)",float32,0.0,1.0,0.209278197942684,0.22051753036125987,,"(128, 128)",float32,-0.07712695747613907,1.4753952026367188,0.20969184967662283,0.22505458211641022,
001638.npy,"(256, 256)",float32,0.0,1.0,0.19066867365236223,0.2027944768857591,,"(128, 128)",float32,-0.05424032732844353,1.2293089628219604,0.19167416599383574,0.2084926528896709,
001639.npy,"(256, 256)",float32,0.0,1.0,0.20151509088950187,0.21087913305271935,,"(128, 128)",float32,-0.06895890831947327,1.1861110925674438,0.20205045947051192,0.21400307554650638,
001640.npy,"(256, 256)",float32,0.0,1.0,0.1937767482489079,0.09807819177785354,,"(128, 128)",float32,0.009793943725526333,1.1630209684371948,0.19333258592058655,0.10459384216656233,
001641.npy,"(256, 256)",float32,0.0,1.0,0.18758060981609503,0.06781111918986278,,"(128, 128)",float32,0.014389077201485634,0.9128432869911194,0.18771105255200382,0.07502748880390858,
001642.npy,"(256, 256)",float32,0.0,1.0,0.22593043280923553,0.08824931579884995,,"(128, 128)",float32,0.006631228607147932,0.911703884601593,0.22617153540201684,0.09439319939193232,
001643.npy,"(256, 256)",float32,0.0,1.0,0.15305261109570978,0.06828349817461445,,"(128, 128)",float32,-0.0054449522867798805,1.2985936403274536,0.1532285167409464,0.07330356501071436,
001644.npy,"(256, 256)",float32,0.0,1.0,0.546718276868849,0.24709644132517722,,"(128, 128)",float32,-0.008412403054535389,1.657847285270691,0.547631358782418,0.27277292492134925,
001645.npy,"(256, 256)",float32,0.0,1.0,0.2516776342368221,0.29308184473549204,,"(128, 128)",float32,-0.018410827964544296,1.3730745315551758,0.25197511628130087,0.2993788698869159,
001646.npy,"(256, 256)",float32,0.0,1.0,0.25170711985499006,0.2938784884735354,,"(128, 128)",float32,-0.0006719260709360242,1.5296038389205933,0.25205857643990015,0.2998566008649065,
001647.npy,"(256, 256)",float32,0.0,1.0,0.35008009218472047,0.3376253889719198,,"(128, 128)",float32,-0.05974134802818298,1.4532357454299927,0.3495605113600604,0.3444935329975189,
001648.npy,"(256, 256)",float32,0.0,1.0,0.49142477417312563,0.23585087682302705,,"(128, 128)",float32,-0.03575698286294937,1.386763334274292,0.4917204182770876,0.2478960307478336,
001649.npy,"(256, 256)",float32,0.0,1.0,0.25932006334738444,0.12761489233881315,,"(128, 128)",float32,-0.007739020511507988,1.8624000549316406,0.25881300735098023,0.13802893559720716,
001650.npy,"(256, 256)",float32,0.0,1.0,0.25936782386873714,0.12760564369195493,,"(128, 128)",float32,-0.015783298760652542,1.5216073989868164,0.25887429082036206,0.13704522272701772,
001651.npy,"(256, 256)",float32,0.0,1.0,0.24552569418590225,0.13030299821876984,,"(128, 128)",float32,-0.015450232662260532,1.3245283365249634,0.24531099464816908,0.13615416967094476,
001652.npy,"(256, 256)",float32,0.0,1.0,0.3813985348378779,0.18207931032966693,,"(128, 128)",float32,0.01601366512477398,1.3093290328979492,0.38194548323110666,0.1917579940908511,
001653.npy,"(256, 256)",float32,0.0,1.0,0.6249263898871718,0.17861515912218415,,"(128, 128)",float32,0.022365275770425797,1.3142130374908447,0.6251311612734298,0.2074017290623937,
001654.npy,"(256, 256)",float32,0.0,1.0,0.5277697100012988,0.20087078725709118,,"(128, 128)",float32,-0.0015453723026439548,1.338866114616394,0.5276749471646625,0.21946149247583532,
001655.npy,"(256, 256)",float32,0.0,1.0,0.5418877485423851,0.20133638209084886,,"(128, 128)",float32,-0.008122802712023258,1.4171193838119507,0.5417042882090755,0.2229693211513225,
001656.npy,"(256, 256)",float32,0.0,1.0,0.8259752095255752,0.2445772604300399,,"(128, 128)",float32,-0.0006511471583507955,1.72654128074646,0.824078840593419,0.27798649938358955,
001657.npy,"(256, 256)",float32,0.0,1.0,0.4310021497617752,0.24916137936127242,,"(128, 128)",float32,-0.001997840590775013,1.3457335233688354,0.43073261173142896,0.26035943402053163,
001658.npy,"(256, 256)",float32,0.0,1.0,0.4654900327879469,0.2606041768070894,,"(128, 128)",float32,-0.012556823901832104,1.473413109779358,0.46542288034793966,0.27873886729255243,
001659.npy,"(256, 256)",float32,0.0,1.0,0.4106719001318102,0.25082536686081724,,"(128, 128)",float32,-0.0037956382147967815,1.312084674835205,0.4091348404897346,0.2609208712524157,
001660.npy,"(256, 256)",float32,0.0,1.0,0.4153008821133308,0.18544475728833323,,"(128, 128)",float32,-0.0007902344223111868,1.421133041381836,0.41531622676122026,0.20110342080012097,
001661.npy,"(256, 256)",float32,0.0,1.0,0.5762896656087695,0.27356700339593715,,"(128, 128)",float32,0.004270282573997974,1.4002249240875244,0.5765577771346955,0.28983507680965176,
001662.npy,"(256, 256)",float32,0.0,1.0,0.6310143410591533,0.23010785991892035,,"(128, 128)",float32,0.005992085672914982,1.6924164295196533,0.629916957556901,0.2609894606609,
001663.npy,"(256, 256)",float32,0.0,1.0,0.5775148776983894,0.27363183132431995,,"(128, 128)",float32,-0.007598967291414738,1.5631717443466187,0.5765583234529437,0.2968314284228134,
001664.npy,"(256, 256)",float32,0.0,1.0,0.5047285326786835,0.2300557547699753,,"(128, 128)",float32,-0.023588044568896294,1.3324025869369507,0.5045686409764016,0.2434259724625313,
001665.npy,"(256, 256)",float32,0.0,1.0,0.5442626991336788,0.2431042560124985,,"(128, 128)",float32,0.0024332329630851746,1.3627115488052368,0.5457344346690718,0.2634234055677912,
001666.npy,"(256, 256)",float32,0.0,1.0,0.5570829538489832,0.23486175873552226,,"(128, 128)",float32,-0.00532242376357317,1.333348274230957,0.5565400040952497,0.2549489278383867,
001667.npy,"(256, 256)",float32,0.0,1.0,0.5175896400105326,0.2555232834245998,,"(128, 128)",float32,-0.00034264964051544666,1.3298799991607666,0.5176648889515718,0.26722339180025906,
001668.npy,"(256, 256)",float32,0.0,1.0,0.518412028190635,0.3566853076497875,,"(128, 128)",float32,-0.03904834762215614,1.6658872365951538,0.5181631928865471,0.37265699811759484,
001669.npy,"(256, 256)",float32,0.0,1.0,0.6068935471301842,0.12427225646028782,,"(128, 128)",float32,-0.03637763857841492,1.339136004447937,0.6076260635959443,0.1595658482492058,
001670.npy,"(256, 256)",float32,0.0,1.0,0.6154815789151655,0.1232949752078784,,"(128, 128)",float32,0.0018795273499563336,1.4452893733978271,0.6170046280410091,0.15753985330013667,
001671.npy,"(256, 256)",float32,0.0,1.0,0.51934538664824,0.10675415973849998,,"(128, 128)",float32,-0.024945035576820374,1.1433496475219727,0.5193628950123639,0.1327306633578616,
001672.npy,"(256, 256)",float32,0.0,1.0,0.27427443167958643,0.24048962483306363,,"(128, 128)",float32,0.0028578664641827345,1.3634300231933594,0.2738149921638495,0.24453289761370964,
001673.npy,"(256, 256)",float32,0.0,1.0,0.1869639138852257,0.11200629932915787,,"(128, 128)",float32,-0.007753234356641769,0.8624283671379089,0.1866178027986959,0.11670180755788187,
001674.npy,"(256, 256)",float32,0.0,1.0,0.1979746824425308,0.11228449048719034,,"(128, 128)",float32,-0.003965394105762243,1.002061367034912,0.19770947975823105,0.11709654648659402,
001675.npy,"(256, 256)",float32,0.0,1.0,0.19340954335916627,0.11218891064291196,,"(128, 128)",float32,-0.0011370741995051503,1.1319568157196045,0.1929399767543032,0.1186122598448594,
001676.npy,"(256, 256)",float32,0.0,1.0,0.27247962704855166,0.23144223706909092,,"(128, 128)",float32,-0.04067086800932884,1.4474091529846191,0.27254367106980715,0.2383082091215178,
001677.npy,"(256, 256)",float32,0.0,1.0,0.2489850311830697,0.12769626621747637,,"(128, 128)",float32,-0.010771029628813267,1.2029056549072266,0.24876822456646863,0.13616678605761376,
001678.npy,"(256, 256)",float32,0.0,1.0,0.2509024565473329,0.13276894037938466,,"(128, 128)",float32,-0.012412182055413723,1.0057344436645508,0.25074968493257543,0.1402300144457197,
001679.npy,"(256, 256)",float32,0.0,1.0,0.21327989293773186,0.14078730629382494,,"(128, 128)",float32,-0.04065779969096184,1.1427472829818726,0.21344987054402442,0.1474200540870378,
001680.npy,"(256, 256)",float32,0.0,1.0,0.6555133684264689,0.24475613512880998,,"(128, 128)",float32,0.011824292130768299,1.631068468093872,0.6551846834282173,0.2755262664032369,
001681.npy,"(256, 256)",float32,0.0,1.0,0.3686474985525585,0.21411695889694904,,"(128, 128)",float32,0.006633732467889786,1.4749425649642944,0.37066872841040777,0.23095551340208717,
001682.npy,"(256, 256)",float32,0.0,1.0,0.3671960749845198,0.21316764697924154,,"(128, 128)",float32,-0.007646714337170124,1.3155080080032349,0.3691507323252665,0.22415994647729431,
001683.npy,"(256, 256)",float32,0.0,1.0,0.3722918184583044,0.21917486332338157,,"(128, 128)",float32,-0.007830199785530567,1.5397310256958008,0.37264427057019134,0.2293733845507495,
001684.npy,"(256, 256)",float32,0.0,1.0,0.28325377120006046,0.214583754384648,,"(128, 128)",float32,-0.007857969962060452,1.3973965644836426,0.2840966825929554,0.22139565948913198,
001685.npy,"(256, 256)",float32,0.0,1.0,0.6791056125728545,0.27842456069029875,,"(128, 128)",float32,0.009013095870614052,1.7945479154586792,0.678648028472594,0.31154368358343887,
001686.npy,"(256, 256)",float32,0.0,1.0,0.692986550760196,0.27726000275198864,,"(128, 128)",float32,-0.01481329370290041,1.6297637224197388,0.6941302269740532,0.30485636480827705,
001687.npy,"(256, 256)",float32,0.0,1.0,0.6499949332758348,0.2933799012079177,,"(128, 128)",float32,0.002180779352784157,1.5673141479492188,0.649525151212174,0.31642800661455983,
001688.npy,"(256, 256)",float32,0.0,1.0,0.7299219996160957,0.1880784105190125,,"(128, 128)",float32,-0.012456160970032215,1.5429621934890747,0.730347246414965,0.2176020959843746,
001689.npy,"(256, 256)",float32,0.0,1.0,0.49676127372359247,0.1835125694739913,,"(128, 128)",float32,0.013926404528319836,1.560009479522705,0.49708680186284937,0.20499360062771013,
001690.npy,"(256, 256)",float32,0.0,1.0,0.5364364703453157,0.17884456013646555,,"(128, 128)",float32,-0.008429685607552528,1.432999610900879,0.5358797461725615,0.1968240924038528,
001691.npy,"(256, 256)",float32,0.0,1.0,0.5321869033418025,0.17573966662348667,,"(128, 128)",float32,-0.0051371073350310326,1.3559156656265259,0.5314543953663211,0.1931058209974636,
001692.npy,"(256, 256)",float32,0.0,1.0,0.30608767928276137,0.21500923543055359,,"(128, 128)",float32,-0.018475715070962906,1.5248138904571533,0.3076052181639568,0.22671428482157427,
001693.npy,"(256, 256)",float32,0.0,1.0,0.31228966443764894,0.27727621997017543,,"(128, 128)",float32,-0.04202901944518089,1.7687374353408813,0.31158418417644995,0.28596108112017143,
001694.npy,"(256, 256)",float32,0.0,1.0,0.3085342572104114,0.27402532513793154,,"(128, 128)",float32,-0.027075711637735367,1.5217175483703613,0.30905635948048626,0.2818477335918522,
001695.npy,"(256, 256)",float32,0.0,1.0,0.31531670836894954,0.27475453543142164,,"(128, 128)",float32,-0.033278003334999084,1.640080213546753,0.3155917742700325,0.2841199231564477,
001696.npy,"(256, 256)",float32,0.0,1.0,0.2555075341805235,0.32499552312971214,,"(128, 128)",float32,-0.026829073205590248,1.5953516960144043,0.256226527729865,0.33424210695535567,
001697.npy,"(256, 256)",float32,0.0,1.0,0.1286719933043976,0.08152427199493908,,"(128, 128)",float32,-0.011679071001708508,0.6919944882392883,0.12905707931985155,0.08733974361934235,
001698.npy,"(256, 256)",float32,0.0,1.0,0.1711864069519713,0.08585818583355276,,"(128, 128)",float32,0.01828928291797638,0.9402349591255188,0.17126383024412917,0.08986412291658444,
001699.npy,"(256, 256)",float32,0.0,1.0,0.2628477585146811,0.12799554144020797,,"(128, 128)",float32,0.02283165417611599,1.13535737991333,0.26295076234771386,0.1341507312923117,
001700.npy,"(256, 256)",float32,0.0,1.0,0.33694615085754653,0.24447601025883792,,"(128, 128)",float32,-0.017677608877420425,1.2852957248687744,0.3366141417043069,0.25348144455434685,
001701.npy,"(256, 256)",float32,0.0,1.0,0.25379101708646645,0.17864070978847862,,"(128, 128)",float32,-0.011695027351379395,1.405269742012024,0.25379715205219666,0.18813651112129068,
001702.npy,"(256, 256)",float32,0.0,1.0,0.2662302255054745,0.14826688621034217,,"(128, 128)",float32,0.000514336337801069,1.1582094430923462,0.2663342521105818,0.15650376523356452,
001703.npy,"(256, 256)",float32,0.0,1.0,0.27825780209299733,0.16486238389824132,,"(128, 128)",float32,-0.0025067117530852556,1.3754955530166626,0.27743697076574025,0.17527766503500536,
001704.npy,"(256, 256)",float32,0.0,1.0,0.499274991992285,0.23966870597156048,,"(128, 128)",float32,-0.02470828965306282,1.4896880388259888,0.4992872239560562,0.25240361828598545,
001705.npy,"(256, 256)",float32,0.0,1.0,0.4824636489115459,0.1851333989056391,,"(128, 128)",float32,0.0025260483380407095,1.4303969144821167,0.48208153682723776,0.20833646506406978,
001706.npy,"(256, 256)",float32,0.0,1.0,0.4913899610735557,0.1869306334296778,,"(128, 128)",float32,-0.007220682688057423,1.3048595190048218,0.49169819179152796,0.20069616905165985,
001707.npy,"(256, 256)",float32,0.0,1.0,0.5061349414394911,0.17810884777728542,,"(128, 128)",float32,-0.0008072410128079355,1.3570839166641235,0.5065536105197317,0.1975110468268404,
001708.npy,"(256, 256)",float32,0.0,1.0,0.5867875601187862,0.1501644136406417,,"(128, 128)",float32,0.022955860942602158,1.3951632976531982,0.5868011494983421,0.17235613559446972,
001709.npy,"(256, 256)",float32,0.0,1.0,0.47111357759662376,0.14429042704735112,,"(128, 128)",float32,-0.0013425861252471805,1.216099739074707,0.47015778863710267,0.16621100368209926,
001710.npy,"(256, 256)",float32,0.0,1.0,0.4937595616796244,0.1355081958892226,,"(128, 128)",float32,0.0021095890551805496,1.37376868724823,0.4924676416284228,0.15970665099600645,
001711.npy,"(256, 256)",float32,0.0,1.0,0.4992221578325138,0.15853379405129034,,"(128, 128)",float32,0.00046427708002738655,1.4059174060821533,0.4992556558467012,0.18421379981899821,
001712.npy,"(256, 256)",float32,0.0,1.0,0.5344948934407654,0.29374629906576344,,"(128, 128)",float32,-0.02609996497631073,1.3770356178283691,0.5326165308076796,0.3084612522615021,
001713.npy,"(256, 256)",float32,0.0,1.0,0.4753573958722077,0.31090780868893203,,"(128, 128)",float32,-0.029822228476405144,1.2660775184631348,0.4747018791154245,0.3192082078570491,
001714.npy,"(256, 256)",float32,0.0,1.0,0.46631722484593574,0.31346811328058355,,"(128, 128)",float32,-0.03647139295935631,1.4749889373779297,0.4660036767724751,0.330235188619044,
001715.npy,"(256, 256)",float32,0.0,1.0,0.478049414431049,0.31043334296366254,,"(128, 128)",float32,-0.01343527901917696,1.2986000776290894,0.47733995080751956,0.3207947390053058,
001716.npy,"(256, 256)",float32,0.0,1.0,0.6597324670001194,0.2086003348680159,,"(128, 128)",float32,0.0052752369083464146,1.5192128419876099,0.6601408034298686,0.23125449848348903,
001717.npy,"(256, 256)",float32,0.0,1.0,0.5227902211022268,0.12340722267169664,,"(128, 128)",float32,0.02803734317421913,1.421024203300476,0.5227242930889133,0.15007239481551551,
001718.npy,"(256, 256)",float32,0.0,1.0,0.5406796568735359,0.11395585018500898,,"(128, 128)",float32,0.010870475322008133,1.3248727321624756,0.5406602827952156,0.14434631465997577,
001719.npy,"(256, 256)",float32,0.0,1.0,0.5562696360662613,0.11230989275380739,,"(128, 128)",float32,0.026636773720383644,1.4418985843658447,0.5559334780408562,0.15754950949963498,
001720.npy,"(256, 256)",float32,0.0,1.0,0.7008095034087791,0.2219437001996754,,"(128, 128)",float32,0.02221730165183544,1.509443998336792,0.701282871814783,0.2453382053176084,
001721.npy,"(256, 256)",float32,0.0,1.0,0.330515274374389,0.15340119400153668,,"(128, 128)",float32,-0.018261991441249847,0.9839937090873718,0.3299787741400378,0.1632669155161646,
001722.npy,"(256, 256)",float32,0.0,1.0,0.3942113690103577,0.16530396594867955,,"(128, 128)",float32,-0.015440353192389011,1.1862890720367432,0.3934486405440891,0.17829743033758777,
001723.npy,"(256, 256)",float32,0.0,1.0,0.3310007608181909,0.15809589763590193,,"(128, 128)",float32,-0.024070462211966515,1.217306137084961,0.3305392318216924,0.17090538755878498,
001724.npy,"(256, 256)",float32,0.0,1.0,0.3220778223623584,0.15075631629650676,,"(128, 128)",float32,-0.014901350252330303,1.2446457147598267,0.3222754485285577,0.1606692313308877,
001725.npy,"(256, 256)",float32,0.0,1.0,0.5639644502274721,0.17023208911387117,,"(128, 128)",float32,-0.025587165728211403,1.4702612161636353,0.564531703987015,0.19012120515666747,
001726.npy,"(256, 256)",float32,0.0,1.0,0.5833242054382382,0.18709927374364688,,"(128, 128)",float32,-0.017033414915204048,1.6187855005264282,0.5833385511698097,0.21559141399004453,
001727.npy,"(256, 256)",float32,0.0,1.0,0.5614399864368917,0.1946456497128366,,"(128, 128)",float32,-0.013930478133261204,1.5175601243972778,0.5620097601192526,0.22145102230447378,
001728.npy,"(256, 256)",float32,0.0,1.0,0.1610084477131617,0.21192120192096753,,"(128, 128)",float32,-0.051281750202178955,1.415872573852539,0.1611938198335559,0.21592567875555585,
001729.npy,"(256, 256)",float32,0.0,1.0,0.5824636162343709,0.1816229205908356,,"(128, 128)",float32,-0.015600830316543579,1.2565866708755493,0.5820291806141853,0.1972870758884336,
001730.npy,"(256, 256)",float32,0.0,1.0,0.5415777989226648,0.204079676716586,,"(128, 128)",float32,-0.03976543992757797,1.4392591714859009,0.5413925868423917,0.21689774494155048,
001731.npy,"(256, 256)",float32,0.0,1.0,0.5434511181313866,0.20319329241894968,,"(128, 128)",float32,-0.00832012016326189,1.4947590827941895,0.543492674175172,0.21728490010466267,
001732.npy,"(256, 256)",float32,0.0,1.0,0.38839058407693816,0.2848160346086056,,"(128, 128)",float32,-0.008423988707363605,1.6445525884628296,0.38919240457803284,0.2937528960871931,
001733.npy,"(256, 256)",float32,0.0,1.0,0.20385473239902752,0.22316145747706603,,"(128, 128)",float32,-0.00619508745148778,1.4943969249725342,0.20498535397946327,0.23241468151374708,
001734.npy,"(256, 256)",float32,0.0,1.0,0.16525712837089657,0.15392374300611186,,"(128, 128)",float32,0.0015731772873550653,1.3572660684585571,0.165939249616045,0.16115385154839357,
001735.npy,"(256, 256)",float32,0.0,1.0,0.16325174901920825,0.1704129481118877,,"(128, 128)",float32,0.0002363725652685389,1.3108340501785278,0.16408270244863044,0.17576116005994188,
001736.npy,"(256, 256)",float32,0.0,1.0,0.3408645301245983,0.23512534057556636,,"(128, 128)",float32,-0.016689663752913475,1.3109205961227417,0.3407435013654858,0.24401325704194274,
001737.npy,"(256, 256)",float32,0.0,1.0,0.3270689779553919,0.17399017938936745,,"(128, 128)",float32,-0.003725392511114478,1.340092658996582,0.3276827046966915,0.1850789085701369,
001738.npy,"(256, 256)",float32,0.0,1.0,0.3080729482969957,0.18296476729785405,,"(128, 128)",float32,-0.0017120717093348503,1.4226845502853394,0.30825834587790624,0.1908868070156188,
001739.npy,"(256, 256)",float32,0.0,1.0,0.36016885681297595,0.17472641795856006,,"(128, 128)",float32,-0.0004957598866894841,1.3628900051116943,0.3599499694342754,0.18463432901837346,
001740.npy,"(256, 256)",float32,0.0,1.0,0.203963898093229,0.12394495058214886,,"(128, 128)",float32,-0.013724897988140583,1.2044422626495361,0.20398288935261988,0.12947328496489807,
001741.npy,"(256, 256)",float32,0.0,1.0,0.11972813326277376,0.18682571966569425,,"(128, 128)",float32,-0.023853208869695663,1.3176054954528809,0.1198978801167626,0.19104774079772216,
001742.npy,"(256, 256)",float32,0.0,1.0,0.17728642161933494,0.23101495085882515,,"(128, 128)",float32,-0.019459696486592293,1.3273720741271973,0.17704040043824554,0.23646212665579985,
001743.npy,"(256, 256)",float32,0.0,1.0,0.11968501390196873,0.18719741583552998,,"(128, 128)",float32,-0.004271318204700947,1.3104974031448364,0.1203596487812717,0.19234309857311588,
001744.npy,"(256, 256)",float32,0.0,1.0,0.40494143529653925,0.18542294410767593,,"(128, 128)",float32,-0.017066890373826027,1.431471824645996,0.4049234853306416,0.19806519665504796,
001745.npy,"(256, 256)",float32,0.0,1.0,0.6612541518682349,0.2198723357918482,,"(128, 128)",float32,-0.038903240114450455,1.3456344604492188,0.6598193045552136,0.24043423253718835,
001746.npy,"(256, 256)",float32,0.0,1.0,0.6597139472973481,0.21886809568612756,,"(128, 128)",float32,-0.0033477332908660173,1.4428737163543701,0.6593522353312409,0.2449489711060501,
001747.npy,"(256, 256)",float32,0.0,1.0,0.6133269796245884,0.23516868050023282,,"(128, 128)",float32,0.007865251041948795,1.3265503644943237,0.6139727528155277,0.25107071455592,
001748.npy,"(256, 256)",float32,0.0,1.0,0.33797901098126265,0.17490752940061813,,"(128, 128)",float32,-0.045733146369457245,1.1458103656768799,0.338906906125219,0.18526505557059741,
001749.npy,"(256, 256)",float32,0.0,1.0,0.6088131991856471,0.19370701658347783,,"(128, 128)",float32,0.12224948406219482,1.617569923400879,0.6094535694937804,0.2219163878265517,
001750.npy,"(256, 256)",float32,0.0,1.0,0.5944930520350908,0.15643556577126994,,"(128, 128)",float32,0.012794623151421547,1.4616978168487549,0.5963232724117233,0.18808264913485212,
001751.npy,"(256, 256)",float32,0.0,1.0,0.6358605394188999,0.20169696712760163,,"(128, 128)",float32,0.08399549871683121,1.451097011566162,0.6373344904905025,0.2264673336792255,
001752.npy,"(256, 256)",float32,0.0,1.0,0.8771268953105817,0.033134975969221804,,"(128, 128)",float32,0.0348103791475296,1.6971577405929565,0.8777468048278934,0.166060999932151,
001753.npy,"(256, 256)",float32,0.0,1.0,0.5261380722880489,0.3021521742717014,,"(128, 128)",float32,-0.02016635239124298,1.3770115375518799,0.524861848376643,0.31539728905624326,
001754.npy,"(256, 256)",float32,0.0,1.0,0.42051706373058606,0.29541712612644,,"(128, 128)",float32,-0.044000282883644104,1.285090446472168,0.4205578102740013,0.3045910386112441,
001755.npy,"(256, 256)",float32,0.0,1.0,0.4183138925981271,0.29479036167601913,,"(128, 128)",float32,-0.0850856602191925,1.3248440027236938,0.41940357945823337,0.3032318199235649,
001756.npy,"(256, 256)",float32,0.0,1.0,0.20999493570559313,0.1630425116828716,,"(128, 128)",float32,-0.021381286904215813,1.1094049215316772,0.2108296047574209,0.16893432689452254,
001757.npy,"(256, 256)",float32,0.0,1.0,0.3388470671070192,0.1668249189514838,,"(128, 128)",float32,0.005245737265795469,1.143337607383728,0.338425546419046,0.1767732275384434,
001758.npy,"(256, 256)",float32,0.0,1.0,0.3291779100675263,0.16606767904763164,,"(128, 128)",float32,-0.006959880236536264,1.2331511974334717,0.32974700936367185,0.17675289004212072,
001759.npy,"(256, 256)",float32,0.0,1.0,0.36573488341180926,0.16659176678479076,,"(128, 128)",float32,-0.000962782243732363,1.2891936302185059,0.365011957246022,0.17827125638297428,
001760.npy,"(256, 256)",float32,0.0,1.0,0.4824774740701514,0.3240851863894062,,"(128, 128)",float32,0.01295753475278616,1.718124508857727,0.48416021588553804,0.3418258027480385,
001761.npy,"(256, 256)",float32,0.0,1.0,0.17572948738156896,0.1612612573587291,,"(128, 128)",float32,-0.029561152681708336,1.1794270277023315,0.1768037190632777,0.16616584002327314,
001762.npy,"(256, 256)",float32,0.0,1.0,0.2350306638893888,0.19971914816152686,,"(128, 128)",float32,-0.05863501504063606,1.0957039594650269,0.2356094614675981,0.2041256760837776,
001763.npy,"(256, 256)",float32,0.0,1.0,0.18014848911934805,0.1600467381023051,,"(128, 128)",float32,-0.013344136998057365,1.1365280151367188,0.18121954912127558,0.16497131990306266,
001764.npy,"(256, 256)",float32,0.0,1.0,0.5691771275700148,0.10884663137991978,,"(128, 128)",float32,0.030084218829870224,1.1770024299621582,0.5699719321344219,0.13680653270184173,
001765.npy,"(256, 256)",float32,0.0,1.0,0.5192693613189547,0.22546831627994512,,"(128, 128)",float32,-0.0020706080831587315,1.5792232751846313,0.5202682596516013,0.24799008960878294,
001766.npy,"(256, 256)",float32,0.0,1.0,0.5370774576812778,0.21665367222045634,,"(128, 128)",float32,0.029521388933062553,1.3971747159957886,0.5356839773345428,0.23960539033823886,
001767.npy,"(256, 256)",float32,0.0,1.0,0.53411603761201,0.23167232645247693,,"(128, 128)",float32,0.004397329408675432,1.4903372526168823,0.534312815817799,0.24736033397716664,
001768.npy,"(256, 256)",float32,0.0,1.0,0.7364354917429985,0.12054747759116226,,"(128, 128)",float32,-0.0007516753976233304,1.3640636205673218,0.7362019111727669,0.16858070629826308,
001769.npy,"(256, 256)",float32,0.0,1.0,0.5842988887275453,0.0954469927820254,,"(128, 128)",float32,0.0210275799036026,1.365521788597107,0.5834762118136041,0.14842940797945836,
001770.npy,"(256, 256)",float32,0.0,1.0,0.5912492560549367,0.09183575615661133,,"(128, 128)",float32,0.011943969875574112,1.2293291091918945,0.5917161951053913,0.13421439987406936,
001771.npy,"(256, 256)",float32,0.0,1.0,0.6571139671302717,0.07675172719674025,,"(128, 128)",float32,0.03973044827580452,1.2959074974060059,0.6569309118212914,0.120320275200401,
001772.npy,"(256, 256)",float32,0.0,1.0,0.5616332059137079,0.25116483386352023,,"(128, 128)",float32,-0.048778049647808075,1.5174822807312012,0.5624672900875538,0.2712579974151595,
001773.npy,"(256, 256)",float32,0.0,1.0,0.17647339145478608,0.18098258409295057,,"(128, 128)",float32,-0.013210438191890717,1.1809452772140503,0.17597371870305234,0.18509465442261386,
001774.npy,"(256, 256)",float32,0.0,1.0,0.17940432408884344,0.18178337455555377,,"(128, 128)",float32,-0.0017539269756525755,1.1192071437835693,0.17905214063105213,0.1850848333956478,
001775.npy,"(256, 256)",float32,0.0,1.0,0.20492909302828144,0.1920326177714236,,"(128, 128)",float32,-0.0018755040364339948,1.07064950466156,0.20522666667120637,0.19419418983045092,
001776.npy,"(256, 256)",float32,0.0,1.0,0.5868217102690068,0.2386211234525651,,"(128, 128)",float32,-0.020263509824872017,1.3897465467453003,0.5872340160679954,0.2564752354127994,
001777.npy,"(256, 256)",float32,0.0,1.0,0.5346802817456364,0.25214394758366065,,"(128, 128)",float32,-1.9645369320642203e-05,1.5306644439697266,0.5357067731645171,0.27280167612978395,
001778.npy,"(256, 256)",float32,0.0,1.0,0.504564740968604,0.251154412278183,,"(128, 128)",float32,0.015380862168967724,1.399113416671753,0.5053655533895949,0.26273702592380144,
001779.npy,"(256, 256)",float32,0.0,1.0,0.4902775477024761,0.255588281868145,,"(128, 128)",float32,0.005880463402718306,1.2871623039245605,0.49145313639931487,0.26821572341758054,
001780.npy,"(256, 256)",float32,0.0,1.0,0.9168740278161067,0.06713634959505162,,"(128, 128)",float32,0.01837027445435524,1.7649245262145996,0.9172585430590061,0.18647376331100943,
001781.npy,"(256, 256)",float32,0.0,1.0,0.651265571010299,0.08162565438284398,,"(128, 128)",float32,0.1688777059316635,1.2835030555725098,0.6511184675719051,0.13142169818510888,
001782.npy,"(256, 256)",float32,0.0,1.0,0.6007184097376239,0.08206646991276086,,"(128, 128)",float32,0.15632455050945282,1.2384278774261475,0.6009681158839157,0.1301406813652507,
001783.npy,"(256, 256)",float32,0.0,1.0,0.6323850224925991,0.08449599590900544,,"(128, 128)",float32,0.14274051785469055,1.2623871564865112,0.6318559249129976,0.1329091265785496,
001784.npy,"(256, 256)",float32,0.0,1.0,0.32480132216377755,0.1831968353638773,,"(128, 128)",float32,-0.02413257211446762,1.3745709657669067,0.3251238150263198,0.1936275526505069,
001785.npy,"(256, 256)",float32,0.0,1.0,0.6099410777707153,0.29790580174667114,,"(128, 128)",float32,0.0034224302507936954,1.5547841787338257,0.609046385544616,0.3141192046235249,
001786.npy,"(256, 256)",float32,0.0,1.0,0.6128657713753896,0.29391477483774364,,"(128, 128)",float32,0.0031860200688242912,1.5243407487869263,0.6123873806986495,0.3106403579585901,
001787.npy,"(256, 256)",float32,0.0,1.0,0.6119349656945339,0.29526391866123086,,"(128, 128)",float32,0.006736838258802891,1.4784756898880005,0.6099783647129584,0.31073135771665067,
001788.npy,"(256, 256)",float32,0.0,1.0,0.2698921256455584,0.2116645375143181,,"(128, 128)",float32,-0.00700862891972065,1.501921534538269,0.2704053835169091,0.2202476438792796,
001789.npy,"(256, 256)",float32,0.0,1.0,0.5514292433256287,0.11916016557610755,,"(128, 128)",float32,0.02210765704512596,1.432421088218689,0.550547165545936,0.16007645357206934,
001790.npy,"(256, 256)",float32,0.0,1.0,0.5444123512544579,0.12953680302508866,,"(128, 128)",float32,0.004886780399829149,1.2804489135742188,0.5430087471313811,0.15368279160930745,
001791.npy,"(256, 256)",float32,0.0,1.0,0.5500567595464876,0.12670752722270684,,"(128, 128)",float32,0.002621691906824708,1.214158058166504,0.5505724474113691,0.1505774329492459,
001792.npy,"(256, 256)",float32,0.0,1.0,0.32226637373891975,0.1337994594505028,,"(128, 128)",float32,-0.008083597756922245,1.3024687767028809,0.32188503389470213,0.14709866980094627,
001793.npy,"(256, 256)",float32,0.0,1.0,0.7101603270013577,0.22312614436974768,,"(128, 128)",float32,-0.03793739527463913,1.5176113843917847,0.7091933006189208,0.2566241772825233,
001794.npy,"(256, 256)",float32,0.0,1.0,0.7039453543148779,0.2253296760887279,,"(128, 128)",float32,-0.02027316577732563,1.5552481412887573,0.7019766764096844,0.25975515402762994,
001795.npy,"(256, 256)",float32,0.0,1.0,0.695476621008396,0.22469293388214043,,"(128, 128)",float32,-0.011810261756181717,1.3623958826065063,0.6948824669158284,0.25019533413854816,
001796.npy,"(256, 256)",float32,0.0,1.0,0.15235819822386532,0.08851050697247735,,"(128, 128)",float32,-0.005310010630637407,1.446545124053955,0.15270666670213018,0.0927654160795528,
001797.npy,"(256, 256)",float32,0.0,1.0,0.4235375211952701,0.3708547296110327,,"(128, 128)",float32,-0.03013911470770836,1.5788347721099854,0.4236178523212146,0.38076984596248925,
001798.npy,"(256, 256)",float32,0.0,1.0,0.29528181073299464,0.2935944459703837,,"(128, 128)",float32,0.002498718909919262,1.5613073110580444,0.2961346095873978,0.30455908178374935,
001799.npy,"(256, 256)",float32,0.0,1.0,0.42012083166236724,0.37149742377859196,,"(128, 128)",float32,-0.05012010410428047,1.5556913614273071,0.42056596615212705,0.3811220166744443,
001800.npy,"(256, 256)",float32,0.0,1.0,0.2943669138057409,0.2236996322605824,,"(128, 128)",float32,-0.006651873234659433,1.3189457654953003,0.2945853619816745,0.23209830405919007,
001801.npy,"(256, 256)",float32,0.0,1.0,0.3106044727117189,0.19520862001695302,,"(128, 128)",float32,-0.0005748371477238834,1.353179693222046,0.3114355493642209,0.20429729910717973,
001802.npy,"(256, 256)",float32,0.0,1.0,0.31308772123980866,0.20390674421990007,,"(128, 128)",float32,-8.661874016979709e-05,1.4454635381698608,0.31349838052851764,0.21411910675263932,
001803.npy,"(256, 256)",float32,0.0,1.0,0.2914826334988341,0.17846151034163785,,"(128, 128)",float32,0.008649089373648167,1.3679752349853516,0.29182231489136257,0.1894669026416104,
001804.npy,"(256, 256)",float32,0.0,1.0,0.8521160608873686,0.11112307437975164,,"(128, 128)",float32,0.009311393834650517,1.466110348701477,0.8526359976243043,0.16555039868334265,
001805.npy,"(256, 256)",float32,0.0,1.0,0.489314242989618,0.19597699227917167,,"(128, 128)",float32,0.006343059707432985,1.3201895952224731,0.4884996052321924,0.210732848836933,
001806.npy,"(256, 256)",float32,0.0,1.0,0.4727575403201012,0.20122067944583996,,"(128, 128)",float32,0.002094006398692727,1.3332699537277222,0.4727366860793296,0.22139636925492576,
001807.npy,"(256, 256)",float32,0.0,1.0,0.46041477983915846,0.20311623654394298,,"(128, 128)",float32,-0.003163053886964917,1.2166547775268555,0.460580421055667,0.2154764608991466,
001808.npy,"(256, 256)",float32,0.0,1.0,0.5481527222808165,0.24682019488338033,,"(128, 128)",float32,-0.009755211882293224,1.4635318517684937,0.5478995383403902,0.2663481553171277,
001809.npy,"(256, 256)",float32,0.0,1.0,0.09771061004884396,0.13349363619467838,,"(128, 128)",float32,-0.016431760042905807,1.034406065940857,0.09775250558408385,0.1358616295455627,
001810.npy,"(256, 256)",float32,0.0,1.0,0.08449156049525364,0.1182335199691982,,"(128, 128)",float32,-0.014765243977308273,1.2234681844711304,0.08514543223792398,0.12202501725629702,
001811.npy,"(256, 256)",float32,0.0,1.0,0.07945947101502593,0.1028071007088983,,"(128, 128)",float32,-0.023358376696705818,1.10361909866333,0.07969745130291528,0.10635010885542284,
001812.npy,"(256, 256)",float32,0.0,1.0,0.3595866336387701,0.24032647130265825,,"(128, 128)",float32,0.002586549613624811,1.4871364831924438,0.3604193549199408,0.25183182059532483,
001813.npy,"(256, 256)",float32,0.0,1.0,0.45973103081075806,0.2023491483996115,,"(128, 128)",float32,0.00546641368418932,1.5881996154785156,0.46020515617237834,0.22336433415084783,
001814.npy,"(256, 256)",float32,0.0,1.0,0.46936471814534286,0.20242566997475459,,"(128, 128)",float32,0.011060347780585289,1.2817189693450928,0.4696830398632983,0.21698215750965474,
001815.npy,"(256, 256)",float32,0.0,1.0,0.5317138486209956,0.1747811327184221,,"(128, 128)",float32,-0.00955075304955244,1.5845389366149902,0.5315268869756551,0.20242718050019504,
001816.npy,"(256, 256)",float32,0.0,1.0,0.4687157898178107,0.3112771604551301,,"(128, 128)",float32,-0.013196954503655434,1.490723729133606,0.4691347536433286,0.3225685161165004,
001817.npy,"(256, 256)",float32,0.0,1.0,0.22632515916171325,0.24365471027123167,,"(128, 128)",float32,-0.00428003678098321,1.3407673835754395,0.22639930964649918,0.24857246246797238,
001818.npy,"(256, 256)",float32,0.0,1.0,0.2618928283291915,0.25212358637132276,,"(128, 128)",float32,-0.008271947503089905,1.399505376815796,0.26132344459549817,0.2590446208223741,
001819.npy,"(256, 256)",float32,0.0,1.0,0.2746673133164741,0.26596242285356925,,"(128, 128)",float32,-0.01062189694494009,1.284759521484375,0.2743505050194879,0.27171091974525835,
001820.npy,"(256, 256)",float32,0.0,1.0,0.5974050666889612,0.2083193518572735,,"(128, 128)",float32,-0.07079990953207016,1.6731046438217163,0.597537147937949,0.23935106570813855,
001821.npy,"(256, 256)",float32,0.0,1.0,0.4653946125330903,0.22031995641899,,"(128, 128)",float32,-0.023903151974081993,1.553543210029602,0.46689233601910657,0.2335145558163265,
001822.npy,"(256, 256)",float32,0.0,1.0,0.46410512703281837,0.21552121949263978,,"(128, 128)",float32,-0.025436218827962875,1.5417625904083252,0.46495012446311357,0.2344730577859214,
001823.npy,"(256, 256)",float32,0.0,1.0,0.5456568060633911,0.22427906265631228,,"(128, 128)",float32,-0.024283889681100845,1.7763649225234985,0.5458977263034832,0.2510449137129363,
001824.npy,"(256, 256)",float32,0.0,1.0,0.27703185683471204,0.2668697734843092,,"(128, 128)",float32,-0.017072955146431923,1.1927281618118286,0.2788767564743116,0.2760493565329669,
001825.npy,"(256, 256)",float32,0.0,1.0,0.03205501142343659,0.08986777842479199,,"(128, 128)",float32,-0.023517554625868797,1.1159064769744873,0.03249169080109296,0.0932352084071623,
001826.npy,"(256, 256)",float32,0.0,1.0,0.02329243368585269,0.05867329549422869,,"(128, 128)",float32,-0.013376747258007526,1.084065556526184,0.023569956734787276,0.06166064861359423,
001827.npy,"(256, 256)",float32,0.0,1.0,0.020312685633100118,0.02289995662277351,,"(128, 128)",float32,-0.020848417654633522,1.268172025680542,0.020450866412718732,0.025925910856521298,
001828.npy,"(256, 256)",float32,0.0,1.0,0.38099368905221453,0.24716049162225132,,"(128, 128)",float32,-0.020740646868944168,1.138868808746338,0.38092421342539673,0.25677794156396866,
001829.npy,"(256, 256)",float32,0.0,1.0,0.4974468788790667,0.25179943354761275,,"(128, 128)",float32,-0.000734800414647907,1.257718563079834,0.4967667668534741,0.2634916525479301,
001830.npy,"(256, 256)",float32,0.0,1.0,0.48675670039126606,0.2476900315984224,,"(128, 128)",float32,-0.0007519831415265799,1.3517470359802246,0.4868671271176357,0.26136383973148286,
001831.npy,"(256, 256)",float32,0.0,1.0,0.48149876113437173,0.24498729296434688,,"(128, 128)",float32,-0.0175620149821043,1.2690802812576294,0.482773869064264,0.2562303418396356,
001832.npy,"(256, 256)",float32,0.0,1.0,0.42900527951624623,0.1782755947479159,,"(128, 128)",float32,-0.019671402871608734,1.4127954244613647,0.430033869193986,0.1905905488752429,
001833.npy,"(256, 256)",float32,0.0,1.0,0.2037483168980332,0.17241796373521187,,"(128, 128)",float32,-0.031121546402573586,1.1280759572982788,0.20331083714701226,0.17612429825710083,
001834.npy,"(256, 256)",float32,0.0,1.0,0.2078362796097401,0.1739928892879697,,"(128, 128)",float32,-0.037981659173965454,1.2563060522079468,0.20748894198158574,0.18024859785805075,
001835.npy,"(256, 256)",float32,0.0,1.0,0.221781209242484,0.17743723084828142,,"(128, 128)",float32,-0.029913680627942085,1.1744980812072754,0.22186541544352045,0.1842354458984526,
001836.npy,"(256, 256)",float32,0.0,1.0,0.2915870673850207,0.15542260479230754,,"(128, 128)",float32,-0.05847877636551857,1.3344556093215942,0.2914334957536715,0.1620301387780745,
001837.npy,"(256, 256)",float32,0.0,1.0,0.26900287065683126,0.13847119919824952,,"(128, 128)",float32,-0.03390137106180191,1.140315055847168,0.26869405416516656,0.14765824881656991,
001838.npy,"(256, 256)",float32,0.0,1.0,0.269382164622712,0.13867297013299681,,"(128, 128)",float32,-0.02039961889386177,1.313766360282898,0.2690264987150943,0.15000554276524067,
001839.npy,"(256, 256)",float32,0.0,1.0,0.26696787311681147,0.1600085043827921,,"(128, 128)",float32,-0.03628199175000191,1.169830322265625,0.26677441502827226,0.1666445983886167,
001840.npy,"(256, 256)",float32,0.0,1.0,0.5522540252138435,0.210880403959038,,"(128, 128)",float32,-0.019151587039232254,1.3365288972854614,0.5513822229475371,0.2324629320809384,
001841.npy,"(256, 256)",float32,0.0,1.0,0.3083611979270344,0.24834927316398545,,"(128, 128)",float32,0.006873667240142822,1.3692322969436646,0.3086458828457239,0.2547635519615463,
001842.npy,"(256, 256)",float32,0.0,1.0,0.3016379805924956,0.24272551991121813,,"(128, 128)",float32,0.011221802793443203,1.4650906324386597,0.3027151548748179,0.2502090821566551,
001843.npy,"(256, 256)",float32,0.0,1.0,0.27285021893379735,0.215091724011692,,"(128, 128)",float32,0.02240372635424137,1.3143051862716675,0.2728861357168171,0.2236162398243099,
001844.npy,"(256, 256)",float32,0.0,1.0,0.5622316833753231,0.1937032674707239,,"(128, 128)",float32,-0.002895408309996128,1.291586995124817,0.5613229696843831,0.21388263419357242,
001845.npy,"(256, 256)",float32,0.0,1.0,0.20012255435214854,0.08505469442549056,,"(128, 128)",float32,0.00603609811514616,0.9677804112434387,0.199711957262366,0.09482524789855572,
001846.npy,"(256, 256)",float32,0.0,1.0,0.1988892734957446,0.08362660189195989,,"(128, 128)",float32,0.0034099717158824205,1.0851387977600098,0.19926496917905467,0.09106634108976361,
001847.npy,"(256, 256)",float32,0.0,1.0,0.21561708417353032,0.08951721981593316,,"(128, 128)",float32,0.006632385775446892,1.1033735275268555,0.21561327345875725,0.09579837698253485,
001848.npy,"(256, 256)",float32,0.0,1.0,0.2563060297848141,0.2959953397429108,,"(128, 128)",float32,-0.10627616941928864,1.324731707572937,0.25737521986864864,0.30131071918455,
001849.npy,"(256, 256)",float32,0.0,1.0,0.6459447287938076,0.11732040915866526,,"(128, 128)",float32,-0.002627970650792122,1.3500860929489136,0.6447861986172256,0.15197130661684,
001850.npy,"(256, 256)",float32,0.0,1.0,0.6466896610599662,0.12030954053342005,,"(128, 128)",float32,-0.0026677842251956463,1.346505045890808,0.6460073442811165,0.15547587846558233,
001851.npy,"(256, 256)",float32,0.0,1.0,0.4837784568437107,0.16876786664642401,,"(128, 128)",float32,0.0030864528380334377,1.307559847831726,0.48299309777078747,0.1852646107650796,
001852.npy,"(256, 256)",float32,0.0,1.0,0.8151260547485237,0.13299063741254874,,"(128, 128)",float32,-0.011667433194816113,1.5510083436965942,0.8130801441585231,0.1841985241100262,
001853.npy,"(256, 256)",float32,0.0,1.0,0.5218887209342116,0.22183254615931808,,"(128, 128)",float32,-0.008007803000509739,1.523663878440857,0.520899288249268,0.2374777908976132,
001854.npy,"(256, 256)",float32,0.0,1.0,0.5301934233121584,0.23273416644757905,,"(128, 128)",float32,0.0034144087694585323,1.4874221086502075,0.5299199371823846,0.24755551677653334,
001855.npy,"(256, 256)",float32,0.0,1.0,0.547132838350235,0.2323953055384925,,"(128, 128)",float32,-0.0022296628449112177,1.5517669916152954,0.5463673302544123,0.2463589765651236,
001856.npy,"(256, 256)",float32,0.0,1.0,0.19793492097271015,0.14580522118035233,,"(128, 128)",float32,-0.024213183671236038,1.326206088066101,0.19827429944656683,0.15163716783347292,
001857.npy,"(256, 256)",float32,0.0,1.0,0.47542660888166566,0.169164017782746,,"(128, 128)",float32,0.0023541185073554516,1.4713948965072632,0.47560047668665106,0.18665513743824122,
001858.npy,"(256, 256)",float32,0.0,1.0,0.658337530708485,0.2939962953397512,,"(128, 128)",float32,0.0001315599656663835,1.4695650339126587,0.6580342581992191,0.31189874404286716,
001859.npy,"(256, 256)",float32,0.0,1.0,0.4419653881951874,0.1701560526443025,,"(128, 128)",float32,-0.002629982540383935,1.4546738862991333,0.4426136671965537,0.18709823359279315,
001860.npy,"(256, 256)",float32,0.0,1.0,0.45988333863080433,0.24932940282662858,,"(128, 128)",float32,-0.001218715333379805,1.7175906896591187,0.4592178774200568,0.26857198624799966,
001861.npy,"(256, 256)",float32,0.0,1.0,0.47360096579885536,0.19785260711384553,,"(128, 128)",float32,-0.007910914719104767,1.4241384267807007,0.4730750846518106,0.21825245100640855,
001862.npy,"(256, 256)",float32,0.0,1.0,0.5057733365975419,0.18279792496041028,,"(128, 128)",float32,-0.0002276733866892755,1.2973203659057617,0.5056737808577374,0.19886309860708826,
001863.npy,"(256, 256)",float32,0.0,1.0,0.49883954077218284,0.20276087839615506,,"(128, 128)",float32,-0.006539324298501015,1.4987339973449707,0.4993042335946427,0.22146148980037256,
001864.npy,"(256, 256)",float32,0.0,1.0,0.4425434516844362,0.2061129786959963,,"(128, 128)",float32,-0.0175410658121109,1.3916207551956177,0.4432477306810725,0.225638974910184,
001865.npy,"(256, 256)",float32,0.0,1.0,0.4523032148882505,0.15730103322925307,,"(128, 128)",float32,-0.0005506136803887784,1.5103367567062378,0.45162562973034426,0.1739667567683731,
001866.npy,"(256, 256)",float32,0.0,1.0,0.4526501569415591,0.16546334548021477,,"(128, 128)",float32,-0.002106443513184786,1.3076194524765015,0.4537789048547509,0.18388599978628756,
001867.npy,"(256, 256)",float32,0.0,1.0,0.46052397954491653,0.1612710624658234,,"(128, 128)",float32,0.0052386196330189705,1.2461552619934082,0.46050647653703436,0.17567880844341896,
001868.npy,"(256, 256)",float32,0.0,1.0,0.48034479124772744,0.19027893271995666,,"(128, 128)",float32,0.003908817656338215,1.4624162912368774,0.4803914291669855,0.21250185517187878,
001869.npy,"(256, 256)",float32,0.0,1.0,0.5371529653840961,0.18875010797393896,,"(128, 128)",float32,0.012190672568976879,1.5019713640213013,0.5368497603848823,0.21519804101589526,
001870.npy,"(256, 256)",float32,0.0,1.0,0.5502742814904948,0.19105024017214498,,"(128, 128)",float32,0.01006779819726944,1.355832576751709,0.5504601459864489,0.20977211469739251,
001871.npy,"(256, 256)",float32,0.0,1.0,0.5256241481251444,0.18883199141383414,,"(128, 128)",float32,0.0036359778605401516,1.433976173400879,0.5265560503771383,0.20789030330852318,
001872.npy,"(256, 256)",float32,0.0,1.0,0.3075099649853228,0.2003062361756855,,"(128, 128)",float32,-0.038247425109148026,1.3675439357757568,0.3071667433306402,0.20406392678113044,
001873.npy,"(256, 256)",float32,0.0,1.0,0.2054934703722689,0.1720240701952434,,"(128, 128)",float32,-0.07715871185064316,1.3360544443130493,0.20472438106355506,0.17697372172698617,
001874.npy,"(256, 256)",float32,0.0,1.0,0.20797466249066882,0.17358223792128305,,"(128, 128)",float32,-0.04951481148600578,1.4603888988494873,0.20692423219432343,0.1767275599543219,
001875.npy,"(256, 256)",float32,0.0,1.0,0.2225402536817515,0.17319122090829964,,"(128, 128)",float32,-0.06243252009153366,1.3958170413970947,0.22241201966710022,0.17555317145852026,
001876.npy,"(256, 256)",float32,0.0,1.0,0.4430212730878793,0.2704135657045365,,"(128, 128)",float32,0.010683929547667503,1.3669579029083252,0.44207332754302797,0.28034253247838314,
001877.npy,"(256, 256)",float32,0.0,1.0,0.3163194943393506,0.23571043464402297,,"(128, 128)",float32,0.0018375995568931103,1.4673433303833008,0.31600231321075967,0.24545852508645513,
001878.npy,"(256, 256)",float32,0.0,1.0,0.38245585689427664,0.2551632684718039,,"(128, 128)",float32,-0.00045531478826887906,1.6007888317108154,0.3824517775917382,0.26867364604180993,
001879.npy,"(256, 256)",float32,0.0,1.0,0.34792079394807396,0.25924516060069613,,"(128, 128)",float32,-0.005679968744516373,1.4990659952163696,0.3481180980231571,0.2700748953473475,
001880.npy,"(256, 256)",float32,0.0,1.0,0.6732915414066838,0.2240686062396334,,"(128, 128)",float32,0.0006773609784431756,1.6081022024154663,0.6730262593608423,0.2476324163070949,
001881.npy,"(256, 256)",float32,0.0,1.0,0.6025147314571058,0.17713082086716206,,"(128, 128)",float32,0.017520379275083542,1.565622091293335,0.602603118420916,0.20484280858842793,
001882.npy,"(256, 256)",float32,0.0,1.0,0.6117963358736649,0.18187274706605536,,"(128, 128)",float32,0.012187547981739044,1.646402359008789,0.6119341754923653,0.2152426276048629,
001883.npy,"(256, 256)",float32,0.0,1.0,0.6098072999742978,0.1810844951548818,,"(128, 128)",float32,0.004044129978865385,1.676525592803955,0.6101249385855567,0.20737520659234496,
001884.npy,"(256, 256)",float32,0.0,1.0,0.8664028400381545,0.05877513791146555,,"(128, 128)",float32,-0.05277366563677788,1.6162917613983154,0.86671285949393,0.15994553151181426,
001885.npy,"(256, 256)",float32,0.0,1.0,0.8893820694605497,0.08599045650488193,,"(128, 128)",float32,-0.0032175870146602392,1.846664309501648,0.8880307043583535,0.1914079790480899,
001886.npy,"(256, 256)",float32,0.0,1.0,0.8677914832937628,0.13098774914649824,,"(128, 128)",float32,0.0024525572080165148,1.5180481672286987,0.8670019503262694,0.1923929191518052,
001887.npy,"(256, 256)",float32,0.0,1.0,0.8790173573012332,0.12467788468668063,,"(128, 128)",float32,-0.0032880704384297132,1.757064700126648,0.8773238040008571,0.21234657984613348,
001888.npy,"(256, 256)",float32,0.0,1.0,0.24703068113422166,0.21074782150681953,,"(128, 128)",float32,-0.016901453956961632,1.3232618570327759,0.2473873540291126,0.21899744043219066,
001889.npy,"(256, 256)",float32,0.0,1.0,0.574810445913573,0.2854337171637835,,"(128, 128)",float32,0.0012124839704483747,1.448054313659668,0.5753196612291731,0.3006776154026976,
001890.npy,"(256, 256)",float32,0.0,1.0,0.553943674015068,0.27182096529740846,,"(128, 128)",float32,-0.005461907479912043,1.647985816001892,0.5541834981012599,0.28671716269579617,
001891.npy,"(256, 256)",float32,0.0,1.0,0.5733289665241434,0.28834035016184817,,"(128, 128)",float32,0.00489812670275569,1.6824382543563843,0.5742198752096783,0.3061776586601963,
001892.npy,"(256, 256)",float32,0.0,1.0,0.5802452754753568,0.1459066635951444,,"(128, 128)",float32,-0.03087848238646984,1.3143635988235474,0.5790137205681116,0.1763823277032023,
001893.npy,"(256, 256)",float32,0.0,1.0,0.4820806168639178,0.20603882999262108,,"(128, 128)",float32,-0.03961053118109703,1.300157070159912,0.48173045351130916,0.228006869000226,
001894.npy,"(256, 256)",float32,0.0,1.0,0.467771857936648,0.20620642636357597,,"(128, 128)",float32,-0.03410886973142624,1.2926636934280396,0.4683268856754097,0.2250303664240429,
001895.npy,"(256, 256)",float32,0.0,1.0,0.45917464733044233,0.20917003109210258,,"(128, 128)",float32,-0.026970088481903076,1.1844475269317627,0.4584938144853048,0.22076696838267074,
001896.npy,"(256, 256)",float32,0.0,1.0,0.5337444892080216,0.2524851780552382,,"(128, 128)",float32,0.001468587084673345,1.461490273475647,0.5342522575595652,0.27378423934277385,
001897.npy,"(256, 256)",float32,0.0,1.0,0.48360534358638585,0.18054836193249366,,"(128, 128)",float32,0.0007249178597703576,1.318711280822754,0.48428440661937344,0.1962896852696942,
001898.npy,"(256, 256)",float32,0.0,1.0,0.4923579682059085,0.16802703621703363,,"(128, 128)",float32,0.012117343954741955,1.2932180166244507,0.49197935941987225,0.18916935278001326,
001899.npy,"(256, 256)",float32,0.0,1.0,0.5155056040564858,0.18097427052245985,,"(128, 128)",float32,0.039552342146635056,1.4604114294052124,0.5156821270797991,0.20465309300798834,
001900.npy,"(256, 256)",float32,0.0,1.0,0.29322546899253066,0.21755604805466278,,"(128, 128)",float32,-0.005141188390552998,1.4263602495193481,0.2932102836662338,0.22499559784116455,
001901.npy,"(256, 256)",float32,0.0,1.0,0.29544094201042237,0.2976376976299516,,"(128, 128)",float32,0.000942958751693368,1.5178476572036743,0.2972669111587294,0.3053504065257947,
001902.npy,"(256, 256)",float32,0.0,1.0,0.21263017992850308,0.19117232525989955,,"(128, 128)",float32,-0.00011552441719686612,1.302760362625122,0.21360229778077278,0.1973779491712282,
001903.npy,"(256, 256)",float32,0.0,1.0,0.28744366172378477,0.2977143056999765,,"(128, 128)",float32,-0.002707956824451685,1.6021534204483032,0.2896220140180148,0.3072981525873302,
001904.npy,"(256, 256)",float32,0.0,1.0,0.5238536025370095,0.266837752481618,,"(128, 128)",float32,-0.0029431681614369154,1.380972146987915,0.5233300620622856,0.2799115061949944,
001905.npy,"(256, 256)",float32,0.0,1.0,0.6631078816704168,0.24112705612302318,,"(128, 128)",float32,-0.002722528763115406,1.6462663412094116,0.6631427955665958,0.272820662447732,
001906.npy,"(256, 256)",float32,0.0,1.0,0.7626200630469455,0.19952288579158384,,"(128, 128)",float32,-0.0019347683992236853,1.6606642007827759,0.761394969943737,0.24617922118947363,
001907.npy,"(256, 256)",float32,0.0,1.0,0.7767094021377225,0.1861089331873391,,"(128, 128)",float32,0.0014097372768446803,1.6282565593719482,0.7745319459812876,0.23388027708473821,
001908.npy,"(256, 256)",float32,0.0,1.0,0.5118498471735364,0.2633940408966713,,"(128, 128)",float32,-0.0017325698863714933,1.4558478593826294,0.5119714338631951,0.27302152211246805,
001909.npy,"(256, 256)",float32,0.0,1.0,0.225751479140415,0.09290405634663364,,"(128, 128)",float32,-0.012079094536602497,1.0419613122940063,0.2258472453975897,0.10078375328450967,
001910.npy,"(256, 256)",float32,0.0,1.0,0.22412982383328253,0.10055312269027082,,"(128, 128)",float32,-0.008351411670446396,0.9123599529266357,0.22423433282302518,0.10791054180725422,
001911.npy,"(256, 256)",float32,0.0,1.0,0.240780837538894,0.0939973297968245,,"(128, 128)",float32,-0.011444608680903912,1.0741679668426514,0.24075817702270896,0.10295107456789493,
001912.npy,"(256, 256)",float32,0.0,1.0,0.43377620122636174,0.2271406545997755,,"(128, 128)",float32,-0.007095881272107363,1.454866647720337,0.4333205329246539,0.24266022439401247,
001913.npy,"(256, 256)",float32,0.0,1.0,0.20497920315487755,0.16896363830745303,,"(128, 128)",float32,-0.011481653898954391,1.413777470588684,0.20524300590169275,0.1763323067172146,
001914.npy,"(256, 256)",float32,0.0,1.0,0.20591066996943574,0.17002407417850474,,"(128, 128)",float32,-0.03244943916797638,1.3241245746612549,0.20566000307775845,0.17801673749397962,
001915.npy,"(256, 256)",float32,0.0,1.0,0.19793365213037362,0.1628609467204445,,"(128, 128)",float32,-0.003230845555663109,1.5977696180343628,0.19880763313860328,0.1691993104058474,
001916.npy,"(256, 256)",float32,0.0,1.0,0.6235261159321248,0.14834920671837293,,"(128, 128)",float32,-0.019554052501916885,1.3437995910644531,0.6234851132433761,0.1757809428792667,
001917.npy,"(256, 256)",float32,0.0,1.0,0.2833332207672291,0.15883505784115434,,"(128, 128)",float32,-0.02449106238782406,1.5478788614273071,0.28336797644348555,0.16568952233583126,
001918.npy,"(256, 256)",float32,0.0,1.0,0.2643193676113349,0.12944217407735234,,"(128, 128)",float32,-0.015642274171113968,1.1725308895111084,0.26487167357826635,0.13773680049584708,
001919.npy,"(256, 256)",float32,0.0,1.0,0.2962062307998269,0.178722780344803,,"(128, 128)",float32,-0.03530273586511612,1.3653732538223267,0.2959475880675546,0.1854692275278998,
001920.npy,"(256, 256)",float32,0.0,1.0,0.20999982182244992,0.15994754244006418,,"(128, 128)",float32,0.007833823561668396,1.308200716972351,0.20986385464527757,0.16532234460667458,
001921.npy,"(256, 256)",float32,0.0,1.0,0.5509617724807949,0.3044803791981196,,"(128, 128)",float32,-0.008048667572438717,1.5549163818359375,0.5525547106370681,0.3203220517294605,
001922.npy,"(256, 256)",float32,0.0,1.0,0.5801199949921116,0.29783820101317154,,"(128, 128)",float32,-0.03865736350417137,1.796687126159668,0.5810265327834969,0.3245408476715216,
001923.npy,"(256, 256)",float32,0.0,1.0,0.5788376388721066,0.29740893418345166,,"(128, 128)",float32,-0.03757951781153679,1.4295700788497925,0.5784180424246657,0.31042824016820947,
001924.npy,"(256, 256)",float32,0.0,1.0,0.41436817969250583,0.1940946689683596,,"(128, 128)",float32,0.003833291120827198,1.484832763671875,0.41437392507967274,0.20829336187000616,
001925.npy,"(256, 256)",float32,0.0,1.0,0.8780487324924806,0.09057257889870624,,"(128, 128)",float32,0.0640915036201477,1.633787989616394,0.8766677540952514,0.1762342552861866,
001926.npy,"(256, 256)",float32,0.0,1.0,0.8925711001116099,0.07285696206268834,,"(128, 128)",float32,0.050801027566194534,1.8403761386871338,0.8921693425756985,0.1797805007274467,
001927.npy,"(256, 256)",float32,0.0,1.0,0.884792512146447,0.0851186215674301,,"(128, 128)",float32,0.09599298983812332,1.574394941329956,0.8847016837748924,0.15368332126627787,
001928.npy,"(256, 256)",float32,0.0,1.0,0.41078127962164807,0.2595562537088631,,"(128, 128)",float32,-0.006351034622639418,1.4380561113357544,0.410987503338767,0.2714312452764628,
001929.npy,"(256, 256)",float32,0.0,1.0,0.35075538020111363,0.14256474687573487,,"(128, 128)",float32,-0.00043241746607236564,1.198042869567871,0.35064755127796055,0.1596297876701985,
001930.npy,"(256, 256)",float32,0.0,1.0,0.3514409189752463,0.14263960926343425,,"(128, 128)",float32,0.009864935651421547,1.3815791606903076,0.35202553002204695,0.15983382650255162,
001931.npy,"(256, 256)",float32,0.0,1.0,0.3571885977153144,0.14074480855810348,,"(128, 128)",float32,0.008651473559439182,1.2101110219955444,0.3571236404796423,0.15766830645730712,
001932.npy,"(256, 256)",float32,0.0,1.0,0.4613028920937836,0.1636580586055309,,"(128, 128)",float32,-0.007432763464748859,1.5710095167160034,0.46064494450803295,0.1819562928399421,
001933.npy,"(256, 256)",float32,0.0,1.0,0.5331055539663367,0.17600549511393257,,"(128, 128)",float32,0.013989996165037155,1.498145580291748,0.5335223052315996,0.20816311495187328,
001934.npy,"(256, 256)",float32,0.0,1.0,0.5308174238951722,0.1687431797975689,,"(128, 128)",float32,0.01806516759097576,1.4260179996490479,0.5308266809274755,0.1917518680678008,
001935.npy,"(256, 256)",float32,0.0,1.0,0.5986327436248331,0.1577540069712239,,"(128, 128)",float32,0.006190078798681498,1.4025923013687134,0.5989189798096106,0.18303346963545467,
001936.npy,"(256, 256)",float32,0.0,1.0,0.806422831173677,0.11340813801969417,,"(128, 128)",float32,0.06053115054965019,1.4820162057876587,0.8057200184464364,0.16134893888724622,
001937.npy,"(256, 256)",float32,0.0,1.0,0.5240305786793868,0.1716531678723534,,"(128, 128)",float32,0.045969463884830475,1.287638545036316,0.5238451551099388,0.19339502787449148,
001938.npy,"(256, 256)",float32,0.0,1.0,0.5307680027357549,0.1640486855238388,,"(128, 128)",float32,0.03457895293831825,1.4750149250030518,0.530547742661156,0.1943116019175646,
001939.npy,"(256, 256)",float32,0.0,1.0,0.5218235892110101,0.1637975065123268,,"(128, 128)",float32,0.013220993801951408,1.2847087383270264,0.5217236091799577,0.18645649472168324,
001940.npy,"(256, 256)",float32,0.0,1.0,0.33533722902195073,0.1210977686720946,,"(128, 128)",float32,0.002749128732830286,1.3205269575119019,0.3355401203677104,0.12946320230274888,
001941.npy,"(256, 256)",float32,0.0,1.0,0.1989158310603305,0.1459642248190563,,"(128, 128)",float32,-0.034217629581689835,1.0365327596664429,0.19908716422651285,0.15034714243056607,
001942.npy,"(256, 256)",float32,0.0,1.0,0.1668518147444396,0.13660008712392294,,"(128, 128)",float32,-0.016237691044807434,1.2448062896728516,0.16751059086209352,0.13964729764346656,
001943.npy,"(256, 256)",float32,0.0,1.0,0.16300725080146908,0.13279760799903614,,"(128, 128)",float32,-0.029371343553066254,1.1159666776657104,0.16346845386058773,0.136989006492256,
001944.npy,"(256, 256)",float32,0.0,1.0,0.40010512528066045,0.16714712336852064,,"(128, 128)",float32,-0.0007961935480125248,1.2773114442825317,0.398920984506848,0.17898927412518847,
001945.npy,"(256, 256)",float32,0.0,1.0,0.3858926979093269,0.24077116891773231,,"(128, 128)",float32,-2.2466481823357753e-05,1.2933205366134644,0.3856807916713364,0.25315155239279663,
001946.npy,"(256, 256)",float32,0.0,1.0,0.39735525633524915,0.2488808913685497,,"(128, 128)",float32,-0.008779565803706646,1.200217366218567,0.39761002760970854,0.2598473822463519,
001947.npy,"(256, 256)",float32,0.0,1.0,0.36279624679449896,0.23358013826836976,,"(128, 128)",float32,0.010614443570375443,1.3834049701690674,0.36291926695855636,0.24435326086993847,
001948.npy,"(256, 256)",float32,0.0,1.0,0.40155166109594553,0.15396742625371662,,"(128, 128)",float32,0.0017367602558806539,1.4024052619934082,0.4010844616892726,0.16787388948742782,
001949.npy,"(256, 256)",float32,0.0,1.0,0.31272604750567323,0.28247545931165835,,"(128, 128)",float32,-0.0015531029785051942,1.309626817703247,0.31186811604379905,0.29028934957610364,
001950.npy,"(256, 256)",float32,0.0,1.0,0.28162744061437783,0.2804346952989734,,"(128, 128)",float32,-0.006943453568965197,1.3643794059753418,0.2802667991457195,0.2868459319412363,
001951.npy,"(256, 256)",float32,0.0,1.0,0.27426683637808535,0.2801991953049789,,"(128, 128)",float32,-0.009241488762199879,1.294732928276062,0.2725592118118705,0.28637903074761084,
001952.npy,"(256, 256)",float32,0.0,1.0,0.49805372556154737,0.26467227026497653,,"(128, 128)",float32,-0.004867542535066605,1.5503181219100952,0.49766453891388096,0.28152761498942586,
001953.npy,"(256, 256)",float32,0.0,1.0,0.05647721230767849,0.057033219530922434,,"(128, 128)",float32,-0.021739723160862923,1.1167757511138916,0.05621853501884311,0.05854983274668882,
001954.npy,"(256, 256)",float32,0.0,1.0,0.05655114000836145,0.057197202773921665,,"(128, 128)",float32,-0.02644074521958828,1.1169641017913818,0.056559803490813465,0.05834334865007991,
001955.npy,"(256, 256)",float32,0.0,1.0,0.0735222197426317,0.09451422105525814,,"(128, 128)",float32,-0.009977634064853191,1.2088063955307007,0.07346027960502388,0.09613617546545829,
001956.npy,"(256, 256)",float32,0.0,1.0,0.38361247251210173,0.17366815166484073,,"(128, 128)",float32,0.0009514643461443484,1.3671987056732178,0.38348858387326246,0.18879397433724962,
001957.npy,"(256, 256)",float32,0.0,1.0,0.43530900808250905,0.20308819071225584,,"(128, 128)",float32,0.02800280787050724,1.4905328750610352,0.43526265025843713,0.22111492537830243,
001958.npy,"(256, 256)",float32,0.0,1.0,0.3653197646114359,0.2433724816426545,,"(128, 128)",float32,-0.0018400567350909114,1.5654844045639038,0.365220743367658,0.2539734428982324,
001959.npy,"(256, 256)",float32,0.0,1.0,0.4334608297543183,0.22033361283478187,,"(128, 128)",float32,0.015072292648255825,1.311599612236023,0.43411876098281255,0.23219472759546755,
001960.npy,"(256, 256)",float32,0.0,1.0,0.3700796520366234,0.17523540085003525,,"(128, 128)",float32,-0.013010852038860321,1.4614486694335938,0.3702458209462218,0.18843180460828612,
001961.npy,"(256, 256)",float32,0.0,1.0,0.3255759995012042,0.31900019001061924,,"(128, 128)",float32,-0.023494206368923187,1.5327396392822266,0.32566652724728923,0.32621954779310913,
001962.npy,"(256, 256)",float32,0.0,1.0,0.2425923107528991,0.2717883255636489,,"(128, 128)",float32,-0.008139723911881447,1.5528514385223389,0.2432581259568014,0.27893121084426487,
001963.npy,"(256, 256)",float32,0.0,1.0,0.2560235516938611,0.27207926602539795,,"(128, 128)",float32,-0.003336987691000104,1.521148681640625,0.25666233126722204,0.27949337112609385,
001964.npy,"(256, 256)",float32,0.0,1.0,0.5124273222182296,0.19380043942001693,,"(128, 128)",float32,0.016483278945088387,1.4423298835754395,0.5107032860939853,0.21317665592776022,
001965.npy,"(256, 256)",float32,0.0,1.0,0.5620340627387037,0.2619531301476172,,"(128, 128)",float32,0.008188226260244846,1.5768442153930664,0.5622900756977742,0.2817523294002008,
001966.npy,"(256, 256)",float32,0.0,1.0,0.5643485577320604,0.23541348809649326,,"(128, 128)",float32,0.006598944775760174,1.475318193435669,0.5654431915740474,0.25468253682813496,
001967.npy,"(256, 256)",float32,0.0,1.0,0.5574761131620676,0.26467623310387267,,"(128, 128)",float32,0.008988019078969955,1.6585325002670288,0.5578509443716371,0.2826133222680482,
001968.npy,"(256, 256)",float32,0.0,1.0,0.32372876135831063,0.23470352183918367,,"(128, 128)",float32,-0.0018692509038373828,1.2054814100265503,0.3235717733876484,0.24324139032573056,
001969.npy,"(256, 256)",float32,0.0,1.0,0.6566182898976365,0.1822202188886946,,"(128, 128)",float32,-0.0023532158229500055,1.3241888284683228,0.655486964615065,0.2058211374895276,
001970.npy,"(256, 256)",float32,0.0,1.0,0.6802429406320698,0.16932019402837623,,"(128, 128)",float32,0.08455993980169296,1.4937130212783813,0.6794866155137242,0.21013648321184955,
001971.npy,"(256, 256)",float32,0.0,1.0,0.6649422111207244,0.18233692098131926,,"(128, 128)",float32,0.0571683906018734,1.5032719373703003,0.6638674766788881,0.20683222094822776,
001972.npy,"(256, 256)",float32,0.0,1.0,0.32350565459186187,0.24854533718518038,,"(128, 128)",float32,-0.036304228007793427,1.381243109703064,0.3234468770714525,0.2572096706192108,
001973.npy,"(256, 256)",float32,0.0,1.0,0.17571672047398787,0.2828984935464792,,"(128, 128)",float32,-0.027328453958034515,1.4571517705917358,0.1773749061805967,0.2860217171275957,
001974.npy,"(256, 256)",float32,0.0,1.0,0.16311590470211085,0.2714377659203438,,"(128, 128)",float32,-0.032660000026226044,1.5617613792419434,0.1652652719555987,0.27431547689016206,
001975.npy,"(256, 256)",float32,0.0,1.0,0.14324497775531297,0.25089165628417587,,"(128, 128)",float32,-0.009528610855340958,1.5438672304153442,0.1445900261679478,0.2536969289469635,
001976.npy,"(256, 256)",float32,0.0,1.0,0.7517664387264925,0.22324442411615356,,"(128, 128)",float32,-0.08567478507757187,1.518782138824463,0.7527491377185197,0.2502871538390043,
001977.npy,"(256, 256)",float32,0.0,1.0,0.603858741338172,0.10518287637173457,,"(128, 128)",float32,0.07951731979846954,1.1947346925735474,0.6042669842208852,0.13123363647461886,
001978.npy,"(256, 256)",float32,0.0,1.0,0.5886147688270285,0.10046553726548542,,"(128, 128)",float32,0.14605826139450073,1.2028177976608276,0.5885286690099747,0.134165399317518,
001979.npy,"(256, 256)",float32,0.0,1.0,0.5896016902493102,0.10360382434615129,,"(128, 128)",float32,0.11154410988092422,1.4005415439605713,0.5886522320602126,0.1507781222940712,
001980.npy,"(256, 256)",float32,0.0,1.0,0.2124789109988802,0.24788052168353755,,"(128, 128)",float32,-0.029901517555117607,1.4661448001861572,0.21317167621765967,0.25419246628134684,
001981.npy,"(256, 256)",float32,0.0,1.0,0.6259737271849763,0.27422626108771925,,"(128, 128)",float32,-0.001998231513425708,1.5870414972305298,0.6240218111699987,0.299862351454567,
001982.npy,"(256, 256)",float32,0.0,1.0,0.5888994261179974,0.2920494405523525,,"(128, 128)",float32,0.004345407709479332,1.4691598415374756,0.5885619420369608,0.3061448322261809,
001983.npy,"(256, 256)",float32,0.0,1.0,0.6524713935357287,0.25840633633310156,,"(128, 128)",float32,-0.00029358704341575503,2.030707359313965,0.652132516475735,0.28802493675734736,
001984.npy,"(256, 256)",float32,0.0,1.0,0.47735307207744526,0.33194808029090106,,"(128, 128)",float32,0.0037264314014464617,1.5661540031433105,0.4777334787939509,0.34239904659584786,
001985.npy,"(256, 256)",float32,0.0,1.0,0.654919514163538,0.14035230563389534,,"(128, 128)",float32,-0.004803707357496023,1.4899834394454956,0.6548142911454682,0.18089574502801223,
001986.npy,"(256, 256)",float32,0.0,1.0,0.6369554972071965,0.14074165054558768,,"(128, 128)",float32,0.005746317561715841,1.39853835105896,0.636603546638213,0.1707634552207408,
001987.npy,"(256, 256)",float32,0.0,1.0,0.6589090675135425,0.1404777014402748,,"(128, 128)",float32,0.0015270219882950187,1.6379849910736084,0.6586558301663885,0.1810951714303124,
001988.npy,"(256, 256)",float32,0.0,1.0,0.8803600585517506,0.13426171331164016,,"(128, 128)",float32,-0.030209070071578026,1.556809425354004,0.8805862732724545,0.18946126454583823,
001989.npy,"(256, 256)",float32,0.0,1.0,0.4755479658415567,0.26715951396057863,,"(128, 128)",float32,-0.00468022795394063,1.6529332399368286,0.472821114124784,0.2822125047741369,
001990.npy,"(256, 256)",float32,0.0,1.0,0.5406597840759413,0.24492270208610756,,"(128, 128)",float32,-0.007203151937574148,1.6615173816680908,0.5390083951510292,0.27087591519620724,
001991.npy,"(256, 256)",float32,0.0,1.0,0.5345492852047293,0.25172652145372154,,"(128, 128)",float32,-0.0024721878580749035,1.6566792726516724,0.5339026980841055,0.2735461087609944,
001992.npy,"(256, 256)",float32,0.0,1.0,0.9159465237731554,0.039243654373284476,,"(128, 128)",float32,-0.00877772830426693,1.6485532522201538,0.9162159147682587,0.1635812585283943,
001993.npy,"(256, 256)",float32,0.0,1.0,0.34983990746291627,0.1738730449832747,,"(128, 128)",float32,-0.029445704072713852,1.4515224695205688,0.3504491410308139,0.18532357729592247,
001994.npy,"(256, 256)",float32,0.0,1.0,0.33241554589543365,0.1767672931726272,,"(128, 128)",float32,-0.028185583651065826,1.5276904106140137,0.3328613443333239,0.18720943922192465,
001995.npy,"(256, 256)",float32,0.0,1.0,0.3648904387312788,0.19771951868422316,,"(128, 128)",float32,-0.04364755377173424,1.4791150093078613,0.3653387167647,0.20832832137166926,
001996.npy,"(256, 256)",float32,0.0,1.0,0.42692916932611435,0.2604216401313258,,"(128, 128)",float32,-0.00538214948028326,1.4123551845550537,0.4284241318685176,0.27289153374080494,
001997.npy,"(256, 256)",float32,0.0,1.0,0.28323998684565765,0.15802424228467105,,"(128, 128)",float32,0.018394751474261284,1.3897992372512817,0.2830042662633332,0.16552382795310264,
001998.npy,"(256, 256)",float32,0.0,1.0,0.26178416910310887,0.17772281999871747,,"(128, 128)",float32,0.009964164346456528,1.2241334915161133,0.2614257945946292,0.1836222391378342,
001999.npy,"(256, 256)",float32,0.0,1.0,0.27695053709275896,0.16802576757375842,,"(128, 128)",float32,0.002398483920842409,1.2291818857192993,0.2759374179624672,0.1734965444926733,
002000.npy,"(256, 256)",float32,0.0,1.0,0.4021907669599756,0.2359634541716495,,"(128, 128)",float32,0.005844340194016695,1.3544707298278809,0.4042271312925152,0.24723295676180373,
002001.npy,"(256, 256)",float32,0.0,1.0,0.4976374323297301,0.2045217530581973,,"(128, 128)",float32,0.004347741138190031,1.2508974075317383,0.49831264926771723,0.21839494471502016,
002002.npy,"(256, 256)",float32,0.0,1.0,0.47147152070791165,0.19698196338524285,,"(128, 128)",float32,-0.01685776188969612,1.6745343208312988,0.4715504513530959,0.21288547443112169,
002003.npy,"(256, 256)",float32,0.0,1.0,0.45342303897327696,0.19506190786328195,,"(128, 128)",float32,-0.005067742895334959,1.3820027112960815,0.45430075193675634,0.20735702640450973,
002004.npy,"(256, 256)",float32,0.0,1.0,0.3455466945934944,0.20285704572818314,,"(128, 128)",float32,0.0037052633706480265,1.2941198348999023,0.3452298326738088,0.21064823573161698,
002005.npy,"(256, 256)",float32,0.0,1.0,0.11468484494828923,0.11139873431509388,,"(128, 128)",float32,-0.052072543650865555,0.9857619404792786,0.11461519826771227,0.11396508501869017,
002006.npy,"(256, 256)",float32,0.0,1.0,0.12930326166933925,0.11874367733805123,,"(128, 128)",float32,-0.04705750197172165,1.0909823179244995,0.12922195811273274,0.12100658891019121,
002007.npy,"(256, 256)",float32,0.0,1.0,0.1147356168278,0.1114438681413617,,"(128, 128)",float32,-0.03742387145757675,1.278268814086914,0.11467617431915388,0.11406547522586372,
002008.npy,"(256, 256)",float32,0.0,1.0,0.6458106285538321,0.18039277348566415,,"(128, 128)",float32,-0.00821315310895443,1.5804792642593384,0.6462658973988482,0.21653564107157425,
002009.npy,"(256, 256)",float32,0.0,1.0,0.6755005935774534,0.19067514074070957,,"(128, 128)",float32,0.07826077193021774,1.7801077365875244,0.6765559376240162,0.2342968982603636,
002010.npy,"(256, 256)",float32,0.0,1.0,0.6068851371518633,0.24640043755268093,,"(128, 128)",float32,-0.011242046020925045,1.392669439315796,0.607002901370663,0.2634407975321527,
002011.npy,"(256, 256)",float32,0.0,1.0,0.6042813278235428,0.2326059104180677,,"(128, 128)",float32,-0.012282096780836582,1.436410903930664,0.603621630430041,0.25615284704873525,
002012.npy,"(256, 256)",float32,0.0,1.0,0.439112535617719,0.19187051668859248,,"(128, 128)",float32,-0.004688960500061512,1.2646359205245972,0.4396597478031907,0.20636143241103236,
002013.npy,"(256, 256)",float32,0.0,1.0,0.3679265472762481,0.21637200971712087,,"(128, 128)",float32,-0.0013012938434258103,1.1417127847671509,0.3675429004065265,0.2268290981597345,
002014.npy,"(256, 256)",float32,0.0,1.0,0.3108488255761648,0.21210097571049621,,"(128, 128)",float32,0.0028066872619092464,1.1839303970336914,0.3111091162038804,0.22074722705518685,
002015.npy,"(256, 256)",float32,0.0,1.0,0.29510789112249824,0.20109920814081705,,"(128, 128)",float32,-0.007453103084117174,1.2977800369262695,0.2948795189232447,0.20746419917228087,
002016.npy,"(256, 256)",float32,0.0,1.0,0.48748463769258166,0.187587188439644,,"(128, 128)",float32,0.00022940158669371158,1.515563726425171,0.486771428748189,0.2075906127456568,
002017.npy,"(256, 256)",float32,0.0,1.0,0.4519941941716157,0.18210847996056062,,"(128, 128)",float32,-0.004170279949903488,1.308555245399475,0.45295402706923316,0.19984726490761734,
002018.npy,"(256, 256)",float32,0.0,1.0,0.45526399688924357,0.18701206819691524,,"(128, 128)",float32,-0.013517585583031178,1.415915846824646,0.4553139467230265,0.20308673625162882,
002019.npy,"(256, 256)",float32,0.0,1.0,0.46202793954513055,0.18587499532619603,,"(128, 128)",float32,-0.0014903061091899872,1.2283251285552979,0.46223325318118214,0.20250393437543487,
002020.npy,"(256, 256)",float32,0.0,1.0,0.29971053679762605,0.18075749756433213,,"(128, 128)",float32,0.009262340143322945,1.5995501279830933,0.2991562809120296,0.18989655836206287,
002021.npy,"(256, 256)",float32,0.0,1.0,0.5905983452701449,0.17030030507054386,,"(128, 128)",float32,0.011342529207468033,1.4464110136032104,0.5913903558142692,0.20254472289151595,
002022.npy,"(256, 256)",float32,0.0,1.0,0.6043908143685535,0.15460610249167472,,"(128, 128)",float32,0.0033408591989427805,1.5037847757339478,0.6032879762120871,0.18682880742502692,
002023.npy,"(256, 256)",float32,0.0,1.0,0.5731304759061544,0.16781382595722052,,"(128, 128)",float32,0.003299038391560316,1.4126803874969482,0.5736747133708207,0.19551335216422358,
002024.npy,"(256, 256)",float32,0.0,1.0,0.47332189897158006,0.2807442216841129,,"(128, 128)",float32,-0.06474415957927704,1.3514610528945923,0.47326512232744844,0.289730949028787,
002025.npy,"(256, 256)",float32,0.0,1.0,0.5367616575822204,0.08526193183821151,,"(128, 128)",float32,-0.010150695219635963,1.3733117580413818,0.5381765459081294,0.13348064380734934,
002026.npy,"(256, 256)",float32,0.0,1.0,0.517214320183573,0.09808793628658531,,"(128, 128)",float32,-0.011372433044016361,1.180143117904663,0.5174017250427028,0.138614323732293,
002027.npy,"(256, 256)",float32,0.0,1.0,0.5615569554147726,0.1186975856192235,,"(128, 128)",float32,-0.01129980105906725,1.3534499406814575,0.562260253448251,0.16008976218600293,
002028.npy,"(256, 256)",float32,0.0,1.0,0.3846213773339002,0.18456866702658428,,"(128, 128)",float32,-0.023191751912236214,1.2611894607543945,0.384856485894403,0.19102921238681317,
002029.npy,"(256, 256)",float32,0.0,1.0,0.6899557289648897,0.13448304169566336,,"(128, 128)",float32,0.04657973349094391,1.4858450889587402,0.6900118526959886,0.18627564907360575,
002030.npy,"(256, 256)",float32,0.0,1.0,0.7106141727093984,0.11317100890573498,,"(128, 128)",float32,-0.012643379159271717,1.5490071773529053,0.7101369816165857,0.16084395733709322,
002031.npy,"(256, 256)",float32,0.0,1.0,0.7501035330423633,0.10502516870227911,,"(128, 128)",float32,0.03866798058152199,1.4139546155929565,0.7510498819663098,0.15984695229994403,
002032.npy,"(256, 256)",float32,0.0,1.0,0.3940612652097091,0.20596123964296864,,"(128, 128)",float32,-0.027775127440690994,1.3073670864105225,0.39333185376795576,0.21698996870047363,
002033.npy,"(256, 256)",float32,0.0,1.0,0.21592955472562636,0.12541072366491407,,"(128, 128)",float32,-0.013868698850274086,1.315111756324768,0.21619770718379883,0.1324505052387556,
002034.npy,"(256, 256)",float32,0.0,1.0,0.2135583228971285,0.12436158564469674,,"(128, 128)",float32,-0.015605981461703777,1.2946687936782837,0.21399546992968865,0.13307052798776622,
002035.npy,"(256, 256)",float32,0.0,1.0,0.2209249660592434,0.1282266021152754,,"(128, 128)",float32,-0.018589260056614876,1.2125662565231323,0.22131350330110777,0.1338652789570136,
002036.npy,"(256, 256)",float32,0.0,1.0,0.5279267455595611,0.30222448890744047,,"(128, 128)",float32,0.0029868404380977154,1.6202034950256348,0.5285439395220521,0.3155750283752204,
002037.npy,"(256, 256)",float32,0.0,1.0,0.4812841028215331,0.20072153726504152,,"(128, 128)",float32,0.014027880504727364,1.4010887145996094,0.480553523216372,0.21312496826425656,
002038.npy,"(256, 256)",float32,0.0,1.0,0.5664505935860088,0.24157697479351123,,"(128, 128)",float32,-0.00773471686989069,1.748573899269104,0.5652108213325961,0.267249172716843,
002039.npy,"(256, 256)",float32,0.0,1.0,0.46878265048378154,0.21637661519152482,,"(128, 128)",float32,-0.010189516469836235,1.5761289596557617,0.4687750793094576,0.23448159703778,
002040.npy,"(256, 256)",float32,0.0,1.0,0.6389573025502209,0.2589029293373167,,"(128, 128)",float32,-0.08199682086706161,1.7855560779571533,0.6400742521985663,0.288147034468672,
002041.npy,"(256, 256)",float32,0.0,1.0,0.7505633011755737,0.20780628751895794,,"(128, 128)",float32,-0.03011332079768181,1.6831508874893188,0.7514609633706186,0.24443368815374092,
002042.npy,"(256, 256)",float32,0.0,1.0,0.7694327714537668,0.20211369733692044,,"(128, 128)",float32,-0.019477855414152145,1.5877060890197754,0.7691581698975298,0.228907483401069,
002043.npy,"(256, 256)",float32,0.0,1.0,0.7506824924524729,0.2077133280939203,,"(128, 128)",float32,-0.029133528470993042,1.7212854623794556,0.7506429129974634,0.23922579026158153,
002044.npy,"(256, 256)",float32,0.0,1.0,0.6127680695983644,0.23672018116915855,,"(128, 128)",float32,0.013807140290737152,1.445284128189087,0.6132295282370706,0.25855048017334126,
002045.npy,"(256, 256)",float32,0.0,1.0,0.5373297450342847,0.17107819345996206,,"(128, 128)",float32,0.01295922789722681,1.3443677425384521,0.5368709169664498,0.1853462857161114,
002046.npy,"(256, 256)",float32,0.0,1.0,0.537576024867036,0.1706886668405343,,"(128, 128)",float32,-0.0014102256391197443,1.6347891092300415,0.5376922286748567,0.19034047667458998,
002047.npy,"(256, 256)",float32,0.0,1.0,0.5275974643250407,0.14931308423338704,,"(128, 128)",float32,0.004409905057400465,1.5683341026306152,0.5270354733424369,0.18153744143003586,
002048.npy,"(256, 256)",float32,0.0,1.0,0.15344283648722978,0.16764468677779903,,"(128, 128)",float32,-0.025716664269566536,1.2658909559249878,0.15389118142208358,0.1736067139303347,
002049.npy,"(256, 256)",float32,0.0,1.0,0.15790757755500273,0.08841064884202379,,"(128, 128)",float32,-0.004544742405414581,1.249694585800171,0.15795640622592444,0.09472398198834128,
002050.npy,"(256, 256)",float32,0.0,1.0,0.1608851766840118,0.0847427803396203,,"(128, 128)",float32,0.004514137748628855,1.0021589994430542,0.16121071189840563,0.0890581313951371,
002051.npy,"(256, 256)",float32,0.0,1.0,0.16033468194568812,0.08471490131183593,,"(128, 128)",float32,-0.008496143855154514,0.9946481585502625,0.16091903537582652,0.09159940086367101,
002052.npy,"(256, 256)",float32,0.0,1.0,0.4287908900454953,0.40610555258616104,,"(128, 128)",float32,-0.00665353424847126,1.5864914655685425,0.4284990496126603,0.41389736912404285,
002053.npy,"(256, 256)",float32,0.0,1.0,0.3465117651855725,0.18421554114545247,,"(128, 128)",float32,-0.04131471738219261,1.1543080806732178,0.3466073080087415,0.1951066210196893,
002054.npy,"(256, 256)",float32,0.0,1.0,0.34724475349658945,0.19767482171092265,,"(128, 128)",float32,-0.05226937308907509,1.3489468097686768,0.3463107997989932,0.20658845835604459,
002055.npy,"(256, 256)",float32,0.0,1.0,0.34372677841828086,0.1992793029021312,,"(128, 128)",float32,-0.046755921095609665,1.2802561521530151,0.34403237274833187,0.20822571754433272,
002056.npy,"(256, 256)",float32,0.0,1.0,0.19140624253644012,0.2154253906365067,,"(128, 128)",float32,-0.03982232138514519,1.162840485572815,0.1927743979925815,0.22130109541943743,
002057.npy,"(256, 256)",float32,0.0,1.0,0.2677476652096865,0.22071298570671255,,"(128, 128)",float32,-0.024104995653033257,1.3187309503555298,0.2685837451244961,0.22899733763293081,
002058.npy,"(256, 256)",float32,0.0,1.0,0.2524488948762217,0.2074565113396401,,"(128, 128)",float32,-0.017580915242433548,1.5755460262298584,0.25389881943680404,0.21856054369245703,
002059.npy,"(256, 256)",float32,0.0,1.0,0.2533735081649628,0.20822321209472686,,"(128, 128)",float32,-0.03194291517138481,1.4122488498687744,0.254953507757643,0.21517268435038375,
002060.npy,"(256, 256)",float32,0.0,1.0,0.3992509479901436,0.24085995475689173,,"(128, 128)",float32,-0.01657807268202305,1.594718337059021,0.39858902778482275,0.25578369525799766,
002061.npy,"(256, 256)",float32,0.0,1.0,0.5217735602260944,0.10186376716017602,,"(128, 128)",float32,0.008782160468399525,1.5230979919433594,0.5226780467775711,0.13669145978660707,
002062.npy,"(256, 256)",float32,0.0,1.0,0.5167086866041544,0.10167288749329312,,"(128, 128)",float32,0.009480376727879047,1.4240343570709229,0.5161968817374145,0.14067162442631073,
002063.npy,"(256, 256)",float32,0.0,1.0,0.5219257122148377,0.10197819330509844,,"(128, 128)",float32,0.008629629388451576,1.432832956314087,0.5230160222985205,0.13919925580277234,
002064.npy,"(256, 256)",float32,0.0,1.0,0.413079332188822,0.20466744931094333,,"(128, 128)",float32,0.00849609263241291,1.2704334259033203,0.4135620171203982,0.2166202961535749,
002065.npy,"(256, 256)",float32,0.0,1.0,0.5068153769539094,0.24437556502515004,,"(128, 128)",float32,-0.016875701025128365,1.3875551223754883,0.5071776538896131,0.259299343525627,
002066.npy,"(256, 256)",float32,0.0,1.0,0.5274666630794087,0.2458450586475313,,"(128, 128)",float32,-0.018425701186060905,1.4683761596679688,0.5279268872898228,0.26631820839558507,
002067.npy,"(256, 256)",float32,0.0,1.0,0.49153731873661854,0.24493622984286653,,"(128, 128)",float32,-0.020971570163965225,1.2837603092193604,0.49234129752474587,0.25806497905704123,
002068.npy,"(256, 256)",float32,0.0,1.0,0.40190229202925365,0.20957280290641486,,"(128, 128)",float32,-0.017545176669955254,1.2457261085510254,0.40221199521157613,0.2202990599403072,
002069.npy,"(256, 256)",float32,0.0,1.0,0.12379720541666756,0.11557357492997843,,"(128, 128)",float32,-0.012157028540968895,1.382189393043518,0.12395527082037616,0.12050363602955848,
002070.npy,"(256, 256)",float32,0.0,1.0,0.127047523658457,0.11231502466429867,,"(128, 128)",float32,-0.014241049066185951,1.3375000953674316,0.1270924615306479,0.1171137232351771,
002071.npy,"(256, 256)",float32,0.0,1.0,0.11103141016791693,0.1125195838353084,,"(128, 128)",float32,-0.030536310747265816,1.2888516187667847,0.11124046278198269,0.11707376052956683,
002072.npy,"(256, 256)",float32,0.0,1.0,0.3897807844684842,0.2331572780625564,,"(128, 128)",float32,-0.03812160715460777,1.6458808183670044,0.3898233577352599,0.2471929834324483,
002073.npy,"(256, 256)",float32,0.0,1.0,0.46670949225441627,0.28334019837711094,,"(128, 128)",float32,-0.02708796039223671,1.623352289199829,0.4662800316535858,0.3002519381461549,
002074.npy,"(256, 256)",float32,0.0,1.0,0.4647723047837067,0.28275325972396403,,"(128, 128)",float32,-0.03592544049024582,1.5669044256210327,0.46420390868314243,0.29339504049716153,
002075.npy,"(256, 256)",float32,0.0,1.0,0.4824395353349119,0.2864615185047118,,"(128, 128)",float32,-0.06401249021291733,1.6705090999603271,0.48282659026856223,0.3016326642455098,
002076.npy,"(256, 256)",float32,0.0,1.0,0.7448902160100701,0.22541146512186178,,"(128, 128)",float32,0.013813916593790054,1.960184931755066,0.7446565649337344,0.26041103572364394,
002077.npy,"(256, 256)",float32,0.0,1.0,0.2770707289859955,0.19608045815177538,,"(128, 128)",float32,-0.02575813978910446,1.1522752046585083,0.2767527331685445,0.20147219683882658,
002078.npy,"(256, 256)",float32,0.0,1.0,0.2734469258138581,0.1979367467700452,,"(128, 128)",float32,-0.018118442967534065,1.2230069637298584,0.27280915377361736,0.2027818386232242,
002079.npy,"(256, 256)",float32,0.0,1.0,0.27490430873265276,0.196905401256142,,"(128, 128)",float32,-0.02964816428720951,1.4080007076263428,0.2740661979515945,0.20713750558434096,
002080.npy,"(256, 256)",float32,0.0,1.0,0.34468214746901715,0.23947908350776323,,"(128, 128)",float32,-0.013412903994321823,1.419103980064392,0.34545329050672535,0.24890341036432256,
002081.npy,"(256, 256)",float32,0.0,1.0,0.7010595060274625,0.17448173729902472,,"(128, 128)",float32,0.006646797992289066,1.5273950099945068,0.7014343659985229,0.21199151204795624,
002082.npy,"(256, 256)",float32,0.0,1.0,0.6969405374980511,0.1718970564892587,,"(128, 128)",float32,0.029652703553438187,1.7769218683242798,0.6970617605666121,0.21685481513962931,
002083.npy,"(256, 256)",float32,0.0,1.0,0.7029847404910043,0.1785102218709263,,"(128, 128)",float32,0.006578927394002676,1.4706822633743286,0.7016800589705383,0.20725983387177632,
002084.npy,"(256, 256)",float32,0.0,1.0,0.5340083107039315,0.16332084185290452,,"(128, 128)",float32,-0.011289753019809723,1.3756966590881348,0.5333960613888138,0.18666516436206632,
002085.npy,"(256, 256)",float32,0.0,1.0,0.5063061305087153,0.08789967131996672,,"(128, 128)",float32,0.006186265964061022,1.1869105100631714,0.5057421502875457,0.12674865169192567,
002086.npy,"(256, 256)",float32,0.0,1.0,0.49744138198797927,0.09530274592091102,,"(128, 128)",float32,0.0008743460057303309,1.1664589643478394,0.49708330486094354,0.12345617696893141,
002087.npy,"(256, 256)",float32,0.0,1.0,0.4986551734673945,0.09557156357226534,,"(128, 128)",float32,0.0007424148498103023,1.2748697996139526,0.49819493442142715,0.12255519092166124,
002088.npy,"(256, 256)",float32,0.0,1.0,0.3674578848196397,0.2079544382773578,,"(128, 128)",float32,-0.009809763170778751,1.1934199333190918,0.36736591599753865,0.21512974505486115,
002089.npy,"(256, 256)",float32,0.0,1.0,0.35704528224052723,0.2235474689603938,,"(128, 128)",float32,-0.010305806063115597,1.302781581878662,0.3573987926142408,0.23323252559718388,
002090.npy,"(256, 256)",float32,0.0,1.0,0.4226937317026227,0.2948999794930159,,"(128, 128)",float32,0.013792487792670727,1.5603708028793335,0.42137251778507334,0.3086118302200397,
002091.npy,"(256, 256)",float32,0.0,1.0,0.2511599179554409,0.21817873631033766,,"(128, 128)",float32,0.002820911817252636,1.248490333557129,0.25122119645391194,0.22438544289643825,
002092.npy,"(256, 256)",float32,0.0,1.0,0.4484517625566067,0.21989902090316812,,"(128, 128)",float32,-0.019989311695098877,1.3811140060424805,0.44778360068851164,0.23802764593079545,
002093.npy,"(256, 256)",float32,0.0,1.0,0.5892973585184379,0.26468002448905437,,"(128, 128)",float32,-0.011485413648188114,1.7371785640716553,0.5904734234731563,0.2827674134948367,
002094.npy,"(256, 256)",float32,0.0,1.0,0.5565679006476856,0.2341742106102015,,"(128, 128)",float32,0.008341729640960693,1.48773992061615,0.556144687545725,0.25160091045993555,
002095.npy,"(256, 256)",float32,0.0,1.0,0.5879337936015583,0.26533070130884245,,"(128, 128)",float32,0.002014302648603916,1.60893714427948,0.5865340059496873,0.2860359203835717,
002096.npy,"(256, 256)",float32,0.0,1.0,0.3013398746277218,0.11862689592747618,,"(128, 128)",float32,0.0027552039828151464,0.9793373942375183,0.3005919445466674,0.12605308315531594,
002097.npy,"(256, 256)",float32,0.0,1.0,0.5912124160858987,0.20110291543894648,,"(128, 128)",float32,0.00332683976739645,1.5769357681274414,0.5919454256940639,0.2254339903284929,
002098.npy,"(256, 256)",float32,0.0,1.0,0.682108374153561,0.20176199708325612,,"(128, 128)",float32,0.011823303066194057,1.5073577165603638,0.6826140385288113,0.22559779815193803,
002099.npy,"(256, 256)",float32,0.0,1.0,0.6147831675165012,0.19802443676417256,,"(128, 128)",float32,0.017613111063838005,1.5710008144378662,0.6148910616470857,0.23036645998652436,
002100.npy,"(256, 256)",float32,0.0,1.0,0.48323056364468187,0.168002740889175,,"(128, 128)",float32,0.033347196877002716,1.3279305696487427,0.4831247704271391,0.18412638867917758,
002101.npy,"(256, 256)",float32,0.0,1.0,0.5109172698928646,0.27747732046209406,,"(128, 128)",float32,-0.008358326740562916,1.6309350728988647,0.5110282977940486,0.297097912698042,
002102.npy,"(256, 256)",float32,0.0,1.0,0.48668180726360966,0.27992547691424424,,"(128, 128)",float32,0.0015335105126723647,1.457159399986267,0.4856780439418955,0.296074326867957,
002103.npy,"(256, 256)",float32,0.0,1.0,0.5593172059197293,0.23488251201997143,,"(128, 128)",float32,0.0030220604967325926,1.4376353025436401,0.5582345166580325,0.25818196874274624,
002104.npy,"(256, 256)",float32,0.0,1.0,0.6409668284536743,0.2253351758937131,,"(128, 128)",float32,0.005921463016420603,1.6896679401397705,0.6423233963294308,0.24945225644218,
002105.npy,"(256, 256)",float32,0.0,1.0,0.8423149586723753,0.08919508286795413,,"(128, 128)",float32,0.0007793470867909491,1.6894230842590332,0.8428169232258291,0.17108287112220794,
002106.npy,"(256, 256)",float32,0.0,1.0,0.7700497782772402,0.12088551873904729,,"(128, 128)",float32,0.03168097510933876,1.5158708095550537,0.7678520139618286,0.17241046722521114,
002107.npy,"(256, 256)",float32,0.0,1.0,0.7737128183094626,0.12042733133990072,,"(128, 128)",float32,0.030889270827174187,1.6084877252578735,0.7740166670142798,0.19274528248604578,
002108.npy,"(256, 256)",float32,0.0,1.0,0.47810473444920376,0.19351782989685806,,"(128, 128)",float32,-0.008523947559297085,1.614264726638794,0.47833355547851397,0.21594577668567633,
002109.npy,"(256, 256)",float32,0.0,1.0,0.24745488517677927,0.19163931666979286,,"(128, 128)",float32,0.0009684685501269996,1.504775047302246,0.24682345617328494,0.19737430856896687,
002110.npy,"(256, 256)",float32,0.0,1.0,0.253710704780445,0.19223916741577549,,"(128, 128)",float32,-0.008847351185977459,1.3320311307907104,0.25359747667245003,0.2005162395641779,
002111.npy,"(256, 256)",float32,0.0,1.0,0.2465553665198854,0.19131948644194802,,"(128, 128)",float32,-0.00021339120576158166,1.2832040786743164,0.24674035441963937,0.19712891961544082,
002112.npy,"(256, 256)",float32,0.0,1.0,0.28593272785711576,0.24942836938836094,,"(128, 128)",float32,-0.004152918234467506,1.5500340461730957,0.2867419835029503,0.26117576721096186,
002113.npy,"(256, 256)",float32,0.0,1.0,0.47277533544848893,0.2369627600071138,,"(128, 128)",float32,-0.005202742293477058,1.5822244882583618,0.47287421888357173,0.2576896927691927,
002114.npy,"(256, 256)",float32,0.0,1.0,0.46634507129799374,0.23971060328044091,,"(128, 128)",float32,0.0034796332474797964,1.5807162523269653,0.4657260940899022,0.2533074939825777,
002115.npy,"(256, 256)",float32,0.0,1.0,0.4718854920219009,0.24330565306323645,,"(128, 128)",float32,-0.016548581421375275,1.4793574810028076,0.4714682072027827,0.25944337460715095,
002116.npy,"(256, 256)",float32,0.0,1.0,0.5125521204554353,0.18615480584362684,,"(128, 128)",float32,0.015423396602272987,1.2580476999282837,0.5125119460661267,0.2019722855601305,
002117.npy,"(256, 256)",float32,0.0,1.0,0.5220278998745094,0.25818832727613933,,"(128, 128)",float32,-0.058042898774147034,1.3952363729476929,0.5216813738192911,0.2706539375484103,
002118.npy,"(256, 256)",float32,0.0,1.0,0.52138046013904,0.2583944739920912,,"(128, 128)",float32,-0.07447224110364914,1.6124904155731201,0.5214960950931724,0.27940351214555537,
002119.npy,"(256, 256)",float32,0.0,1.0,0.5248552377526047,0.2563939053222662,,"(128, 128)",float32,-0.08901827782392502,1.5257458686828613,0.5251852091697486,0.2726835172660875,
002120.npy,"(256, 256)",float32,0.0,1.0,0.28040841632895924,0.24919775639801336,,"(128, 128)",float32,-0.01263315137475729,1.3035730123519897,0.2811414868922757,0.25621802279454725,
002121.npy,"(256, 256)",float32,0.0,1.0,0.38505396740815634,0.189964562286965,,"(128, 128)",float32,-0.00930777471512556,1.3733242750167847,0.3868610772988319,0.20966887195669437,
002122.npy,"(256, 256)",float32,0.0,1.0,0.38420745114466115,0.18941022282338604,,"(128, 128)",float32,0.006102260667830706,1.3046140670776367,0.3842657104346472,0.20191104471403626,
002123.npy,"(256, 256)",float32,0.0,1.0,0.4014916558651498,0.20903977136266125,,"(128, 128)",float32,-0.0023836218751966953,1.2960084676742554,0.4007192665896966,0.21850467456762696,
002124.npy,"(256, 256)",float32,0.0,1.0,0.5728823031879742,0.2175613050547846,,"(128, 128)",float32,-0.02226865291595459,1.8405424356460571,0.5733081381562783,0.23900387494729178,
002125.npy,"(256, 256)",float32,0.0,1.0,0.36889598744788543,0.20685075885644397,,"(128, 128)",float32,-0.00464168144389987,1.4879642724990845,0.3707396117371815,0.21920874690281153,
002126.npy,"(256, 256)",float32,0.0,1.0,0.3911161435593211,0.21688502999954162,,"(128, 128)",float32,-0.010086001828312874,1.616884708404541,0.39253674961380014,0.22761312739077114,
002127.npy,"(256, 256)",float32,0.0,1.0,0.41644073595101094,0.22881828537264284,,"(128, 128)",float32,-0.009551487863063812,1.4555530548095703,0.41646555861795065,0.2391110209729919,
002128.npy,"(256, 256)",float32,0.0,1.0,0.4737501683015992,0.2554187825229163,,"(128, 128)",float32,-0.011365954764187336,1.4701167345046997,0.4735195755182531,0.26669343252185956,
002129.npy,"(256, 256)",float32,0.0,1.0,0.8106002093477684,0.06644592607291042,,"(128, 128)",float32,-0.022394493222236633,1.5216482877731323,0.8105602387523732,0.15311563518466476,
002130.npy,"(256, 256)",float32,0.0,1.0,0.8188379091549933,0.06958112931927182,,"(128, 128)",float32,0.0021382428240031004,1.5120474100112915,0.8180124155940547,0.14674957865755262,
002131.npy,"(256, 256)",float32,0.0,1.0,0.8128031989362512,0.06671069800474538,,"(128, 128)",float32,0.0852290689945221,1.701251745223999,0.8129660375320782,0.16217093643047273,
002132.npy,"(256, 256)",float32,0.0,1.0,0.363542212963079,0.24198890113217256,,"(128, 128)",float32,-0.00768302520737052,1.570807933807373,0.36395758087965113,0.25047599067305326,
002133.npy,"(256, 256)",float32,0.0,1.0,0.4198121061640947,0.1607194651663437,,"(128, 128)",float32,0.001850422821007669,1.3925479650497437,0.42031143938071835,0.18110973363410357,
002134.npy,"(256, 256)",float32,0.0,1.0,0.41719348715614757,0.1667738529221984,,"(128, 128)",float32,0.009189080446958542,1.2025309801101685,0.4169550016916901,0.1766070244029307,
002135.npy,"(256, 256)",float32,0.0,1.0,0.4129280208466426,0.16256354033143539,,"(128, 128)",float32,-0.006360113155096769,1.2255877256393433,0.4131551353694789,0.1721061144099313,
002136.npy,"(256, 256)",float32,0.0,1.0,0.5201342922326522,0.2518880676003128,,"(128, 128)",float32,-0.09778311848640442,1.4324296712875366,0.520022787909955,0.2672574422745572,
002137.npy,"(256, 256)",float32,0.0,1.0,0.4783731900282432,0.2686504567194729,,"(128, 128)",float32,-0.041855379939079285,1.8142179250717163,0.478029484226404,0.28340889892963606,
002138.npy,"(256, 256)",float32,0.0,1.0,0.47844026329040235,0.2679037207291578,,"(128, 128)",float32,-0.0157352052628994,1.4882087707519531,0.4795011744612004,0.28504284012516423,
002139.npy,"(256, 256)",float32,0.0,1.0,0.47715353949197303,0.26576202595598597,,"(128, 128)",float32,-0.022932277992367744,1.5373767614364624,0.47829413227406103,0.27984062047368113,
002140.npy,"(256, 256)",float32,0.0,1.0,0.2757312532808385,0.18031591005364567,,"(128, 128)",float32,-0.005504563916474581,1.2884941101074219,0.2757964408065092,0.18859671157000898,
002141.npy,"(256, 256)",float32,0.0,1.0,0.8588134858799776,0.07031514825097776,,"(128, 128)",float32,-0.003538309596478939,1.5300666093826294,0.8579917441102793,0.1417485022194797,
002142.npy,"(256, 256)",float32,0.0,1.0,0.7924308778445237,0.055558425748825274,,"(128, 128)",float32,0.002107742242515087,1.353005051612854,0.7928331635595782,0.12636581022576662,
002143.npy,"(256, 256)",float32,0.0,1.0,0.491924455134658,0.1894206191832861,,"(128, 128)",float32,0.006386794149875641,1.3587334156036377,0.49424817104693375,0.2141003081976048,
002144.npy,"(256, 256)",float32,0.0,1.0,0.6636645196875222,0.23353785545297637,,"(128, 128)",float32,-0.029764221981167793,1.6301233768463135,0.6630378730030486,0.26020933063268425,
002145.npy,"(256, 256)",float32,0.0,1.0,0.5206496405192915,0.1200301609525219,,"(128, 128)",float32,0.002178327878937125,1.2301675081253052,0.5208075702386594,0.15781726714690014,
002146.npy,"(256, 256)",float32,0.0,1.0,0.4911023617087551,0.11386902341884889,,"(128, 128)",float32,-0.00976482592523098,1.1421207189559937,0.49156517254337473,0.1374974392539693,
002147.npy,"(256, 256)",float32,0.0,1.0,0.5198242255471541,0.11900498932008742,,"(128, 128)",float32,0.00592563021928072,1.1731501817703247,0.5195863970839696,0.1514904471617517,
002148.npy,"(256, 256)",float32,0.0,1.0,0.35611881038148085,0.26733273645483413,,"(128, 128)",float32,-0.013175198808312416,1.4877179861068726,0.3558508172045524,0.2763591474558823,
002149.npy,"(256, 256)",float32,0.0,1.0,0.26727100156517025,0.35003709961638224,,"(128, 128)",float32,0.0011013936018571258,1.467281699180603,0.26787981268713423,0.3558364684940759,
002150.npy,"(256, 256)",float32,0.0,1.0,0.22043080123821923,0.3113545119521095,,"(128, 128)",float32,-0.002915138378739357,1.4670239686965942,0.22149861182559505,0.3176417057876292,
002151.npy,"(256, 256)",float32,0.0,1.0,0.26800193358953983,0.3400468413770177,,"(128, 128)",float32,-0.001479949220083654,1.4367144107818604,0.2678977348415046,0.34577769649681045,
002152.npy,"(256, 256)",float32,0.0,1.0,0.2955561712450772,0.26813879979479716,,"(128, 128)",float32,-0.03484305366873741,1.3617151975631714,0.2959921545917399,0.2743626131000969,
002153.npy,"(256, 256)",float32,0.0,1.0,0.49376006369760894,0.21614910628690748,,"(128, 128)",float32,-0.019933704286813736,1.603373408317566,0.4931860696575825,0.22857367211762475,
002154.npy,"(256, 256)",float32,0.0,1.0,0.5214127898196566,0.21134205816771545,,"(128, 128)",float32,0.004117573145776987,1.5797860622406006,0.5211698649848415,0.22691033756746048,
002155.npy,"(256, 256)",float32,0.0,1.0,0.4861205157508266,0.18564358060050776,,"(128, 128)",float32,0.028219100087881088,1.3224684000015259,0.4852896726115432,0.1986790347785059,
002156.npy,"(256, 256)",float32,0.0,1.0,0.45187526166838055,0.22133815593964637,,"(128, 128)",float32,-0.001212048577144742,1.5715759992599487,0.4516018765680485,0.24191604596142444,
002157.npy,"(256, 256)",float32,0.0,1.0,0.42752597994447683,0.23752918276532262,,"(128, 128)",float32,0.0027830959297716618,1.2047276496887207,0.42813002399705624,0.24777921050217114,
002158.npy,"(256, 256)",float32,0.0,1.0,0.5701570635890398,0.2384881616462402,,"(128, 128)",float32,-0.009371912106871605,1.3195301294326782,0.5692382227736879,0.2560903614181074,
002159.npy,"(256, 256)",float32,0.0,1.0,0.4733642276844279,0.22075821057818976,,"(128, 128)",float32,-0.005412822589278221,1.142796277999878,0.4729554103517106,0.23540724573815322,
002160.npy,"(256, 256)",float32,0.0,1.0,0.44701748603413627,0.1390964958633075,,"(128, 128)",float32,-0.010100937448441982,1.2643007040023804,0.4465417511469596,0.15923034009577602,
002161.npy,"(256, 256)",float32,0.0,1.0,0.47124242987038345,0.1718241608993824,,"(128, 128)",float32,-0.02925022691488266,1.4462649822235107,0.4706135325709937,0.19541752737937218,
002162.npy,"(256, 256)",float32,0.0,1.0,0.4960362593812606,0.18685442038474476,,"(128, 128)",float32,-0.0012004338204860687,1.4042696952819824,0.4963387163047237,0.2020089575410013,
002163.npy,"(256, 256)",float32,0.0,1.0,0.5206205337574321,0.20121133976690095,,"(128, 128)",float32,0.003596015740185976,1.5179567337036133,0.5214402411045853,0.22726058445630568,
002164.npy,"(256, 256)",float32,0.0,1.0,0.5245334016961245,0.2644943426481219,,"(128, 128)",float32,-0.0271607618778944,1.5627373456954956,0.5243368108709774,0.283633061877397,
002165.npy,"(256, 256)",float32,0.0,1.0,0.62438644898638,0.14806674431114625,,"(128, 128)",float32,0.0020827888511121273,1.550346851348877,0.6240567937538515,0.18553223898536367,
002166.npy,"(256, 256)",float32,0.0,1.0,0.6569122998790924,0.13911631966309357,,"(128, 128)",float32,0.00902971439063549,1.4030817747116089,0.6574982356069086,0.17010687611797476,
002167.npy,"(256, 256)",float32,0.0,1.0,0.6238143212747431,0.14801133658143492,,"(128, 128)",float32,0.007539188954979181,1.749240756034851,0.6242678301556737,0.18237628702091277,
002168.npy,"(256, 256)",float32,0.0,1.0,0.7029599694552218,0.2025664279700526,,"(128, 128)",float32,-0.0020526766311377287,1.4315412044525146,0.7030099838149368,0.22801981561759047,
002169.npy,"(256, 256)",float32,0.0,1.0,0.5985020358196458,0.35430455711693676,,"(128, 128)",float32,-0.00024069074424915016,1.7468883991241455,0.5980755553488599,0.37684794588332216,
002170.npy,"(256, 256)",float32,0.0,1.0,0.4423602025629716,0.3528709039498841,,"(128, 128)",float32,-0.01419551856815815,1.6764507293701172,0.4432582175594417,0.3628934233587525,
002171.npy,"(256, 256)",float32,0.0,1.0,0.5108695973243371,0.37009447654994526,,"(128, 128)",float32,-0.0034126813989132643,1.6543400287628174,0.5110249381348435,0.3817190119750747,
002172.npy,"(256, 256)",float32,0.0,1.0,0.41384035148894327,0.2619240248346569,,"(128, 128)",float32,0.023121772333979607,1.4122841358184814,0.4154695405226221,0.2709802182986509,
002173.npy,"(256, 256)",float32,0.0,1.0,0.38076462090648766,0.304465723906353,,"(128, 128)",float32,-0.030997293069958687,1.4300364255905151,0.38038523938768876,0.31165441562072727,
002174.npy,"(256, 256)",float32,0.0,1.0,0.371667327182565,0.3075813871859206,,"(128, 128)",float32,-0.03757992014288902,1.7247356176376343,0.3714203620831462,0.3191142739759289,
002175.npy,"(256, 256)",float32,0.0,1.0,0.37458264858239054,0.3065116024147001,,"(128, 128)",float32,-0.02503782883286476,1.5339308977127075,0.37377041701091507,0.3166307893433501,
002176.npy,"(256, 256)",float32,0.0,1.0,0.2675000762079591,0.22186222852314982,,"(128, 128)",float32,-0.002399744000285864,1.1924399137496948,0.2674082948623493,0.22829785648634268,
002177.npy,"(256, 256)",float32,0.0,1.0,0.32314689749361847,0.09106602432718083,,"(128, 128)",float32,0.007031918969005346,0.9791345596313477,0.3233122295197859,0.10577597013673876,
002178.npy,"(256, 256)",float32,0.0,1.0,0.3209034083943436,0.09233376547284274,,"(128, 128)",float32,-0.002638602163642645,0.988503098487854,0.3200771153956623,0.10514879475575163,
002179.npy,"(256, 256)",float32,0.0,1.0,0.3269801018294842,0.09120456808161252,,"(128, 128)",float32,0.019690971821546555,0.9801761507987976,0.32641151807069946,0.10460158581001681,
002180.npy,"(256, 256)",float32,0.0,1.0,0.5106771968559904,0.21762400993395267,,"(128, 128)",float32,0.004959189798682928,1.615341067314148,0.5099182859973155,0.23959739069119357,
002181.npy,"(256, 256)",float32,0.0,1.0,0.6249062518665198,0.20860482757908375,,"(128, 128)",float32,-0.00024676701286807656,1.4979469776153564,0.6252301468062136,0.22970572974409992,
002182.npy,"(256, 256)",float32,0.0,1.0,0.6254839541026342,0.20193901943222367,,"(128, 128)",float32,0.013192526064813137,1.4819378852844238,0.6266403080898613,0.22552355730484522,
002183.npy,"(256, 256)",float32,0.0,1.0,0.6565403312598264,0.2235898665589968,,"(128, 128)",float32,0.010541954077780247,1.5289784669876099,0.6581302384286687,0.24593600139183044,
002184.npy,"(256, 256)",float32,0.0,1.0,0.35255887292250776,0.2616986726913214,,"(128, 128)",float32,-0.025715410709381104,1.332112431526184,0.3521711076431586,0.26970703724253675,
002185.npy,"(256, 256)",float32,0.0,1.0,0.5474825005439179,0.3683370398359879,,"(128, 128)",float32,-0.0038859406486153603,1.6446764469146729,0.5475867102786296,0.3833835161373324,
002186.npy,"(256, 256)",float32,0.0,1.0,0.5949122718143824,0.34587501864172177,,"(128, 128)",float32,-0.005136574152857065,1.740610122680664,0.59311827728623,0.3651974654951151,
002187.npy,"(256, 256)",float32,0.0,1.0,0.5409218629378252,0.3696991042247451,,"(128, 128)",float32,0.0011981880525127053,1.8082205057144165,0.5418040729343829,0.38708185848540033,
002188.npy,"(256, 256)",float32,0.0,1.0,0.48348681184177167,0.2696004926771445,,"(128, 128)",float32,0.0028432945255190134,1.7225749492645264,0.4819947330235692,0.287993133315571,
002189.npy,"(256, 256)",float32,0.0,1.0,0.6424997813183371,0.2577432090733708,,"(128, 128)",float32,-0.07422544062137604,1.8490524291992188,0.6409230699329882,0.283424015906887,
002190.npy,"(256, 256)",float32,0.0,1.0,0.6826769288643568,0.2436369925909168,,"(128, 128)",float32,0.005313767120242119,1.7927782535552979,0.6813134920706432,0.27902917668565086,
002191.npy,"(256, 256)",float32,0.0,1.0,0.6868226426189192,0.24070108754403613,,"(128, 128)",float32,-0.0018480455037206411,1.5363781452178955,0.6873990053766477,0.26123528228492415,
002192.npy,"(256, 256)",float32,0.0,1.0,0.4306398206822166,0.18802255580771274,,"(128, 128)",float32,0.015158108435571194,1.346854329109192,0.43034736193970957,0.20362544298831822,
002193.npy,"(256, 256)",float32,0.0,1.0,0.34676237928626996,0.1829127064330952,,"(128, 128)",float32,0.013405907899141312,1.3868805170059204,0.34607485400249516,0.19312431982858308,
002194.npy,"(256, 256)",float32,0.0,1.0,0.31050923255356366,0.17108665678283047,,"(128, 128)",float32,0.007418544963002205,1.3757126331329346,0.3105567319210536,0.17858465559964384,
002195.npy,"(256, 256)",float32,0.0,1.0,0.34796379276356504,0.18437573939711283,,"(128, 128)",float32,0.006468009669333696,1.3446868658065796,0.34792486733016403,0.1944421060119031,
002196.npy,"(256, 256)",float32,0.0,1.0,0.5147218599042667,0.25946105840118094,,"(128, 128)",float32,-0.00899739284068346,1.7878955602645874,0.5158077000057126,0.2798910986798196,
002197.npy,"(256, 256)",float32,0.0,1.0,0.1140477624352233,0.09574187910864859,,"(128, 128)",float32,-0.004172695335000753,1.4289345741271973,0.1146818207889031,0.10175212036012962,
002198.npy,"(256, 256)",float32,0.0,1.0,0.16167584407040123,0.10949067031134727,,"(128, 128)",float32,-0.00967038981616497,1.1767096519470215,0.16208743539516335,0.1165019206395074,
002199.npy,"(256, 256)",float32,0.0,1.0,0.11418388381119199,0.09581801434961507,,"(128, 128)",float32,-0.013783029280602932,1.405134916305542,0.11459950062623192,0.09947254068420854,
002200.npy,"(256, 256)",float32,0.0,1.0,0.5773190887802926,0.18475209962862932,,"(128, 128)",float32,0.005216656718403101,1.5061964988708496,0.577583471944564,0.21564816154068142,
002201.npy,"(256, 256)",float32,0.0,1.0,0.44377966144107894,0.1281600229858938,,"(128, 128)",float32,0.030688190832734108,1.3711355924606323,0.4437921015938855,0.14353570831265003,
002202.npy,"(256, 256)",float32,0.0,1.0,0.4451351272065551,0.1283655348373723,,"(128, 128)",float32,0.032815735787153244,1.190942645072937,0.4452952405006272,0.14460105685266283,
002203.npy,"(256, 256)",float32,0.0,1.0,0.4421221405388085,0.12811923202743097,,"(128, 128)",float32,0.02354666404426098,1.1554772853851318,0.441872288665877,0.1438028821356917,
002204.npy,"(256, 256)",float32,0.0,1.0,0.6166615204149024,0.3195314775183263,,"(128, 128)",float32,-0.047333188354969025,1.41542649269104,0.6165811012654778,0.33242978025242886,
002205.npy,"(256, 256)",float32,0.0,1.0,0.7749346510687758,0.2562392863323891,,"(128, 128)",float32,0.01194056961685419,1.689794659614563,0.7744298819148412,0.2870818129584149,
002206.npy,"(256, 256)",float32,0.0,1.0,0.763230438997681,0.26217080841141327,,"(128, 128)",float32,0.01702297106385231,1.6645309925079346,0.7628118507416275,0.29795745343788,
002207.npy,"(256, 256)",float32,0.0,1.0,0.7644710658231872,0.25637354530615536,,"(128, 128)",float32,0.02719060517847538,1.5945504903793335,0.7639655017193263,0.2868589291354587,
002208.npy,"(256, 256)",float32,0.0,1.0,0.6631887368243383,0.1319460107804826,,"(128, 128)",float32,0.08662160485982895,1.5872265100479126,0.6627353578364819,0.17060254235061428,
002209.npy,"(256, 256)",float32,0.0,1.0,0.3649665190787239,0.14971139441596154,,"(128, 128)",float32,0.002826910698786378,1.1780678033828735,0.36395694901939635,0.16572393554250225,
002210.npy,"(256, 256)",float32,0.0,1.0,0.35404651985324254,0.15202337938914876,,"(128, 128)",float32,-0.004086004104465246,1.0913532972335815,0.3536380291896819,0.16318391080410186,
002211.npy,"(256, 256)",float32,0.0,1.0,0.35914839027068624,0.15082409067187927,,"(128, 128)",float32,0.01718483306467533,1.1974279880523682,0.3584932028982166,0.1664811367527961,
002212.npy,"(256, 256)",float32,0.0,1.0,0.44114862268839516,0.09705197580312082,,"(128, 128)",float32,0.02230079099535942,1.0408555269241333,0.4407904238998981,0.11766764721013181,
002213.npy,"(256, 256)",float32,0.0,1.0,0.10914385147214034,0.04531564644672256,,"(128, 128)",float32,-0.018673481419682503,0.950018048286438,0.1092320358450678,0.04900169039886633,
002214.npy,"(256, 256)",float32,0.0,1.0,0.12601220205528652,0.054585811902780404,,"(128, 128)",float32,-0.0025717010721564293,0.7760730385780334,0.12592432998408754,0.05776957445161424,
002215.npy,"(256, 256)",float32,0.0,1.0,0.11911354430025511,0.05081555197680335,,"(128, 128)",float32,-0.007832004688680172,0.8528346419334412,0.11906749219312474,0.053605114333794744,
002216.npy,"(256, 256)",float32,0.0,1.0,0.0715589701072852,0.0891606293216361,,"(128, 128)",float32,-0.012153209187090397,1.0979206562042236,0.07142681479623292,0.09098025942234357,
002217.npy,"(256, 256)",float32,0.0,1.0,0.041362328060643404,0.05928774082568472,,"(128, 128)",float32,-0.017352087423205376,1.042384147644043,0.04175780119658659,0.061221560221117986,
002218.npy,"(256, 256)",float32,0.0,1.0,0.05219741178277072,0.06925383715480109,,"(128, 128)",float32,-0.02490082196891308,0.7831304669380188,0.05238069163284954,0.0710028669875296,
002219.npy,"(256, 256)",float32,0.0,1.0,0.04403351095733707,0.06719351086009254,,"(128, 128)",float32,-0.027873661369085312,1.0062127113342285,0.04418623409549169,0.06872485533056602,
002220.npy,"(256, 256)",float32,0.0,1.0,0.6071920134936661,0.2526083624097663,,"(128, 128)",float32,-0.0018907480407506227,1.585179090499878,0.6056640313836823,0.27739341538915835,
002221.npy,"(256, 256)",float32,0.0,1.0,0.3893225868974497,0.2749480649390108,,"(128, 128)",float32,-0.017824683338403702,1.5192089080810547,0.38959945523860895,0.2848145715066222,
002222.npy,"(256, 256)",float32,0.0,1.0,0.4443603913210339,0.2699176632842293,,"(128, 128)",float32,-0.00789743009954691,1.4316469430923462,0.4431970043306691,0.28001353910748406,
002223.npy,"(256, 256)",float32,0.0,1.0,0.420544899354411,0.2806035079728212,,"(128, 128)",float32,0.003942796494811773,1.4754488468170166,0.4197606983872788,0.28911550684304094,
002224.npy,"(256, 256)",float32,0.0,1.0,0.015612811547855543,0.01452361827957442,,"(128, 128)",float32,-0.021754560992121696,0.8897745609283447,0.0157044156574304,0.01641434630964027,
002225.npy,"(256, 256)",float32,0.0,1.0,0.02470148017292928,0.019123456981459997,,"(128, 128)",float32,-0.016944121569395065,0.8798696398735046,0.024624886551666905,0.02103125860541422,
002226.npy,"(256, 256)",float32,0.0,1.0,0.025234255642389652,0.0190996157698713,,"(128, 128)",float32,-0.0116957388818264,1.025431752204895,0.025176128960241684,0.021142682836754304,
002227.npy,"(256, 256)",float32,0.0,1.0,0.025045144592861668,0.01905584078007028,,"(128, 128)",float32,-0.015665482729673386,0.9705433249473572,0.025040812890175346,0.02006534917676051,
002228.npy,"(256, 256)",float32,0.0,1.0,0.32003221062203036,0.17787350769886834,,"(128, 128)",float32,-0.028010375797748566,1.2932223081588745,0.32125816199260004,0.18630132193453472,
002229.npy,"(256, 256)",float32,0.0,1.0,0.7745822168266621,0.20163380896830585,,"(128, 128)",float32,-0.005324288737028837,1.6234947443008423,0.7716824626865275,0.2366466984008918,
002230.npy,"(256, 256)",float32,0.0,1.0,0.7896647769041678,0.19131499242027897,,"(128, 128)",float32,0.013039428740739822,1.591823697090149,0.7893308774247885,0.2346818198842556,
002231.npy,"(256, 256)",float32,0.0,1.0,0.7688406267969938,0.20576592479702152,,"(128, 128)",float32,-0.00016401312313973904,1.5084621906280518,0.7676103095659101,0.2383139535962357,
002232.npy,"(256, 256)",float32,0.0,1.0,0.7220521845029566,0.1649303653061504,,"(128, 128)",float32,0.008614561520516872,1.5994232892990112,0.7226439667240925,0.21310031636658103,
002233.npy,"(256, 256)",float32,0.0,1.0,0.8456665960646461,0.10561511402400378,,"(128, 128)",float32,0.026555312797427177,1.4246671199798584,0.8452162965708112,0.1568651432371609,
002234.npy,"(256, 256)",float32,0.0,1.0,0.8412865501298654,0.10710729562341789,,"(128, 128)",float32,0.012340406887233257,1.5969922542572021,0.840492664316173,0.1626937408634766,
002235.npy,"(256, 256)",float32,0.0,1.0,0.8396522908511628,0.10750906950724892,,"(128, 128)",float32,0.019710514694452286,1.7171690464019775,0.839044059588332,0.17564776242895458,
002236.npy,"(256, 256)",float32,0.0,1.0,0.30635406437796353,0.26875899808552434,,"(128, 128)",float32,-0.05180393531918526,1.3882603645324707,0.30651124393338386,0.2755712774887744,
002237.npy,"(256, 256)",float32,0.0,1.0,0.35823440816204244,0.28837753264118915,,"(128, 128)",float32,-0.053011663258075714,1.4992691278457642,0.358218444957847,0.2956036688590194,
002238.npy,"(256, 256)",float32,0.0,1.0,0.3451461579259928,0.2724113765925486,,"(128, 128)",float32,-0.07860187441110611,1.4334280490875244,0.3441280544436127,0.28290084086847134,
002239.npy,"(256, 256)",float32,0.0,1.0,0.2973256378759663,0.24441070320696934,,"(128, 128)",float32,-0.06983970105648041,1.3534196615219116,0.2976132978801531,0.2540497253039917,
002240.npy,"(256, 256)",float32,0.0,1.0,0.30067945147576436,0.1055719750564979,,"(128, 128)",float32,0.0037407823838293552,1.2895244359970093,0.3001161924267137,0.11423076465555274,
002241.npy,"(256, 256)",float32,0.0,1.0,0.5012783743540439,0.17330896719429456,,"(128, 128)",float32,0.026675477623939514,1.2747482061386108,0.5013164546354574,0.18927522514054745,
002242.npy,"(256, 256)",float32,0.0,1.0,0.4965784962722921,0.17050325881340941,,"(128, 128)",float32,0.02926519326865673,1.4081295728683472,0.49621569138196264,0.18943764672794178,
002243.npy,"(256, 256)",float32,0.0,1.0,0.4914859632222388,0.17591548647915506,,"(128, 128)",float32,-0.00330299511551857,1.3445823192596436,0.4910145746674033,0.1947647076511177,
002244.npy,"(256, 256)",float32,0.0,1.0,0.8777871133618547,0.1742568785511479,,"(128, 128)",float32,-0.005332253407686949,1.4807300567626953,0.8772061219140177,0.21558239896355902,
002245.npy,"(256, 256)",float32,0.0,1.0,0.08931687383444142,0.07921573605608312,,"(128, 128)",float32,0.008737658150494099,0.8628903031349182,0.08941459984555422,0.0820168980080423,
002246.npy,"(256, 256)",float32,0.0,1.0,0.10914765085867373,0.11503086675413852,,"(128, 128)",float32,0.0008208228391595185,1.3697586059570312,0.10959853284701992,0.1198633885830956,
002247.npy,"(256, 256)",float32,0.0,1.0,0.11131208270926507,0.10384226546005676,,"(128, 128)",float32,0.004906132351607084,1.121553659439087,0.11125368929393176,0.10604544029463767,
002248.npy,"(256, 256)",float32,0.0,1.0,0.5331242406863081,0.24494035007928816,,"(128, 128)",float32,-0.017947455868124962,1.4531844854354858,0.5334529319266272,0.25941629400802707,
002249.npy,"(256, 256)",float32,0.0,1.0,0.44585612064184055,0.23321901233439393,,"(128, 128)",float32,-0.009859328158199787,1.5314316749572754,0.44597424312828693,0.24458512335070862,
002250.npy,"(256, 256)",float32,0.0,1.0,0.4331549477615758,0.22381320353026776,,"(128, 128)",float32,-0.002996275434270501,1.6545873880386353,0.43372914968476906,0.2375390762809771,
002251.npy,"(256, 256)",float32,0.0,1.0,0.37906654164337006,0.16391343922489698,,"(128, 128)",float32,-0.003531851340085268,1.3461741209030151,0.37898837011939435,0.17926115995482947,
002252.npy,"(256, 256)",float32,0.0,1.0,0.6454962431074946,0.2186945609536306,,"(128, 128)",float32,-0.04207301512360573,1.5492910146713257,0.6469699933510462,0.2471762753992961,
002253.npy,"(256, 256)",float32,0.0,1.0,0.6506545248399358,0.23014487121890467,,"(128, 128)",float32,-0.03645680844783783,1.46817946434021,0.6503734045422344,0.2486164032292479,
002254.npy,"(256, 256)",float32,0.0,1.0,0.6628448612213034,0.2350319004156043,,"(128, 128)",float32,-0.03168715536594391,1.5047948360443115,0.6640240771667534,0.2645609944956683,
002255.npy,"(256, 256)",float32,0.0,1.0,0.6544604976883456,0.230032920292614,,"(128, 128)",float32,-0.03775973245501518,1.4540644884109497,0.654802754748288,0.2549429932035069,
002256.npy,"(256, 256)",float32,0.0,1.0,0.3350828442167284,0.09064970854576905,,"(128, 128)",float32,-0.0024437708780169487,1.2751766443252563,0.33567704791909136,0.11102926012395467,
002257.npy,"(256, 256)",float32,0.0,1.0,0.3645437686310379,0.2485752916947606,,"(128, 128)",float32,-0.027859708294272423,1.326303482055664,0.36429043738498024,0.25711779414652236,
002258.npy,"(256, 256)",float32,0.0,1.0,0.34474978586911575,0.2407926072169883,,"(128, 128)",float32,-0.009858938865363598,1.345233678817749,0.34420333919189616,0.24662378372499738,
002259.npy,"(256, 256)",float32,0.0,1.0,0.3507106659734234,0.2462846353251392,,"(128, 128)",float32,-0.018563760444521904,1.2633761167526245,0.3501548002375081,0.25238569431091373,
002260.npy,"(256, 256)",float32,0.0,1.0,0.4496336390710276,0.18313628001964566,,"(128, 128)",float32,0.0007564860279671848,1.270961046218872,0.4501716473204702,0.1976702880412865,
002261.npy,"(256, 256)",float32,0.0,1.0,0.6317685217056619,0.18152621595890786,,"(128, 128)",float32,0.0032500436063855886,1.5895744562149048,0.6322428963157591,0.20911016371252422,
002262.npy,"(256, 256)",float32,0.0,1.0,0.5742021119137561,0.13619372766965965,,"(128, 128)",float32,0.003558073192834854,1.582605004310608,0.5740341666987092,0.17586806146248113,
002263.npy,"(256, 256)",float32,0.0,1.0,0.5918176238640669,0.15609173723498945,,"(128, 128)",float32,0.003713274607434869,1.4600743055343628,0.5920166253590793,0.18226070381957865,
002264.npy,"(256, 256)",float32,0.0,1.0,0.7478436128286141,0.27152482108004594,,"(128, 128)",float32,0.003932300489395857,1.6440203189849854,0.7483977490564087,0.29565372285528974,
002265.npy,"(256, 256)",float32,0.0,1.0,0.18172902433996807,0.18573437575808588,,"(128, 128)",float32,-0.0041853152215480804,1.1743099689483643,0.1818037350902273,0.1901000557657828,
002266.npy,"(256, 256)",float32,0.0,1.0,0.16762062328562122,0.17101292566074375,,"(128, 128)",float32,-0.04808902367949486,1.3110792636871338,0.16782147422183158,0.17687482302650906,
002267.npy,"(256, 256)",float32,0.0,1.0,0.17934545860896023,0.18181088487486308,,"(128, 128)",float32,-0.01092039979994297,1.1571048498153687,0.17958471065878712,0.18538700495349816,
002268.npy,"(256, 256)",float32,0.0,1.0,0.3889659612479477,0.25617352837662094,,"(128, 128)",float32,0.0045685237273573875,1.6011472940444946,0.3887326805110831,0.2677126324282463,
002269.npy,"(256, 256)",float32,0.0,1.0,0.18390127613319618,0.1204013605778723,,"(128, 128)",float32,0.0026816772297024727,1.1539075374603271,0.18415841303952618,0.1251023709176161,
002270.npy,"(256, 256)",float32,0.0,1.0,0.1721107829749764,0.10519971397129978,,"(128, 128)",float32,-0.0077157835476100445,1.0686777830123901,0.17243092756608558,0.10951073964494766,
002271.npy,"(256, 256)",float32,0.0,1.0,0.1726082887135334,0.1052623533414407,,"(128, 128)",float32,-0.002500561298802495,1.4918549060821533,0.1728947880774001,0.11228907047427042,
002272.npy,"(256, 256)",float32,0.0,1.0,0.28228038833044167,0.20104980896736396,,"(128, 128)",float32,0.0033438520040363073,1.3443471193313599,0.2825150591830976,0.20906206050987783,
002273.npy,"(256, 256)",float32,0.0,1.0,0.049184302850221684,0.10505771479503019,,"(128, 128)",float32,-0.006809852086007595,1.5188261270523071,0.049328351256465064,0.10833376998236259,
002274.npy,"(256, 256)",float32,0.0,1.0,0.04913660965013644,0.10108216911849499,,"(128, 128)",float32,-0.011471852660179138,1.245635986328125,0.04919510666417082,0.10402498632787552,
002275.npy,"(256, 256)",float32,0.0,1.0,0.04960067667676782,0.10085744570485834,,"(128, 128)",float32,-0.0010698630940169096,1.4163247346878052,0.04952229083944282,0.10234713726942538,
002276.npy,"(256, 256)",float32,0.0,1.0,0.2885779128035839,0.11454799914607323,,"(128, 128)",float32,-0.002095278352499008,1.0248712301254272,0.287968684499063,0.12474614714403418,
002277.npy,"(256, 256)",float32,0.0,1.0,0.5373180193605833,0.172738330211257,,"(128, 128)",float32,0.04639892280101776,1.4935990571975708,0.5393532057000812,0.2064459569074717,
002278.npy,"(256, 256)",float32,0.0,1.0,0.5565985930653881,0.1899175687070951,,"(128, 128)",float32,0.020537961274385452,1.3576804399490356,0.5575511531166057,0.2069599441225099,
002279.npy,"(256, 256)",float32,0.0,1.0,0.5269286558463477,0.1906547257446286,,"(128, 128)",float32,0.010935211554169655,1.3552008867263794,0.5281010345743198,0.20773180511275913,
002280.npy,"(256, 256)",float32,0.0,1.0,0.35930530356163237,0.1921818228693479,,"(128, 128)",float32,-0.0013543470995500684,1.3603723049163818,0.35888528623577365,0.20305231882945907,
002281.npy,"(256, 256)",float32,0.0,1.0,0.4522704342361368,0.2819867262372863,,"(128, 128)",float32,-0.0035469145514070988,1.4694145917892456,0.45220016895408266,0.2925570767424441,
002282.npy,"(256, 256)",float32,0.0,1.0,0.4457137832250669,0.2936917599056289,,"(128, 128)",float32,-0.00801906082779169,1.5284911394119263,0.44499588332188267,0.3045512368419481,
002283.npy,"(256, 256)",float32,0.0,1.0,0.4456358317534429,0.29126222623006265,,"(128, 128)",float32,-0.020851444453001022,1.5807698965072632,0.44526428069030244,0.3060053914752828,
002284.npy,"(256, 256)",float32,0.0,1.0,0.26311656622833657,0.13248202388636104,,"(128, 128)",float32,-0.023643771186470985,1.387906551361084,0.26341107626883975,0.13880853353132686,
002285.npy,"(256, 256)",float32,0.0,1.0,0.17038859482752947,0.16493843138561454,,"(128, 128)",float32,-0.06525988131761551,1.2665501832962036,0.17054834215931214,0.16899117195407562,
002286.npy,"(256, 256)",float32,0.0,1.0,0.17720048040614075,0.16970214423512883,,"(128, 128)",float32,-0.048180125653743744,1.3212217092514038,0.17613429058610386,0.1732954081805731,
002287.npy,"(256, 256)",float32,0.0,1.0,0.1758394033173084,0.16860060433215002,,"(128, 128)",float32,-0.03575607389211655,1.1163914203643799,0.17607720800844187,0.17262633402198488,
002288.npy,"(256, 256)",float32,0.0,1.0,0.4738233285071658,0.2296946693546783,,"(128, 128)",float32,0.0021028677001595497,1.5513882637023926,0.4732846483429398,0.24421685132398777,
002289.npy,"(256, 256)",float32,0.0,1.0,0.5379918744402907,0.22793599228669484,,"(128, 128)",float32,0.00199639773927629,1.3868632316589355,0.5384863555319015,0.2430743736576831,
002290.npy,"(256, 256)",float32,0.0,1.0,0.5104332671033696,0.22868563233867484,,"(128, 128)",float32,0.005778557620942593,1.3154659271240234,0.5106147892917363,0.24327899969623795,
002291.npy,"(256, 256)",float32,0.0,1.0,0.5147227023887666,0.22418979576958717,,"(128, 128)",float32,0.008695578202605247,1.414942979812622,0.514847835961973,0.239627580729787,
002292.npy,"(256, 256)",float32,0.0,1.0,0.35790405372847145,0.3657331451115922,,"(128, 128)",float32,-0.06979305297136307,1.3748348951339722,0.35815980260026536,0.37317431227109127,
002293.npy,"(256, 256)",float32,0.0,1.0,0.263194119896518,0.2021323363067621,,"(128, 128)",float32,-0.036022841930389404,1.3686481714248657,0.2627884811099843,0.20763626884142122,
002294.npy,"(256, 256)",float32,0.0,1.0,0.27545570738014646,0.20342707481225641,,"(128, 128)",float32,-0.052908774465322495,1.2846053838729858,0.274545408081984,0.20662718913727518,
002295.npy,"(256, 256)",float32,0.0,1.0,0.24481983055436274,0.2151544334819358,,"(128, 128)",float32,-0.03842007741332054,1.3571966886520386,0.24367823188444504,0.2168639482355928,
002296.npy,"(256, 256)",float32,0.0,1.0,0.31400063860272387,0.10332806010052113,,"(128, 128)",float32,-0.0032761467155069113,1.32142174243927,0.31341899437877885,0.11780245084540418,
002297.npy,"(256, 256)",float32,0.0,1.0,0.31800349586526977,0.10391132141602513,,"(128, 128)",float32,0.010810593143105507,1.123658299446106,0.3183356935782058,0.11719638475390001,
002298.npy,"(256, 256)",float32,0.0,1.0,0.31620769044121744,0.10277877314652507,,"(128, 128)",float32,0.00264210463501513,1.146432638168335,0.31623874306036726,0.11572725731306366,
002299.npy,"(256, 256)",float32,0.0,1.0,0.3589659811701722,0.09952780098420207,,"(128, 128)",float32,0.004832826554775238,1.127190351486206,0.3600124266988587,0.12179695691455049,
002300.npy,"(256, 256)",float32,0.0,1.0,0.6396188808417094,0.15604714660580896,,"(128, 128)",float32,0.0162777379155159,1.447868824005127,0.6392892314797791,0.18133145376646748,
002301.npy,"(256, 256)",float32,0.0,1.0,0.41194831182040303,0.16671610341961532,,"(128, 128)",float32,-0.0013741368893533945,1.5990896224975586,0.41203701789628155,0.18602645533831302,
002302.npy,"(256, 256)",float32,0.0,1.0,0.48426152693569335,0.19542776387022837,,"(128, 128)",float32,0.0015396220842376351,1.5278031826019287,0.4848739859763782,0.21329062344609784,
002303.npy,"(256, 256)",float32,0.0,1.0,0.5035584108999132,0.1899648695303414,,"(128, 128)",float32,0.007097416091710329,1.5022417306900024,0.5043636002300502,0.21491395609165265,
002304.npy,"(256, 256)",float32,0.0,1.0,0.5087475317494388,0.13781037010453412,,"(128, 128)",float32,0.026108961552381516,1.4669219255447388,0.5094200655200893,0.16486591768646244,
002305.npy,"(256, 256)",float32,0.0,1.0,0.6201981692709069,0.08445750622243103,,"(128, 128)",float32,0.02880995348095894,1.3035224676132202,0.6192947743033983,0.12978444410149184,
002306.npy,"(256, 256)",float32,0.0,1.0,0.6224323761411483,0.09874575547728791,,"(128, 128)",float32,0.0482238307595253,1.2395378351211548,0.6221137362147147,0.13948905801097897,
002307.npy,"(256, 256)",float32,0.0,1.0,0.6040649368826507,0.08730917851630673,,"(128, 128)",float32,0.02498430386185646,1.233245611190796,0.6046988731663987,0.13116267391179,
002308.npy,"(256, 256)",float32,0.0,1.0,0.2802287532242618,0.2361612697792154,,"(128, 128)",float32,-0.024137163534760475,1.3660842180252075,0.28050052553565963,0.24120952499335915,
002309.npy,"(256, 256)",float32,0.0,1.0,0.4742241759999555,0.249007816906052,,"(128, 128)",float32,-0.012878873385488987,1.3751287460327148,0.47266490110682824,0.2610505250487884,
002310.npy,"(256, 256)",float32,0.0,1.0,0.4822526761763104,0.24127524037290649,,"(128, 128)",float32,-0.0035074185580015182,1.4318063259124756,0.48089028439314063,0.25396886835950633,
002311.npy,"(256, 256)",float32,0.0,1.0,0.4126698952760144,0.244475012529923,,"(128, 128)",float32,-0.0038425414822995663,1.563252329826355,0.4123344552003232,0.2587044690373391,
002312.npy,"(256, 256)",float32,0.0,1.0,0.4147135310876635,0.39182786380524803,,"(128, 128)",float32,-0.0008512355270795524,1.671201229095459,0.4153944583035134,0.403957063081113,
002313.npy,"(256, 256)",float32,0.0,1.0,0.3121576012146168,0.21490590220712857,,"(128, 128)",float32,-0.0011089111212641,1.4552284479141235,0.31133449663631296,0.22222629855087425,
002314.npy,"(256, 256)",float32,0.0,1.0,0.3536062646069382,0.2208323407057529,,"(128, 128)",float32,-0.00985840056091547,1.6420950889587402,0.35383388723251663,0.23015193743781803,
002315.npy,"(256, 256)",float32,0.0,1.0,0.31384555290019556,0.21531162288312516,,"(128, 128)",float32,-0.004823711700737476,1.4792797565460205,0.3129121383527733,0.2249970376840809,
002316.npy,"(256, 256)",float32,0.0,1.0,0.33447044770666273,0.24604772765556512,,"(128, 128)",float32,-0.032180026173591614,1.4703603982925415,0.3342340221668394,0.25520060263427075,
002317.npy,"(256, 256)",float32,0.0,1.0,0.7410861238007271,0.15480626849747778,,"(128, 128)",float32,-0.04035494476556778,1.6798021793365479,0.7410672193035452,0.21401678776477476,
002318.npy,"(256, 256)",float32,0.0,1.0,0.7363718021437364,0.15564290470381387,,"(128, 128)",float32,0.017971981316804886,1.5496472120285034,0.7369554219243355,0.20124176354270895,
002319.npy,"(256, 256)",float32,0.0,1.0,0.7365353307125417,0.15556559701901398,,"(128, 128)",float32,0.013485019095242023,1.563960313796997,0.7368308991647723,0.19589387991932897,
002320.npy,"(256, 256)",float32,0.0,1.0,0.5430678827878559,0.2083098780944492,,"(128, 128)",float32,-0.006162912119179964,1.1399281024932861,0.5420222599857425,0.2233925300339478,
002321.npy,"(256, 256)",float32,0.0,1.0,0.36110405909598997,0.23302569632842507,,"(128, 128)",float32,-0.004491596482694149,1.5570722818374634,0.3612322605568945,0.2404084562731926,
002322.npy,"(256, 256)",float32,0.0,1.0,0.3611661098487569,0.23295204083341217,,"(128, 128)",float32,-0.011551153846085072,1.8601055145263672,0.3615989198354326,0.24429801267647983,
002323.npy,"(256, 256)",float32,0.0,1.0,0.39579494966085726,0.28558485526457705,,"(128, 128)",float32,-0.011616348288953304,1.4912967681884766,0.3965357976839,0.29619410396828044,
002324.npy,"(256, 256)",float32,0.0,1.0,0.6197608229523617,0.26469613505644474,,"(128, 128)",float32,-0.007644573226571083,1.393239140510559,0.6197244229323111,0.2820560979656983,
002325.npy,"(256, 256)",float32,0.0,1.0,0.6812471961951605,0.1971058435787799,,"(128, 128)",float32,-0.0031859527807682753,1.5061542987823486,0.681186796500107,0.23253030611675804,
002326.npy,"(256, 256)",float32,0.0,1.0,0.7040546247685467,0.1947407848298509,,"(128, 128)",float32,0.0010544435353949666,1.7437119483947754,0.7040397650494796,0.23543670423653998,
002327.npy,"(256, 256)",float32,0.0,1.0,0.7157650051514093,0.18967192110526987,,"(128, 128)",float32,-0.002448046812787652,1.4535495042800903,0.7143065087308145,0.21998908137554612,
002328.npy,"(256, 256)",float32,0.0,1.0,0.5760595880980198,0.1544253746329944,,"(128, 128)",float32,-0.013881552033126354,1.2816160917282104,0.5751149544156711,0.1853910488949355,
002329.npy,"(256, 256)",float32,0.0,1.0,0.05158672636418041,0.03166195577977379,,"(128, 128)",float32,-0.030671007931232452,0.9908671379089355,0.05146088073790356,0.029682178179063316,
002330.npy,"(256, 256)",float32,0.0,1.0,0.052011822454428036,0.032069309885766194,,"(128, 128)",float32,-0.02691161073744297,0.9191458225250244,0.05198031411612852,0.030651480476936385,
002331.npy,"(256, 256)",float32,0.0,1.0,0.08191269326993786,0.049370241505568895,,"(128, 128)",float32,-0.04309942200779915,1.2417865991592407,0.08163112058994293,0.04749670191510616,
002332.npy,"(256, 256)",float32,0.0,1.0,0.62739561836338,0.04328053199602028,,"(128, 128)",float32,0.011654906906187534,1.3540661334991455,0.6278332998325027,0.12438868243127947,
002333.npy,"(256, 256)",float32,0.0,1.0,0.20622407841851054,0.06173294815209822,,"(128, 128)",float32,-0.004030941985547543,1.03857421875,0.20611457135284184,0.07387779116465076,
002334.npy,"(256, 256)",float32,0.0,1.0,0.19137428057228334,0.056337618134744555,,"(128, 128)",float32,-0.005020425654947758,1.0586142539978027,0.19143281411336943,0.06433378992354595,
002335.npy,"(256, 256)",float32,0.0,1.0,0.20398844111050707,0.06222523406661498,,"(128, 128)",float32,0.007983180694282055,1.3521301746368408,0.2037426462352414,0.07543351763589069,
002336.npy,"(256, 256)",float32,0.0,1.0,0.5948611974497868,0.30472320698037475,,"(128, 128)",float32,-0.06925802677869797,1.4337230920791626,0.5948554257135612,0.3190164860503625,
002337.npy,"(256, 256)",float32,0.0,1.0,0.4450227996847218,0.21166216007901079,,"(128, 128)",float32,0.007588322274386883,1.6505542993545532,0.44574747585176056,0.22606253742503452,
002338.npy,"(256, 256)",float32,0.0,1.0,0.47503966955946453,0.2129159244602933,,"(128, 128)",float32,0.024269502609968185,1.438825249671936,0.4748184254633543,0.23277261237303884,
002339.npy,"(256, 256)",float32,0.0,1.0,0.4564281195427391,0.21396113354543062,,"(128, 128)",float32,0.006634268444031477,1.355094313621521,0.457033228228255,0.22763950184096868,
002340.npy,"(256, 256)",float32,0.0,1.0,0.4931227034055379,0.0979473613772496,,"(128, 128)",float32,0.010868393816053867,1.199885606765747,0.49379680408907234,0.12953625025108223,
002341.npy,"(256, 256)",float32,0.0,1.0,0.5931835825532943,0.09599582239584592,,"(128, 128)",float32,0.013422911055386066,1.3406472206115723,0.5927213968064393,0.13790499171508347,
002342.npy,"(256, 256)",float32,0.0,1.0,0.5893498439062554,0.0992611093834759,,"(128, 128)",float32,-0.005464205518364906,1.30718195438385,0.5894274075151316,0.13598930472698073,
002343.npy,"(256, 256)",float32,0.0,1.0,0.5912628113312195,0.09832900210121313,,"(128, 128)",float32,0.021346166729927063,1.2068889141082764,0.5905154115858977,0.1301345366196618,
002344.npy,"(256, 256)",float32,0.0,1.0,0.2259714724979407,0.2354801967562686,,"(128, 128)",float32,-0.017916472628712654,1.433290719985962,0.2266302089493214,0.2414862033298494,
002345.npy,"(256, 256)",float32,0.0,1.0,0.16724195750191662,0.1162875596192695,,"(128, 128)",float32,-0.004397922661155462,1.0195198059082031,0.16718350752699962,0.12071158259927041,
002346.npy,"(256, 256)",float32,0.0,1.0,0.1626730806599852,0.12023255131544015,,"(128, 128)",float32,-0.0005610893713310361,1.1610455513000488,0.162432574138073,0.12434819951056922,
002347.npy,"(256, 256)",float32,0.0,1.0,0.1620676869838107,0.11686202047642705,,"(128, 128)",float32,-0.0017517105443403125,1.0615661144256592,0.1614191011548476,0.12087488881180541,
002348.npy,"(256, 256)",float32,0.0,1.0,0.4390622969188378,0.3209895594733253,,"(128, 128)",float32,-0.03416784852743149,1.2968121767044067,0.4382916220815565,0.3289301013567708,
002349.npy,"(256, 256)",float32,0.0,1.0,0.5109498972239797,0.11632463806958147,,"(128, 128)",float32,0.0033853198401629925,1.162550926208496,0.5110378462573237,0.14936117658051437,
002350.npy,"(256, 256)",float32,0.0,1.0,0.48090295470126065,0.11269319710651202,,"(128, 128)",float32,0.0035111703909933567,1.1383196115493774,0.48111645417034765,0.13280454608102482,
002351.npy,"(256, 256)",float32,0.0,1.0,0.4989997248343059,0.10545706309192714,,"(128, 128)",float32,0.009609321132302284,1.3644628524780273,0.49903851905514784,0.13533103015206419,
002352.npy,"(256, 256)",float32,0.0,1.0,0.23915626448815963,0.19696297226530388,,"(128, 128)",float32,-0.010636802762746811,1.3085087537765503,0.24121058804157336,0.20666978800813848,
002353.npy,"(256, 256)",float32,0.0,1.0,0.5255530171268177,0.36420210241018414,,"(128, 128)",float32,-0.0073708826676011086,1.5691899061203003,0.5239312518482866,0.37937768351398854,
002354.npy,"(256, 256)",float32,0.0,1.0,0.4315384812778915,0.35995954725407336,,"(128, 128)",float32,-0.002628116402775049,1.5620640516281128,0.43086839828746903,0.3682415473918604,
002355.npy,"(256, 256)",float32,0.0,1.0,0.4328112482169235,0.3685074464545489,,"(128, 128)",float32,-0.004530470818281174,1.521378755569458,0.43406046886988925,0.3816754100783646,
002356.npy,"(256, 256)",float32,0.0,1.0,0.15579035534283747,0.1353730313888023,,"(128, 128)",float32,-0.0005082786665298045,1.3763463497161865,0.15659163405484477,0.14086386043894833,
002357.npy,"(256, 256)",float32,0.0,1.0,0.047360283845361936,0.05758827769013144,,"(128, 128)",float32,-0.02223997190594673,0.6947992444038391,0.047677354541974755,0.05999611855031476,
002358.npy,"(256, 256)",float32,0.0,1.0,0.055635878014333784,0.05705303952256673,,"(128, 128)",float32,0.006610863376408815,0.6577156782150269,0.05591248125944048,0.0580159342612457,
002359.npy,"(256, 256)",float32,0.0,1.0,0.038356073567051396,0.03931312405566904,,"(128, 128)",float32,0.0031377607956528664,0.8567800521850586,0.03870785942318378,0.04103698308595855,
002360.npy,"(256, 256)",float32,0.0,1.0,0.40777454649459344,0.24337761852662654,,"(128, 128)",float32,-0.005148294381797314,1.5017718076705933,0.4071784463092136,0.2514260936719049,
002361.npy,"(256, 256)",float32,0.0,1.0,0.3524136526289965,0.2711644609771314,,"(128, 128)",float32,0.01876903884112835,1.4725244045257568,0.3528861370211871,0.2788109892295459,
002362.npy,"(256, 256)",float32,0.0,1.0,0.33818819624161733,0.2717360750437419,,"(128, 128)",float32,0.007968149147927761,1.674873948097229,0.3376879550210674,0.28325905370368165,
002363.npy,"(256, 256)",float32,0.0,1.0,0.3471695813973952,0.26951362470934503,,"(128, 128)",float32,0.00274312449619174,1.6678812503814697,0.34740169500642537,0.2788822024460237,
002364.npy,"(256, 256)",float32,0.0,1.0,0.29428601950397587,0.1956980730199487,,"(128, 128)",float32,-0.05293804407119751,1.34707772731781,0.293993514378879,0.20112156049264376,
002365.npy,"(256, 256)",float32,0.0,1.0,0.30325314778467316,0.3673338450361048,,"(128, 128)",float32,-0.0007769760559312999,1.5082180500030518,0.3028694226296835,0.37332371289753064,
002366.npy,"(256, 256)",float32,0.0,1.0,0.37948988546317963,0.3897634743529154,,"(128, 128)",float32,0.0002778369525913149,1.4702852964401245,0.37873391163765113,0.3968151739358288,
002367.npy,"(256, 256)",float32,0.0,1.0,0.37344007117720923,0.3835754401091623,,"(128, 128)",float32,-0.0033851824700832367,1.502440333366394,0.37331171494989546,0.3908121354825097,
002368.npy,"(256, 256)",float32,0.0,1.0,0.4036522048517092,0.1882229520926656,,"(128, 128)",float32,-0.006951609160751104,1.6038812398910522,0.40493933758359835,0.2078228626237465,
002369.npy,"(256, 256)",float32,0.0,1.0,0.20272634635220232,0.21399926137644196,,"(128, 128)",float32,-0.02566344104707241,1.6462066173553467,0.20314153602215887,0.2219958858749021,
002370.npy,"(256, 256)",float32,0.0,1.0,0.19407617896240903,0.20660405598645554,,"(128, 128)",float32,-0.026580646634101868,1.454095482826233,0.19520909927635915,0.21357798969713201,
002371.npy,"(256, 256)",float32,0.0,1.0,0.22263195068518765,0.26417694408839715,,"(128, 128)",float32,-0.028013823553919792,1.478505253791809,0.22317759792551992,0.2695927641717955,
002372.npy,"(256, 256)",float32,0.0,1.0,0.26752198285568796,0.19620566316283397,,"(128, 128)",float32,-0.00737183028832078,1.4993685483932495,0.26830700072881086,0.20417178252290027,
002373.npy,"(256, 256)",float32,0.0,1.0,0.39043799006572044,0.21235651697366528,,"(128, 128)",float32,0.004611958749592304,1.7386066913604736,0.39100308754871094,0.22521458121134905,
002374.npy,"(256, 256)",float32,0.0,1.0,0.38664540101001865,0.19297019710660923,,"(128, 128)",float32,-0.002638802630826831,1.4966330528259277,0.386171874567907,0.20357110042263596,
002375.npy,"(256, 256)",float32,0.0,1.0,0.4071821085579259,0.2052358349065255,,"(128, 128)",float32,-0.013534669764339924,1.595803141593933,0.4068919359897336,0.2207373446082592,
002376.npy,"(256, 256)",float32,0.0,1.0,0.27136611333600813,0.14225352748860148,,"(128, 128)",float32,-0.003589044092223048,1.4359138011932373,0.2716879585382168,0.14997906728425997,
002377.npy,"(256, 256)",float32,0.0,1.0,0.6343924254612645,0.2453492468561034,,"(128, 128)",float32,0.015197654254734516,1.4641528129577637,0.6364546272005214,0.2650585346202957,
002378.npy,"(256, 256)",float32,0.0,1.0,0.6340284308356843,0.2455239572013697,,"(128, 128)",float32,-0.002604370005428791,1.622448205947876,0.6343467558478224,0.2696318268781353,
002379.npy,"(256, 256)",float32,0.0,1.0,0.5964838090154885,0.2585367175428661,,"(128, 128)",float32,-0.009298807010054588,1.631054162979126,0.59775615742182,0.2807810879961101,
002380.npy,"(256, 256)",float32,0.0,1.0,0.3354996726325794,0.12097350415886021,,"(128, 128)",float32,0.05044017359614372,1.3615325689315796,0.33544386214134647,0.1321024202880507,
002381.npy,"(256, 256)",float32,0.0,1.0,0.3681466541120244,0.17337003981394586,,"(128, 128)",float32,0.026454180479049683,1.4617620706558228,0.36879385945439935,0.18913994856854907,
002382.npy,"(256, 256)",float32,0.0,1.0,0.3592496037152557,0.17577702469802065,,"(128, 128)",float32,0.01087902206927538,1.2931830883026123,0.3600995437276424,0.19019079080694976,
002383.npy,"(256, 256)",float32,0.0,1.0,0.35506007600161205,0.18691484588090856,,"(128, 128)",float32,-0.0007792492397129536,1.3406450748443604,0.3558475187438621,0.19796876859635432,
002384.npy,"(256, 256)",float32,0.0,1.0,0.14146766741722416,0.22387192637463818,,"(128, 128)",float32,-0.013836689293384552,1.4661262035369873,0.14227338269029222,0.22852398196395557,
002385.npy,"(256, 256)",float32,0.0,1.0,0.6287886896432617,0.2199074372892514,,"(128, 128)",float32,-0.022422879934310913,1.366499423980713,0.6279907172724961,0.24675501473358066,
002386.npy,"(256, 256)",float32,0.0,1.0,0.593037776446466,0.24890283428712137,,"(128, 128)",float32,-0.014987037517130375,1.432769536972046,0.592448050153024,0.26974529952670323,
002387.npy,"(256, 256)",float32,0.0,1.0,0.6834077594813976,0.16145030855934908,,"(128, 128)",float32,0.0016305458266288042,1.4536751508712769,0.6833257426298616,0.20296977194304183,
002388.npy,"(256, 256)",float32,0.0,1.0,0.4453091998745584,0.24741697171604987,,"(128, 128)",float32,-0.005103414878249168,1.4612387418746948,0.445200130557982,0.26341537914944635,
002389.npy,"(256, 256)",float32,0.0,1.0,0.7155552169363243,0.1555486889313656,,"(128, 128)",float32,0.005068471655249596,1.4951395988464355,0.7153532806150906,0.18888555429137707,
002390.npy,"(256, 256)",float32,0.0,1.0,0.732154474498202,0.15854867283497215,,"(128, 128)",float32,0.04980218783020973,1.4977812767028809,0.7310553743964192,0.19678191447062515,
002391.npy,"(256, 256)",float32,0.0,1.0,0.7940625551070184,0.1277450845423818,,"(128, 128)",float32,0.001153195509687066,1.55793297290802,0.7943170933059633,0.1844270326539485,
002392.npy,"(256, 256)",float32,0.0,1.0,0.7911003701252071,0.11000775715044808,,"(128, 128)",float32,-0.005600547883659601,1.4755363464355469,0.7905822261767241,0.1625695436398406,
002393.npy,"(256, 256)",float32,0.0,1.0,0.4893314094562544,0.2443584349153731,,"(128, 128)",float32,-0.00352318212389946,1.3745825290679932,0.48935207494586486,0.25397793469970575,
002394.npy,"(256, 256)",float32,0.0,1.0,0.4809027339131863,0.24411584677515036,,"(128, 128)",float32,-0.011822876520454884,1.3490614891052246,0.4794007442368917,0.2567620834130068,
002395.npy,"(256, 256)",float32,0.0,1.0,0.45162586184969966,0.2572193927762179,,"(128, 128)",float32,-0.025893988087773323,1.5555050373077393,0.4516999661857688,0.27389368177164547,
002396.npy,"(256, 256)",float32,0.0,1.0,0.4442584343650622,0.16038070258299347,,"(128, 128)",float32,-0.05580928549170494,1.2406635284423828,0.44285728208160435,0.1729001784466893,
002397.npy,"(256, 256)",float32,0.0,1.0,0.5785350487776526,0.09827875414787837,,"(128, 128)",float32,0.0076835500076413155,1.4392586946487427,0.5791714074837273,0.14391619628616756,
002398.npy,"(256, 256)",float32,0.0,1.0,0.6088094815677927,0.098056833821595,,"(128, 128)",float32,-0.0011224000481888652,1.387432336807251,0.6104656408525742,0.14390200830324343,
002399.npy,"(256, 256)",float32,0.0,1.0,0.5406976733505644,0.08022907823364982,,"(128, 128)",float32,0.013976611196994781,1.1982519626617432,0.5416607268691678,0.11553673728676646,
002400.npy,"(256, 256)",float32,0.0,1.0,0.5727608404416267,0.2813712768725714,,"(128, 128)",float32,-0.022115888074040413,1.4487022161483765,0.5726819953925428,0.2949487123689395,
002401.npy,"(256, 256)",float32,0.0,1.0,0.5258565353885807,0.15496866667223436,,"(128, 128)",float32,0.011682181619107723,1.4125930070877075,0.5258583401389956,0.1786948522882917,
002402.npy,"(256, 256)",float32,0.0,1.0,0.5267188346423666,0.14983021431119764,,"(128, 128)",float32,0.027566665783524513,1.4698868989944458,0.5277804434391555,0.17709404935320736,
002403.npy,"(256, 256)",float32,0.0,1.0,0.54249590066091,0.15422236847951643,,"(128, 128)",float32,0.01092806737869978,1.5123329162597656,0.542837326616052,0.18666447016927856,
002404.npy,"(256, 256)",float32,0.0,1.0,0.4761973982829879,0.24155252614246348,,"(128, 128)",float32,-0.0009281595703214407,1.5025184154510498,0.4759221712613595,0.2595686309932011,
002405.npy,"(256, 256)",float32,0.0,1.0,0.7602171509585602,0.23672236778761627,,"(128, 128)",float32,-0.003513921517878771,1.6066229343414307,0.7584720051046361,0.2663502192067725,
002406.npy,"(256, 256)",float32,0.0,1.0,0.7975792998954745,0.20371794876789892,,"(128, 128)",float32,0.007357414346188307,1.6539194583892822,0.7965102033715823,0.25686733198838074,
002407.npy,"(256, 256)",float32,0.0,1.0,0.727487803875138,0.27293767585572165,,"(128, 128)",float32,0.0104795778170228,1.4612013101577759,0.7259697918125312,0.2937336061673804,
002408.npy,"(256, 256)",float32,0.0,1.0,0.5745588873224605,0.19150938114863653,,"(128, 128)",float32,0.008098915219306946,1.3100149631500244,0.5738039470550689,0.2118524372563193,
002409.npy,"(256, 256)",float32,0.0,1.0,0.3163065761487296,0.18223386085912904,,"(128, 128)",float32,-0.018135173246264458,1.314152479171753,0.31735225613558105,0.19375545899577465,
002410.npy,"(256, 256)",float32,0.0,1.0,0.3161086338912355,0.1822285375790419,,"(128, 128)",float32,-0.0016017036978155375,1.39094877243042,0.31699881641729233,0.18931032345983018,
002411.npy,"(256, 256)",float32,0.0,1.0,0.3536001654106293,0.18209551999146792,,"(128, 128)",float32,-0.011034206487238407,1.3740123510360718,0.35375044350542506,0.18891658795868352,
002412.npy,"(256, 256)",float32,0.0,1.0,0.38243463461272587,0.17936105394134727,,"(128, 128)",float32,-0.0005555014358833432,1.412846565246582,0.38136752301334553,0.19222688894968273,
002413.npy,"(256, 256)",float32,0.0,1.0,0.6868408631287359,0.22783519384082648,,"(128, 128)",float32,-0.005488711874932051,1.5715968608856201,0.6849386631613612,0.2504129975059114,
002414.npy,"(256, 256)",float32,0.0,1.0,0.70806374776482,0.21489646916764832,,"(128, 128)",float32,-0.003485546912997961,1.6019724607467651,0.7075667038104392,0.25164336116596836,
002415.npy,"(256, 256)",float32,0.0,1.0,0.705167817858225,0.21326805503661245,,"(128, 128)",float32,-0.0007378877489827573,1.5816558599472046,0.704462366474905,0.250622747237457,
002416.npy,"(256, 256)",float32,0.0,1.0,0.3440444013659265,0.17414121674983718,,"(128, 128)",float32,-0.027704251930117607,1.2481924295425415,0.34536393988384884,0.18132545154902086,
002417.npy,"(256, 256)",float32,0.0,1.0,0.37853485906338236,0.16373103273678055,,"(128, 128)",float32,0.0014253223780542612,1.2010483741760254,0.3785378079331281,0.1811850368164054,
002418.npy,"(256, 256)",float32,0.0,1.0,0.38026958146848955,0.16154794550646442,,"(128, 128)",float32,-0.013024993240833282,1.1010504961013794,0.3810206609639448,0.17279085781223835,
002419.npy,"(256, 256)",float32,0.0,1.0,0.37663297498182713,0.14352543006645727,,"(128, 128)",float32,-0.01456109806895256,1.1230920553207397,0.3759342309143232,0.15545046701191562,
002420.npy,"(256, 256)",float32,0.0,1.0,0.5072045905228038,0.13056324419281337,,"(128, 128)",float32,-0.007624956779181957,1.265589714050293,0.5064011495931595,0.15092408220482156,
002421.npy,"(256, 256)",float32,0.0,1.0,0.42902794674364486,0.1726294830726889,,"(128, 128)",float32,0.00928527768701315,1.3192524909973145,0.4287981927033684,0.19312606879782887,
002422.npy,"(256, 256)",float32,0.0,1.0,0.42964827875395883,0.17299293342882568,,"(128, 128)",float32,0.0044680265709757805,1.577836513519287,0.4295976232630778,0.18932334343433754,
002423.npy,"(256, 256)",float32,0.0,1.0,0.41198597946301163,0.1770723689858585,,"(128, 128)",float32,0.010996942408382893,1.3099082708358765,0.4114813068151193,0.19366593260814852,
002424.npy,"(256, 256)",float32,0.0,1.0,0.3427484266898952,0.2454492292691131,,"(128, 128)",float32,-0.03483305498957634,1.2629958391189575,0.34335064759362455,0.25319787791257437,
002425.npy,"(256, 256)",float32,0.0,1.0,0.4912914168928215,0.21208036108495076,,"(128, 128)",float32,-0.007468059659004211,1.4716191291809082,0.4905659622728954,0.23156171306324122,
002426.npy,"(256, 256)",float32,0.0,1.0,0.4527421922709536,0.16296833402547567,,"(128, 128)",float32,-0.008181427605450153,1.2263152599334717,0.4515884851427856,0.17940788830941268,
002427.npy,"(256, 256)",float32,0.0,1.0,0.47695836686891113,0.20049352707438614,,"(128, 128)",float32,-0.007857071235775948,1.4007771015167236,0.4759624905220088,0.21748577982007472,
002428.npy,"(256, 256)",float32,0.0,1.0,0.7818539552780024,0.16977714257465454,,"(128, 128)",float32,0.0020965684670954943,1.6035575866699219,0.782226574073789,0.22285563669437863,
002429.npy,"(256, 256)",float32,0.0,1.0,0.7303326437474311,0.19073143884553612,,"(128, 128)",float32,0.005303194746375084,1.6658012866973877,0.7317357751633722,0.23175678178177736,
002430.npy,"(256, 256)",float32,0.0,1.0,0.7443112090614505,0.1812003067257474,,"(128, 128)",float32,0.027110304683446884,1.5704824924468994,0.7437948832591701,0.21502027733666798,
002431.npy,"(256, 256)",float32,0.0,1.0,0.7052654276734671,0.18097934783047223,,"(128, 128)",float32,-0.03303052484989166,1.5625557899475098,0.7057148200016741,0.2269647996610594,
002432.npy,"(256, 256)",float32,0.0,1.0,0.8282955063803552,0.22087315539260108,,"(128, 128)",float32,0.005111273843795061,1.7516456842422485,0.8279157283882057,0.26490999101826895,
002433.npy,"(256, 256)",float32,0.0,1.0,0.28225947536288487,0.16431093517983095,,"(128, 128)",float32,-0.001897142850793898,1.5911518335342407,0.28305065604515534,0.17180654445428675,
002434.npy,"(256, 256)",float32,0.0,1.0,0.3580916465757369,0.17898577398178625,,"(128, 128)",float32,-0.0024237814359366894,1.3586390018463135,0.35834774990294704,0.1901889101193754,
002435.npy,"(256, 256)",float32,0.0,1.0,0.33666719104883214,0.17465021269551798,,"(128, 128)",float32,-0.027003081515431404,1.65157949924469,0.33756246388168165,0.18892073113889793,
002436.npy,"(256, 256)",float32,0.0,1.0,0.3631190170885752,0.25762139440192533,,"(128, 128)",float32,-0.00968986190855503,1.3741567134857178,0.3630802226789207,0.2637626171083278,
002437.npy,"(256, 256)",float32,0.0,1.0,0.5045429039293294,0.12513177804364742,,"(128, 128)",float32,0.014643113128840923,1.3614051342010498,0.5041905611912512,0.15675796424470886,
002438.npy,"(256, 256)",float32,0.0,1.0,0.5235238794497512,0.13147715091285475,,"(128, 128)",float32,0.03244758024811745,1.2413268089294434,0.5234346475126586,0.1493106868477181,
002439.npy,"(256, 256)",float32,0.0,1.0,0.5367738447848112,0.1376077494478532,,"(128, 128)",float32,0.04986345395445824,1.2461668252944946,0.5371264858083578,0.15363911294874721,
002440.npy,"(256, 256)",float32,0.0,1.0,0.5017312021723086,0.12677542994715607,,"(128, 128)",float32,0.0077441781759262085,1.3307448625564575,0.5015892298812332,0.15850760628225571,
002441.npy,"(256, 256)",float32,0.0,1.0,0.31904282981005494,0.15064550183445158,,"(128, 128)",float32,-0.011971917934715748,1.281952142715454,0.318385738178371,0.15948232338735105,
002442.npy,"(256, 256)",float32,0.0,1.0,0.3269144388456642,0.14822783985700155,,"(128, 128)",float32,-0.0011728410609066486,1.1957218647003174,0.32641136872804033,0.1562907202901743,
002443.npy,"(256, 256)",float32,0.0,1.0,0.3110555009013787,0.14715006485351598,,"(128, 128)",float32,-0.004095365293323994,1.452507495880127,0.3113915902547646,0.15676851442518588,
002444.npy,"(256, 256)",float32,0.0,1.0,0.4918466249537805,0.1469336889820049,,"(128, 128)",float32,0.005368915852159262,1.377779245376587,0.49243083777045626,0.1683216144335829,
002445.npy,"(256, 256)",float32,0.0,1.0,0.6017464688676588,0.09736942994077263,,"(128, 128)",float32,0.006465970538556576,1.1992130279541016,0.6016140452610443,0.12931685294884573,
002446.npy,"(256, 256)",float32,0.0,1.0,0.6109229349288139,0.09129501622574593,,"(128, 128)",float32,0.005292012821882963,1.5503523349761963,0.6106681555796456,0.13806764594093443,
002447.npy,"(256, 256)",float32,0.0,1.0,0.6327620131375795,0.09934718956820018,,"(128, 128)",float32,0.001043181517161429,1.405968189239502,0.6321016039790734,0.15623184150511676,
002448.npy,"(256, 256)",float32,0.0,1.0,0.7527252201305892,0.19843257960142377,,"(128, 128)",float32,-0.008730882778763771,1.6585615873336792,0.7509905872283156,0.24691250659779357,
002449.npy,"(256, 256)",float32,0.0,1.0,0.2584845821397206,0.15623743582408603,,"(128, 128)",float32,0.0009762592380866408,1.5410069227218628,0.2586570097423575,0.1636061156940807,
002450.npy,"(256, 256)",float32,0.0,1.0,0.25450856509443653,0.15680242696834498,,"(128, 128)",float32,0.00018349204037804157,1.2989553213119507,0.25518809533854725,0.16585518397464538,
002451.npy,"(256, 256)",float32,0.0,1.0,0.2735867932477263,0.14467149755036213,,"(128, 128)",float32,-0.020674455910921097,1.4080430269241333,0.2740364838785929,0.1549257624024913,
002452.npy,"(256, 256)",float32,0.0,1.0,0.30291235971566977,0.19325360742778458,,"(128, 128)",float32,-0.007368496619164944,1.5406575202941895,0.3023032620597945,0.20135845536233027,
002453.npy,"(256, 256)",float32,0.0,1.0,0.4771611009810144,0.18596067879787548,,"(128, 128)",float32,0.010920809581875801,1.3868637084960938,0.47608558053326533,0.20952880195933188,
002454.npy,"(256, 256)",float32,0.0,1.0,0.4773390191773572,0.184338105924068,,"(128, 128)",float32,0.009089147672057152,1.5159034729003906,0.47622692770971753,0.20686360901984416,
002455.npy,"(256, 256)",float32,0.0,1.0,0.42824536104718547,0.20796678142358901,,"(128, 128)",float32,0.006321995984762907,1.3035558462142944,0.42773289364461675,0.22119399839668832,
002456.npy,"(256, 256)",float32,0.0,1.0,0.538972356422768,0.15611713647991987,,"(128, 128)",float32,0.006151637528091669,1.4194471836090088,0.539593668321487,0.17504517997383875,
002457.npy,"(256, 256)",float32,0.0,1.0,0.21897719084553557,0.1900108542906504,,"(128, 128)",float32,-0.01082511618733406,1.333996057510376,0.21876234031891428,0.19488219870141651,
002458.npy,"(256, 256)",float32,0.0,1.0,0.2381721955026208,0.2117848758476378,,"(128, 128)",float32,-0.04049193114042282,1.3453670740127563,0.23775944880756583,0.21729556279433676,
002459.npy,"(256, 256)",float32,0.0,1.0,0.215326558672146,0.18077742496381155,,"(128, 128)",float32,-0.007067839149385691,1.2500499486923218,0.21547776828752774,0.18508527055037302,
002460.npy,"(256, 256)",float32,0.0,1.0,0.06511684116475092,0.07156880512930788,,"(128, 128)",float32,-0.0062579684890806675,1.2468680143356323,0.06503641010248085,0.07456219708326342,
002461.npy,"(256, 256)",float32,0.0,1.0,0.17588256917700884,0.16315152196122418,,"(128, 128)",float32,0.0009837219258770347,1.574310541152954,0.17597611308759298,0.16885302242038572,
002462.npy,"(256, 256)",float32,0.0,1.0,0.18373490426716077,0.185104853227226,,"(128, 128)",float32,-0.004965032450854778,1.2379875183105469,0.18436324461980202,0.18958237480958887,
002463.npy,"(256, 256)",float32,0.0,1.0,0.18374807480265787,0.17105191729877545,,"(128, 128)",float32,-0.012114101089537144,1.188004732131958,0.1840550596592032,0.1751520305946893,
002464.npy,"(256, 256)",float32,0.0,1.0,0.4699809893732221,0.23581428436558266,,"(128, 128)",float32,-0.011552541516721249,1.6157758235931396,0.4703984280460922,0.25179318308868726,
002465.npy,"(256, 256)",float32,0.0,1.0,0.40104727379450456,0.21504357700154175,,"(128, 128)",float32,0.005644694902002811,1.2654902935028076,0.4014674449435347,0.22403645108747836,
002466.npy,"(256, 256)",float32,0.0,1.0,0.36951635834366314,0.21218000037435467,,"(128, 128)",float32,0.006814924068748951,1.2859927415847778,0.3714350458779734,0.22326057238159258,
002467.npy,"(256, 256)",float32,0.0,1.0,0.3965735231584677,0.21638528214316066,,"(128, 128)",float32,-0.008414850570261478,1.550645351409912,0.3971935363611152,0.23382624806948357,
002468.npy,"(256, 256)",float32,0.0,1.0,0.4261522609054315,0.3451275203779985,,"(128, 128)",float32,-0.11996594816446304,1.627366304397583,0.42679666896003926,0.35359977641874046,
002469.npy,"(256, 256)",float32,0.0,1.0,0.7453032514038462,0.3679345566757363,,"(128, 128)",float32,-0.020563192665576935,1.5486114025115967,0.7428579118554555,0.38679349193586215,
002470.npy,"(256, 256)",float32,0.0,1.0,0.8446973224281524,0.2710933626694697,,"(128, 128)",float32,-0.012855099514126778,1.6674765348434448,0.844076501283662,0.30606342749964616,
002471.npy,"(256, 256)",float32,0.0,1.0,0.9084892516613081,0.04792369898282973,,"(128, 128)",float32,0.13792799413204193,1.6472837924957275,0.9096296408743001,0.14934856494995705,
002472.npy,"(256, 256)",float32,0.0,1.0,0.20479807272085077,0.18956295946030263,,"(128, 128)",float32,-0.05480312556028366,1.1928359270095825,0.2050730141028705,0.19273817714147912,
002473.npy,"(256, 256)",float32,0.0,1.0,0.31474025655304616,0.29290434718693736,,"(128, 128)",float32,-0.06206266209483147,1.3576045036315918,0.31468176879055476,0.2957646869936571,
002474.npy,"(256, 256)",float32,0.0,1.0,0.29879656835835344,0.2874509554213813,,"(128, 128)",float32,-0.07311767339706421,1.3548728227615356,0.2996923898367273,0.2931660732441606,
002475.npy,"(256, 256)",float32,0.0,1.0,0.31736639754175505,0.2940155101885193,,"(128, 128)",float32,-0.06323523074388504,1.4568389654159546,0.3181318109952296,0.30249166633480745,
002476.npy,"(256, 256)",float32,0.0,1.0,0.5396239511792942,0.1396105414063614,,"(128, 128)",float32,0.0040716868825256824,1.2977536916732788,0.5392440533881029,0.16598633417048828,
002477.npy,"(256, 256)",float32,0.0,1.0,0.49189251510502774,0.2107826134967245,,"(128, 128)",float32,-0.011828536167740822,1.365544080734253,0.4903132564381991,0.22588941904573473,
002478.npy,"(256, 256)",float32,0.0,1.0,0.5002084323218288,0.2143658747570685,,"(128, 128)",float32,0.0008259541937150061,1.4511198997497559,0.49947327008424125,0.2291956883785286,
002479.npy,"(256, 256)",float32,0.0,1.0,0.49097963290583024,0.2172923701016523,,"(128, 128)",float32,0.002938350895419717,1.3132610321044922,0.4897834753780188,0.2289010607494882,
002480.npy,"(256, 256)",float32,0.0,1.0,0.6576864514631389,0.24724443669628632,,"(128, 128)",float32,0.0026348326355218887,1.460242748260498,0.6575436553625593,0.2684321873243262,
002481.npy,"(256, 256)",float32,0.0,1.0,0.942707103249802,0.08395173294517998,,"(128, 128)",float32,-0.002356817713007331,1.6980093717575073,0.9433239787400822,0.19367359681795102,
002482.npy,"(256, 256)",float32,0.0,1.0,0.9458888945242165,0.05878320438722811,,"(128, 128)",float32,0.00946058053523302,1.766376256942749,0.9456746198589485,0.1909564848739566,
002483.npy,"(256, 256)",float32,0.0,1.0,0.9413123411106312,0.09400994845943415,,"(128, 128)",float32,0.09165499359369278,1.7941107749938965,0.9423120014362212,0.1970500141312828,
002484.npy,"(256, 256)",float32,0.0,1.0,0.2515804045978506,0.1661208046960071,,"(128, 128)",float32,-0.013285874389111996,1.3958525657653809,0.25195990184871775,0.172140962660575,
002485.npy,"(256, 256)",float32,0.0,1.0,0.3739868002182227,0.1414234041299605,,"(128, 128)",float32,-2.2722571884514764e-05,1.2986948490142822,0.37431624222283655,0.15393438599325002,
002486.npy,"(256, 256)",float32,0.0,1.0,0.3798840360746567,0.13790662209736895,,"(128, 128)",float32,0.01664438098669052,1.1500303745269775,0.3793013595724233,0.1501745407632611,
002487.npy,"(256, 256)",float32,0.0,1.0,0.3782414301616974,0.12260741782742622,,"(128, 128)",float32,-0.001974808517843485,1.514389157295227,0.3787626296594624,0.1441291745808449,
002488.npy,"(256, 256)",float32,0.0,1.0,0.5289384956740477,0.22108569923409596,,"(128, 128)",float32,0.00029233357054181397,1.610705852508545,0.5285029885499224,0.24699534130107884,
002489.npy,"(256, 256)",float32,0.0,1.0,0.6537033492435285,0.1367029124747978,,"(128, 128)",float32,0.024568811058998108,1.4747796058654785,0.6550955674954366,0.1779700710617293,
002490.npy,"(256, 256)",float32,0.0,1.0,0.6823889180214735,0.13785187957154715,,"(128, 128)",float32,0.00925666093826294,1.3556780815124512,0.6826118204475051,0.17426489714776222,
002491.npy,"(256, 256)",float32,0.0,1.0,0.6175349672318902,0.14467097290706982,,"(128, 128)",float32,-0.003920710179954767,1.3225873708724976,0.6172556169734946,0.17785537382250555,
002492.npy,"(256, 256)",float32,0.0,1.0,0.3238928135770607,0.19216061778374213,,"(128, 128)",float32,-0.006459226366132498,1.3126540184020996,0.32381694266140926,0.20131187675436435,
002493.npy,"(256, 256)",float32,0.0,1.0,0.5815873966590885,0.18973722437805313,,"(128, 128)",float32,-0.03316093981266022,1.4131603240966797,0.5803864303186401,0.20723742385530217,
002494.npy,"(256, 256)",float32,0.0,1.0,0.582799621111576,0.18978604523631468,,"(128, 128)",float32,0.0021417802199721336,1.4454749822616577,0.5833197724344927,0.22349639522104525,
002495.npy,"(256, 256)",float32,0.0,1.0,0.5837664530471613,0.19021587333641418,,"(128, 128)",float32,0.0001474481396144256,1.586093783378601,0.5837089729676128,0.2216431479568427,
002496.npy,"(256, 256)",float32,0.0,1.0,0.4665481236131779,0.2631241425975004,,"(128, 128)",float32,-0.046477001160383224,1.4810595512390137,0.46658748012842377,0.2796624101426311,
002497.npy,"(256, 256)",float32,0.0,1.0,0.49632603016470256,0.2144676166466733,,"(128, 128)",float32,0.003472869284451008,1.6183046102523804,0.49733833176205167,0.23741538264947598,
002498.npy,"(256, 256)",float32,0.0,1.0,0.4948752386644526,0.21024547512755073,,"(128, 128)",float32,-0.005941830575466156,1.6221554279327393,0.4942784517526455,0.23354683003316998,
002499.npy,"(256, 256)",float32,0.0,1.0,0.49615151037784955,0.21666338070073748,,"(128, 128)",float32,0.0085942717269063,1.5268956422805786,0.4967387053933976,0.23497083080802408,
002500.npy,"(256, 256)",float32,0.0,1.0,0.21748980706576643,0.22522551924344128,,"(128, 128)",float32,-0.0034116157330572605,1.8950695991516113,0.21827246062314032,0.23444492534061961,
002501.npy,"(256, 256)",float32,0.0,1.0,0.3659016881041275,0.10022686366378011,,"(128, 128)",float32,0.03644927218556404,1.0426559448242188,0.36576474968774164,0.11322605136816984,
002502.npy,"(256, 256)",float32,0.0,1.0,0.37768384154583146,0.09289089565738115,,"(128, 128)",float32,0.0348350815474987,0.9396988153457642,0.3779101659611115,0.10911374238333924,
002503.npy,"(256, 256)",float32,0.0,1.0,0.37590072184877954,0.09273385428727055,,"(128, 128)",float32,0.000757675850763917,1.1102221012115479,0.37531124386693193,0.10906541812918143,
002504.npy,"(256, 256)",float32,0.0,1.0,0.5093313499600711,0.22422152646912286,,"(128, 128)",float32,0.00194020033814013,1.561811089515686,0.5102271561945173,0.24381841217757966,
002505.npy,"(256, 256)",float32,0.0,1.0,0.4083866576024686,0.4092859388293171,,"(128, 128)",float32,-0.00869135744869709,1.6279323101043701,0.40985596338036157,0.42262502246027184,
002506.npy,"(256, 256)",float32,0.0,1.0,0.40776832251463135,0.4090742221537257,,"(128, 128)",float32,-0.001724857371300459,1.8219093084335327,0.4076760708437446,0.42393491239417974,
002507.npy,"(256, 256)",float32,0.0,1.0,0.43858448356428426,0.40243531045063435,,"(128, 128)",float32,-0.009943719953298569,1.466251254081726,0.4385065056340238,0.4115863236046427,
002508.npy,"(256, 256)",float32,0.0,1.0,0.37566166763292586,0.2811748529016788,,"(128, 128)",float32,0.01134655624628067,1.611256718635559,0.37652375913802416,0.2933520366891767,
002509.npy,"(256, 256)",float32,0.0,1.0,0.7514108951997613,0.18562280707445136,,"(128, 128)",float32,0.004219995811581612,1.609296441078186,0.751263346975179,0.22462904417989163,
002510.npy,"(256, 256)",float32,0.0,1.0,0.706909193119202,0.19834524584877403,,"(128, 128)",float32,0.006842297036200762,1.9090873003005981,0.7065501031023871,0.2348021637411691,
002511.npy,"(256, 256)",float32,0.0,1.0,0.7512264550495829,0.18568353717038416,,"(128, 128)",float32,0.015790017321705818,1.8459572792053223,0.7514499665877565,0.23645167526306293,
002512.npy,"(256, 256)",float32,0.0,1.0,0.31738126918141274,0.22498694233487435,,"(128, 128)",float32,-0.062392741441726685,1.2785005569458008,0.31743041647480047,0.23356908264590065,
002513.npy,"(256, 256)",float32,0.0,1.0,0.13088776800542118,0.16589240855389614,,"(128, 128)",float32,-0.023519139736890793,1.3025388717651367,0.13091344606894495,0.16869157071440483,
002514.npy,"(256, 256)",float32,0.0,1.0,0.14602544819673816,0.1692882892686832,,"(128, 128)",float32,-0.04556433483958244,1.23179292678833,0.14585668631331394,0.1726592518213875,
002515.npy,"(256, 256)",float32,0.0,1.0,0.13496044402366603,0.16653543459069678,,"(128, 128)",float32,-0.0351581946015358,1.153083086013794,0.13499710280884175,0.16971165557731638,
002516.npy,"(256, 256)",float32,0.0,1.0,0.5807196905772436,0.10756944244096979,,"(128, 128)",float32,0.0033939185086637735,1.217146873474121,0.5802235522549921,0.13869153957515096,
002517.npy,"(256, 256)",float32,0.0,1.0,0.5084956974422994,0.1514398238064086,,"(128, 128)",float32,0.0020344327203929424,1.3284772634506226,0.5074729725333498,0.1667319933430422,
002518.npy,"(256, 256)",float32,0.0,1.0,0.5531498713539804,0.14746433809626874,,"(128, 128)",float32,0.06829294562339783,1.5032328367233276,0.5520764891434737,0.17854483091561885,
002519.npy,"(256, 256)",float32,0.0,1.0,0.47252120065483183,0.1522675076955259,,"(128, 128)",float32,-0.02510710619390011,1.3535056114196777,0.472333951104531,0.17259079138918815,
002520.npy,"(256, 256)",float32,0.0,1.0,0.22706509745707493,0.17080170342294934,,"(128, 128)",float32,-0.021011903882026672,1.3265297412872314,0.22687332638640534,0.1763353927646374,
002521.npy,"(256, 256)",float32,0.0,1.0,0.47385267349434734,0.23885083176008862,,"(128, 128)",float32,-0.004700223449617624,1.4073222875595093,0.4725620958058414,0.24978694826246878,
002522.npy,"(256, 256)",float32,0.0,1.0,0.37357522761050477,0.1952587933425528,,"(128, 128)",float32,3.1416831916430965e-05,1.279545783996582,0.3741725343086737,0.21117797968055974,
002523.npy,"(256, 256)",float32,0.0,1.0,0.49261470783230266,0.23268161263131215,,"(128, 128)",float32,0.026119928807020187,1.426377296447754,0.49380467447417686,0.24985833006032712,
002524.npy,"(256, 256)",float32,0.0,1.0,0.4613882444094557,0.20594918559505654,,"(128, 128)",float32,-0.004578059073537588,1.427729606628418,0.4619607638432228,0.2172289326728079,
002525.npy,"(256, 256)",float32,0.0,1.0,0.6186778401918183,0.2334586983510315,,"(128, 128)",float32,-0.0061922697350382805,1.469478726387024,0.6186756566976701,0.2526664793788583,
002526.npy,"(256, 256)",float32,0.0,1.0,0.619572373389289,0.2327674018058855,,"(128, 128)",float32,-0.0039503369480371475,1.623094916343689,0.6188786879223898,0.26449426852901053,
002527.npy,"(256, 256)",float32,0.0,1.0,0.6183668100571582,0.23348151793643712,,"(128, 128)",float32,-0.014818760566413403,1.6622538566589355,0.6198939143947797,0.26043807373223243,
002528.npy,"(256, 256)",float32,0.0,1.0,0.3516050474169212,0.26635438146465196,,"(128, 128)",float32,-0.0027248163241893053,1.3616936206817627,0.3520894068789744,0.2745135335852651,
002529.npy,"(256, 256)",float32,0.0,1.0,0.47699705023452665,0.3393260711779309,,"(128, 128)",float32,-0.004329397808760405,1.543293833732605,0.4761839284628735,0.34933028286326745,
002530.npy,"(256, 256)",float32,0.0,1.0,0.3611722885773254,0.32999831690594195,,"(128, 128)",float32,-0.01479344628751278,1.5142631530761719,0.3617435834334799,0.3379543262835998,
002531.npy,"(256, 256)",float32,0.0,1.0,0.3806264627134919,0.3348505303715331,,"(128, 128)",float32,-0.012197605334222317,1.4621442556381226,0.38106434301706216,0.34364220998099276,
002532.npy,"(256, 256)",float32,0.0,1.0,0.3689364986891994,0.2059156983414756,,"(128, 128)",float32,-0.012676084414124489,1.3458082675933838,0.3695707603388314,0.22013023409692717,
002533.npy,"(256, 256)",float32,0.0,1.0,0.4789064355181587,0.14574218826194368,,"(128, 128)",float32,-0.007047832012176514,1.0493552684783936,0.4787562922359143,0.15611468275971127,
002534.npy,"(256, 256)",float32,0.0,1.0,0.4793843045067684,0.14567192935821024,,"(128, 128)",float32,-0.07296507805585861,1.2404696941375732,0.4801505784671569,0.16196038111451816,
002535.npy,"(256, 256)",float32,0.0,1.0,0.4805641776857863,0.1463261379207329,,"(128, 128)",float32,-0.10239968448877335,1.216187834739685,0.4815603596187188,0.16306829524532818,
002536.npy,"(256, 256)",float32,0.0,1.0,0.5808293944984086,0.21724560756100564,,"(128, 128)",float32,-0.026928476989269257,1.619593620300293,0.5803966704988284,0.24450141591799368,
002537.npy,"(256, 256)",float32,0.0,1.0,0.5005381665451513,0.2892255937845516,,"(128, 128)",float32,-0.2021162211894989,1.5821418762207031,0.49981939260269215,0.2743953414190082,
002538.npy,"(256, 256)",float32,0.0,1.0,0.3653487712408605,0.07389718660367137,,"(128, 128)",float32,0.06559790670871735,0.7627707123756409,0.36465338566813443,0.08596829290073935,
002539.npy,"(256, 256)",float32,0.0,1.0,0.5022392154466102,0.2887877249277052,,"(128, 128)",float32,-0.27692660689353943,1.4547820091247559,0.5039309265102356,0.2646051164159911,
002540.npy,"(256, 256)",float32,0.0,1.0,0.36867583547843186,0.23941318399240277,,"(128, 128)",float32,-0.016812557354569435,1.5174872875213623,0.3696072240090085,0.24828985362679165,
002541.npy,"(256, 256)",float32,0.0,1.0,0.25912954188391524,0.2546382597313734,,"(128, 128)",float32,-0.012379688210785389,1.2264180183410645,0.2586648655663738,0.26064921292776827,
002542.npy,"(256, 256)",float32,0.0,1.0,0.2555232745417584,0.25336629295298446,,"(128, 128)",float32,-0.01220972090959549,1.4048250913619995,0.25531022609250265,0.262465194733792,
002543.npy,"(256, 256)",float32,0.0,1.0,0.25413425541816537,0.25383618842376593,,"(128, 128)",float32,-0.009032159112393856,1.2236213684082031,0.25382216152904746,0.25894741337712407,
002544.npy,"(256, 256)",float32,0.0,1.0,0.4266354816913278,0.24602818597349543,,"(128, 128)",float32,-0.003207781119272113,1.339118242263794,0.4273880178300402,0.2629213299939659,
002545.npy,"(256, 256)",float32,0.0,1.0,0.6087878400677287,0.1194037416349237,,"(128, 128)",float32,0.016237393021583557,1.2957724332809448,0.6077361388320242,0.15657243464705267,
002546.npy,"(256, 256)",float32,0.0,1.0,0.5270545228178598,0.1102489926730942,,"(128, 128)",float32,0.01374791469424963,1.1130284070968628,0.5255730564414876,0.13626910829162123,
002547.npy,"(256, 256)",float32,0.0,1.0,0.629491327642171,0.0960893084450406,,"(128, 128)",float32,0.029627671465277672,1.5832443237304688,0.6288461912523644,0.1540115698452814,
002548.npy,"(256, 256)",float32,0.0,1.0,0.45827106968916775,0.2651801693571677,,"(128, 128)",float32,-0.02280345745384693,1.432971477508545,0.457242308067892,0.2812570128212107,
002549.npy,"(256, 256)",float32,0.0,1.0,0.13938943146606309,0.1540869014195279,,"(128, 128)",float32,-0.031260304152965546,1.2092267274856567,0.14005185395851247,0.15898887793550834,
002550.npy,"(256, 256)",float32,0.0,1.0,0.1495944262023744,0.16944699069987323,,"(128, 128)",float32,-0.049663249403238297,1.221158742904663,0.15082128687924146,0.17440900825859323,
002551.npy,"(256, 256)",float32,0.0,1.0,0.1593793619047313,0.17378104412358905,,"(128, 128)",float32,-0.029980061575770378,1.3218189477920532,0.15974413429672285,0.17827718516490668,
002552.npy,"(256, 256)",float32,0.0,1.0,0.2891138983451462,0.17916093998433313,,"(128, 128)",float32,0.0004893032019026577,1.4526972770690918,0.28838596353780943,0.18953765425355987,
002553.npy,"(256, 256)",float32,0.0,1.0,0.32824739368873423,0.251341654703855,,"(128, 128)",float32,-0.005588352680206299,1.4471795558929443,0.328209509863882,0.2616464257369268,
002554.npy,"(256, 256)",float32,0.0,1.0,0.3165887442004909,0.2336779468657148,,"(128, 128)",float32,-0.0027800174430012703,1.2650827169418335,0.31581212225553656,0.2394779805242492,
002555.npy,"(256, 256)",float32,0.0,1.0,0.34805563700484754,0.25522627641834766,,"(128, 128)",float32,0.007386281155049801,1.2355023622512817,0.3478026552483584,0.2642046493099963,
002556.npy,"(256, 256)",float32,0.0,1.0,0.32293420875295986,0.1591342057068876,,"(128, 128)",float32,-0.00692959688603878,1.2074543237686157,0.3227000469909065,0.16736076268126215,
002557.npy,"(256, 256)",float32,0.0,1.0,0.28597635336314375,0.14028212963082898,,"(128, 128)",float32,0.006240736227482557,1.3128390312194824,0.28605498955576536,0.15263039807243556,
002558.npy,"(256, 256)",float32,0.0,1.0,0.2866259441016723,0.13777493836045132,,"(128, 128)",float32,0.00453572254627943,1.0676772594451904,0.28737711614758155,0.1461244210316194,
002559.npy,"(256, 256)",float32,0.0,1.0,0.276405768954362,0.1435093292441166,,"(128, 128)",float32,0.0006277250358834863,1.004788875579834,0.27656414277458197,0.15109901063414288,
002560.npy,"(256, 256)",float32,0.0,1.0,0.4922774338391669,0.2849218455688316,,"(128, 128)",float32,0.005241553299129009,1.5336297750473022,0.4912893539396066,0.3011504338907357,
002561.npy,"(256, 256)",float32,0.0,1.0,0.40196985376896666,0.23090695081338716,,"(128, 128)",float32,-0.01201026700437069,1.5004712343215942,0.40179449873202344,0.24159422732213265,
002562.npy,"(256, 256)",float32,0.0,1.0,0.3769756331772125,0.23727279846171517,,"(128, 128)",float32,-0.012201739475131035,1.5034993886947632,0.37686573907316445,0.2477333432299208,
002563.npy,"(256, 256)",float32,0.0,1.0,0.4018082320669585,0.2300140898217342,,"(128, 128)",float32,0.0006181810167618096,1.5517699718475342,0.4008287360959919,0.24048025784802846,
002564.npy,"(256, 256)",float32,0.0,1.0,0.39524063502780393,0.07648713008075013,,"(128, 128)",float32,0.05393239110708237,1.122215986251831,0.3957763643738872,0.10870195385226249,
002565.npy,"(256, 256)",float32,0.0,1.0,0.5327874176832665,0.0877999568909015,,"(128, 128)",float32,-0.029208101332187653,1.225454568862915,0.5330850356681367,0.12418564775239053,
002566.npy,"(256, 256)",float32,0.0,1.0,0.521257589755848,0.08939395558299339,,"(128, 128)",float32,-0.01416150201112032,1.1067309379577637,0.5204181336854958,0.1155495624258232,
002567.npy,"(256, 256)",float32,0.0,1.0,0.4813524771005433,0.07343087047021579,,"(128, 128)",float32,-1.9004715795745142e-05,0.9982162714004517,0.48207811909661824,0.10750334760032292,
002568.npy,"(256, 256)",float32,0.0,1.0,0.39377089260554066,0.18819802207894892,,"(128, 128)",float32,-0.008903997018933296,1.1611896753311157,0.39446263713435936,0.19829051233932868,
002569.npy,"(256, 256)",float32,0.0,1.0,0.26748211258163224,0.07215029020752269,,"(128, 128)",float32,0.0014215974370017648,1.1607413291931152,0.26758606418687947,0.08226469987263729,
002570.npy,"(256, 256)",float32,0.0,1.0,0.4685923879938656,0.1607312331021631,,"(128, 128)",float32,0.02193574048578739,1.435641884803772,0.4698064906269792,0.18660285233976884,
002571.npy,"(256, 256)",float32,0.0,1.0,0.4628410933580951,0.16147790915560076,,"(128, 128)",float32,0.028004921972751617,1.452190637588501,0.4629809247078356,0.17780372123696656,
002572.npy,"(256, 256)",float32,0.0,1.0,0.49193285433959244,0.33538020355064685,,"(128, 128)",float32,-0.00782169308513403,1.470770001411438,0.49101136937320256,0.3456896110246359,
002573.npy,"(256, 256)",float32,0.0,1.0,0.6202711375375793,0.10961946226927317,,"(128, 128)",float32,0.00990232266485691,1.4612390995025635,0.6210656101383734,0.16210221195111735,
002574.npy,"(256, 256)",float32,0.0,1.0,0.625100731909658,0.12088220121053489,,"(128, 128)",float32,0.00046098287566564977,1.3710365295410156,0.6245671164503843,0.1533908407259879,
002575.npy,"(256, 256)",float32,0.0,1.0,0.6142585724366434,0.1136639075145342,,"(128, 128)",float32,-0.00554659403860569,1.4197521209716797,0.6144386732664486,0.1573041599015855,
002576.npy,"(256, 256)",float32,0.0,1.0,0.5551567368902894,0.15625701438586176,,"(128, 128)",float32,0.020424621179699898,1.5394587516784668,0.5556224982815365,0.18139070012004824,
002577.npy,"(256, 256)",float32,0.0,1.0,0.7279800256217044,0.20410505973607262,,"(128, 128)",float32,-0.006161028053611517,1.5783556699752808,0.728111625327557,0.23779627022609548,
002578.npy,"(256, 256)",float32,0.0,1.0,0.6288740662682244,0.2173571861460374,,"(128, 128)",float32,0.01062577124685049,1.5220506191253662,0.6288354149109523,0.2391135244638021,
002579.npy,"(256, 256)",float32,0.0,1.0,0.6108469132659167,0.2367998893727086,,"(128, 128)",float32,0.02018566057085991,1.435729742050171,0.6112907251558681,0.26488989223058385,
002580.npy,"(256, 256)",float32,0.0,1.0,0.6233481881133258,0.15515322403718956,,"(128, 128)",float32,0.045372240245342255,1.3967325687408447,0.623919497071256,0.17941016008783253,
002581.npy,"(256, 256)",float32,0.0,1.0,0.4207534760230516,0.12085709942916498,,"(128, 128)",float32,-0.006991998292505741,1.0519870519638062,0.4207272421990069,0.13978029500319017,
002582.npy,"(256, 256)",float32,0.0,1.0,0.5019733238368005,0.13501666767852608,,"(128, 128)",float32,0.00994593184441328,1.2136350870132446,0.5021439304496198,0.15787463956030637,
002583.npy,"(256, 256)",float32,0.0,1.0,0.45584400265708,0.1332830540549105,,"(128, 128)",float32,-0.0032662039157003164,1.2527521848678589,0.4551516776012221,0.15399272363759325,
002584.npy,"(256, 256)",float32,0.0,1.0,0.25641336546152615,0.2247966772755514,,"(128, 128)",float32,-0.03477567061781883,1.3673720359802246,0.2577807819435094,0.23133343459620795,
002585.npy,"(256, 256)",float32,0.0,1.0,0.1219754375324662,0.1526703610814905,,"(128, 128)",float32,-0.002157120034098625,1.4142718315124512,0.12293452720246023,0.15727015750739937,
002586.npy,"(256, 256)",float32,0.0,1.0,0.12116913872015544,0.14761315807262215,,"(128, 128)",float32,-0.02389882691204548,1.3232383728027344,0.12160076738713954,0.15069310601942193,
002587.npy,"(256, 256)",float32,0.0,1.0,0.1303194746723073,0.16474889846571578,,"(128, 128)",float32,-0.021563619375228882,1.3545911312103271,0.1301666728601577,0.16704624745852759,
002588.npy,"(256, 256)",float32,0.0,1.0,0.3527571524024147,0.2479089808727989,,"(128, 128)",float32,-0.008659115992486477,1.4048210382461548,0.35284677091819105,0.2583679727853614,
002589.npy,"(256, 256)",float32,0.0,1.0,0.2534668649575096,0.24493902802756193,,"(128, 128)",float32,-0.004667617380619049,1.5084114074707031,0.2529749898535698,0.2529742227264403,
002590.npy,"(256, 256)",float32,0.0,1.0,0.21833710248059113,0.23254704935232634,,"(128, 128)",float32,-0.012667707167565823,1.2866519689559937,0.21833520289851172,0.2381569298685406,
002591.npy,"(256, 256)",float32,0.0,1.0,0.30584107613716216,0.25074226718367876,,"(128, 128)",float32,-0.009063086472451687,1.3511755466461182,0.3056808932195929,0.2598502310896911,
002592.npy,"(256, 256)",float32,0.0,1.0,0.3334915958887592,0.20646998464282248,,"(128, 128)",float32,-0.010720807127654552,1.5304921865463257,0.3329683951536708,0.21621536206760586,
002593.npy,"(256, 256)",float32,0.0,1.0,0.6788715322625194,0.1785550056997997,,"(128, 128)",float32,0.008897161111235619,1.5333486795425415,0.6766684024426013,0.21200948544111198,
002594.npy,"(256, 256)",float32,0.0,1.0,0.4249694919304581,0.13443720800648123,,"(128, 128)",float32,-0.00750696798786521,1.423385500907898,0.4253719101719451,0.15985512137583155,
002595.npy,"(256, 256)",float32,0.0,1.0,0.40964905142256924,0.14557210768682838,,"(128, 128)",float32,0.005076129455119371,1.4398566484451294,0.4095438397506541,0.16132392357310513,
002596.npy,"(256, 256)",float32,0.0,1.0,0.08545009090734723,0.14094826786888348,,"(128, 128)",float32,-0.007622200064361095,1.4034380912780762,0.08602050824728114,0.14525756627366496,
002597.npy,"(256, 256)",float32,0.0,1.0,0.30203817979660386,0.2161657601354525,,"(128, 128)",float32,-0.004504385404288769,1.3400259017944336,0.3021111527719498,0.22310629457983533,
002598.npy,"(256, 256)",float32,0.0,1.0,0.2962535133605162,0.21671006532827636,,"(128, 128)",float32,-0.0025134372990578413,1.2299082279205322,0.295533422150001,0.22265898450934593,
002599.npy,"(256, 256)",float32,0.0,1.0,0.30133974745383174,0.21927900786792145,,"(128, 128)",float32,-0.02039046585559845,1.2068604230880737,0.30071741128070073,0.2254491527262716,
002600.npy,"(256, 256)",float32,0.0,1.0,0.47882501110395026,0.2447247582472629,,"(128, 128)",float32,0.01678498461842537,1.5264276266098022,0.477932495550931,0.2576300658580481,
002601.npy,"(256, 256)",float32,0.0,1.0,0.1918136381399823,0.15342745259449372,,"(128, 128)",float32,-0.010386799462139606,1.0936497449874878,0.19239721570340862,0.15851113820578122,
002602.npy,"(256, 256)",float32,0.0,1.0,0.20612197061748638,0.16191574450928334,,"(128, 128)",float32,-0.0002319176128366962,1.1032546758651733,0.20598726279677404,0.16603784580349,
002603.npy,"(256, 256)",float32,0.0,1.0,0.18436153698043856,0.15256372944913513,,"(128, 128)",float32,-0.011197389103472233,1.3843415975570679,0.18496836415535256,0.1601491567931465,
002604.npy,"(256, 256)",float32,0.0,1.0,0.7076130410648602,0.1757149969220306,,"(128, 128)",float32,0.02219216153025627,1.4879863262176514,0.7080866769692875,0.20719728709262902,
002605.npy,"(256, 256)",float32,0.0,1.0,0.5573436503593427,0.16740187602580597,,"(128, 128)",float32,0.061916954815387726,1.3432093858718872,0.5570853671488294,0.18458192885378694,
002606.npy,"(256, 256)",float32,0.0,1.0,0.6781288366586296,0.12887423664227757,,"(128, 128)",float32,0.011689765378832817,1.4282490015029907,0.6779721781042554,0.1638890339803684,
002607.npy,"(256, 256)",float32,0.0,1.0,0.5703509225895971,0.1698347102860861,,"(128, 128)",float32,0.037207845598459244,1.3919426202774048,0.5703202352465269,0.18828872289310658,
002608.npy,"(256, 256)",float32,0.0,1.0,0.9085607362250503,0.10558705553611439,,"(128, 128)",float32,0.0012410684721544385,1.6400357484817505,0.9076848314815251,0.1895002808942046,
002609.npy,"(256, 256)",float32,0.0,1.0,0.1764766953900896,0.1240378020984506,,"(128, 128)",float32,-0.012269421480596066,0.9865956902503967,0.1759522696581186,0.1278961567447643,
002610.npy,"(256, 256)",float32,0.0,1.0,0.1801261589951153,0.13385588452614577,,"(128, 128)",float32,-0.0015059317229315639,1.1189461946487427,0.1794607180941199,0.13989272756565152,
002611.npy,"(256, 256)",float32,0.0,1.0,0.19378686850162197,0.1368689109326971,,"(128, 128)",float32,-0.0026578169781714678,1.2335267066955566,0.1941596757348094,0.1424119797612797,
002612.npy,"(256, 256)",float32,0.0,1.0,0.6097420822836774,0.27581625853198893,,"(128, 128)",float32,0.004361776635050774,1.5182685852050781,0.6096266641282,0.2971233713023433,
002613.npy,"(256, 256)",float32,0.0,1.0,0.6401499732912259,0.313483424981994,,"(128, 128)",float32,-0.002060503698885441,1.8566004037857056,0.6391116869512956,0.33970976044922685,
002614.npy,"(256, 256)",float32,0.0,1.0,0.5656636740329052,0.32961194658791604,,"(128, 128)",float32,-0.007680663838982582,1.4672818183898926,0.5662310080081783,0.34378908752567805,
002615.npy,"(256, 256)",float32,0.0,1.0,0.5809079021402035,0.32889509771407427,,"(128, 128)",float32,-0.004612875171005726,1.5555092096328735,0.5819099430544501,0.3429081968349197,
002616.npy,"(256, 256)",float32,0.0,1.0,0.6085178481212479,0.16594643849178808,,"(128, 128)",float32,-0.012653036043047905,1.598757266998291,0.6100095598275175,0.19580655630698804,
002617.npy,"(256, 256)",float32,0.0,1.0,0.2676481348246096,0.2851175558395234,,"(128, 128)",float32,-0.02147183194756508,1.431672215461731,0.2689244825940227,0.2935148213783811,
002618.npy,"(256, 256)",float32,0.0,1.0,0.2588012553320489,0.29865867287811204,,"(128, 128)",float32,-0.005108150187879801,1.3862136602401733,0.2599569021462429,0.3075757541388024,
002619.npy,"(256, 256)",float32,0.0,1.0,0.26171355850213773,0.2837951062414873,,"(128, 128)",float32,0.0004292805097065866,1.3750255107879639,0.2623567872305834,0.29208637250616126,
002620.npy,"(256, 256)",float32,0.0,1.0,0.5219595588993968,0.1545572248229522,,"(128, 128)",float32,0.016023706644773483,1.4425996541976929,0.5226782042735749,0.18578815843887234,
002621.npy,"(256, 256)",float32,0.0,1.0,0.3847420092996501,0.1655590586741141,,"(128, 128)",float32,0.003086595330387354,1.4187058210372925,0.38400161593726523,0.17547229191298933,
002622.npy,"(256, 256)",float32,0.0,1.0,0.40432661342349263,0.15770733117029684,,"(128, 128)",float32,0.0007616127841174603,1.5002269744873047,0.4038667733078398,0.1726687886484882,
002623.npy,"(256, 256)",float32,0.0,1.0,0.42938446999608004,0.13904132290104496,,"(128, 128)",float32,-0.00027117168065160513,1.532312273979187,0.4285046379285333,0.15738555114798652,
002624.npy,"(256, 256)",float32,0.0,1.0,0.5062470361720548,0.15172950322337855,,"(128, 128)",float32,-0.0029510273598134518,1.485543131828308,0.5063333070761864,0.1818139997301559,
002625.npy,"(256, 256)",float32,0.0,1.0,0.6198716707664005,0.13469602668499056,,"(128, 128)",float32,0.040609102696180344,1.4814739227294922,0.6215669870020974,0.18221750258807992,
002626.npy,"(256, 256)",float32,0.0,1.0,0.6112819357636274,0.12071753179296221,,"(128, 128)",float32,0.02968636155128479,1.4499541521072388,0.6114195240511435,0.1545670653981627,
002627.npy,"(256, 256)",float32,0.0,1.0,0.6195872187819589,0.1344131118248685,,"(128, 128)",float32,0.05244884639978409,1.3721078634262085,0.619770079547834,0.17445745583140967,
002628.npy,"(256, 256)",float32,0.0,1.0,0.2963179923444583,0.25568895666469005,,"(128, 128)",float32,-0.008177846670150757,1.4064329862594604,0.29518708376529146,0.2620071663660652,
002629.npy,"(256, 256)",float32,0.0,1.0,0.18398571344746723,0.22375781863396912,,"(128, 128)",float32,-0.028347333893179893,1.3917169570922852,0.18380622366881078,0.2286622332655979,
002630.npy,"(256, 256)",float32,0.0,1.0,0.15779307321797326,0.20294355778782916,,"(128, 128)",float32,-0.023199306800961494,1.1586711406707764,0.15827594170836734,0.20774558945353386,
002631.npy,"(256, 256)",float32,0.0,1.0,0.15771878857716704,0.20284501416038753,,"(128, 128)",float32,-0.02229180745780468,1.2408796548843384,0.15758496364591854,0.20681643292932175,
002632.npy,"(256, 256)",float32,0.0,1.0,0.5071237550309143,0.331874328764243,,"(128, 128)",float32,-0.026786906644701958,1.6610279083251953,0.5077475476245565,0.3450944329425205,
002633.npy,"(256, 256)",float32,0.0,1.0,0.2912206189029689,0.13465143897418178,,"(128, 128)",float32,0.008106149733066559,1.101094126701355,0.29115882697237794,0.13995338170892174,
002634.npy,"(256, 256)",float32,0.0,1.0,0.29283058981476984,0.12730762804255943,,"(128, 128)",float32,0.01202530786395073,1.3579298257827759,0.29320065560125386,0.13916296594236968,
002635.npy,"(256, 256)",float32,0.0,1.0,0.3492688186949522,0.12107245497162131,,"(128, 128)",float32,0.027051787823438644,1.1972951889038086,0.3490735161874454,0.13706405087488036,
002636.npy,"(256, 256)",float32,0.0,1.0,0.15275195780800688,0.1650238008489745,,"(128, 128)",float32,-0.04921943321824074,1.4069275856018066,0.15369111564016136,0.169339466227565,
002637.npy,"(256, 256)",float32,0.0,1.0,0.5008178648965397,0.2889811196000121,,"(128, 128)",float32,-0.24887150526046753,1.4367570877075195,0.5016724927577805,0.26581453023434404,
002638.npy,"(256, 256)",float32,0.0,1.0,0.49954513942545,0.28857011856564924,,"(128, 128)",float32,-0.2067212462425232,1.594913363456726,0.5006585855008341,0.2741199392222549,
002639.npy,"(256, 256)",float32,0.0,1.0,0.5015645971144004,0.2884980415899569,,"(128, 128)",float32,-0.1848634034395218,1.5205261707305908,0.5000613825616452,0.2700621659839564,
002640.npy,"(256, 256)",float32,0.0,1.0,0.5840498207988828,0.21912093907857125,,"(128, 128)",float32,-0.04486934840679169,1.413042664527893,0.584898369578374,0.23622286867372036,
002641.npy,"(256, 256)",float32,0.0,1.0,0.5406365829140887,0.18457557819755527,,"(128, 128)",float32,-0.08020853251218796,1.1939376592636108,0.5397471232206379,0.20176025024760452,
002642.npy,"(256, 256)",float32,0.0,1.0,0.5566369635888222,0.18258185640040717,,"(128, 128)",float32,-0.03630334883928299,1.2599766254425049,0.5563058808192061,0.19957985698903824,
002643.npy,"(256, 256)",float32,0.0,1.0,0.5412609747989705,0.18399116890329625,,"(128, 128)",float32,-0.06327369064092636,1.320710301399231,0.5421183922041095,0.20329447246620946,
002644.npy,"(256, 256)",float32,0.0,1.0,0.39834507831221,0.1485265837654915,,"(128, 128)",float32,-0.01128674577921629,1.2045915126800537,0.3973677082383622,0.15982363153772594,
002645.npy,"(256, 256)",float32,0.0,1.0,0.7167133988238632,0.12683241861057432,,"(128, 128)",float32,0.0015204153023660183,1.3526136875152588,0.7164133568017235,0.1639003878056813,
002646.npy,"(256, 256)",float32,0.0,1.0,0.7152265900357477,0.1254698980216413,,"(128, 128)",float32,-3.475042831269093e-05,1.426591396331787,0.7131104294199424,0.1625391352046155,
002647.npy,"(256, 256)",float32,0.0,1.0,0.7300819471382951,0.12862275367678805,,"(128, 128)",float32,-0.0003682126116473228,1.5231176614761353,0.7297708499930149,0.18809296622650495,
002648.npy,"(256, 256)",float32,0.0,1.0,0.4440166552744458,0.20071069773554054,,"(128, 128)",float32,0.002978792879730463,1.4814996719360352,0.44501095569845006,0.2135854403071817,
002649.npy,"(256, 256)",float32,0.0,1.0,0.4993266786984236,0.19065206171123786,,"(128, 128)",float32,0.008678342215716839,1.3222365379333496,0.49960241307536535,0.20877710170430377,
002650.npy,"(256, 256)",float32,0.0,1.0,0.5047298667101359,0.18784065883599707,,"(128, 128)",float32,0.015022083185613155,1.4822287559509277,0.5049277652051956,0.2127810159268292,
002651.npy,"(256, 256)",float32,0.0,1.0,0.5175818817285531,0.18415290781858784,,"(128, 128)",float32,0.018594129011034966,1.3819230794906616,0.517176166759441,0.20844276742294282,
002652.npy,"(256, 256)",float32,0.0,1.0,0.5205240972441194,0.09156381758216621,,"(128, 128)",float32,0.012685808353126049,1.0553994178771973,0.5192023011299511,0.123222930487644,
002653.npy,"(256, 256)",float32,0.0,1.0,0.3544352347366233,0.2136516524329865,,"(128, 128)",float32,-0.02417035959661007,1.315908670425415,0.35321126580482953,0.22145802643868645,
002654.npy,"(256, 256)",float32,0.0,1.0,0.3950150826108483,0.21182785668129356,,"(128, 128)",float32,0.010734455659985542,1.2223526239395142,0.393590510676745,0.21906438412486384,
002655.npy,"(256, 256)",float32,0.0,1.0,0.3544875207119198,0.21395478153550365,,"(128, 128)",float32,-0.01673886924982071,1.4107519388198853,0.35328032820718036,0.22577287200556512,
002656.npy,"(256, 256)",float32,0.0,1.0,0.6601345832226418,0.18604472338110184,,"(128, 128)",float32,-0.003745784517377615,1.3736932277679443,0.6585120358757592,0.21443436501768112,
002657.npy,"(256, 256)",float32,0.0,1.0,0.22621210896354427,0.10108447367019795,,"(128, 128)",float32,0.0019676946103572845,1.13912034034729,0.22602099453052915,0.10848055721214667,
002658.npy,"(256, 256)",float32,0.0,1.0,0.2504350208153028,0.09822657803747076,,"(128, 128)",float32,-0.0031267432495951653,1.121113896369934,0.25012282646167705,0.11018538318718053,
002659.npy,"(256, 256)",float32,0.0,1.0,0.2277301332258368,0.1015055392622258,,"(128, 128)",float32,-0.009454221464693546,1.1281863451004028,0.22772719157259758,0.10677977833696914,
002660.npy,"(256, 256)",float32,0.0,1.0,0.5316268077157957,0.207982916701097,,"(128, 128)",float32,-0.008031589910387993,1.589814305305481,0.5323106259837687,0.23196451685261038,
002661.npy,"(256, 256)",float32,0.0,1.0,0.3972400531546114,0.13655045896948845,,"(128, 128)",float32,-0.0003444333851803094,1.189651370048523,0.3968059883817201,0.1517718529551612,
002662.npy,"(256, 256)",float32,0.0,1.0,0.3917798727005959,0.1316054065750009,,"(128, 128)",float32,0.0048805223777890205,1.2388017177581787,0.3919484593859579,0.1478203708208498,
002663.npy,"(256, 256)",float32,0.0,1.0,0.3983317962969011,0.1364961312497773,,"(128, 128)",float32,-0.01269443891942501,1.1615564823150635,0.3979666047093673,0.15162000113314977,
002664.npy,"(256, 256)",float32,0.0,1.0,0.4192362625320446,0.30429868347232125,,"(128, 128)",float32,-0.034186773002147675,1.4272024631500244,0.420985679184285,0.314510163548915,
002665.npy,"(256, 256)",float32,0.0,1.0,0.3948124225074636,0.15504249930176725,,"(128, 128)",float32,-0.0037491600960493088,1.3830945491790771,0.3945724408038984,0.16859179250440048,
002666.npy,"(256, 256)",float32,0.0,1.0,0.40168807644583904,0.1361239452406817,,"(128, 128)",float32,-0.004612903110682964,1.4555821418762207,0.401353785072196,0.15254842671978408,
002667.npy,"(256, 256)",float32,0.0,1.0,0.3866551446845482,0.15231376858463175,,"(128, 128)",float32,0.003867008723318577,1.4263194799423218,0.38601928122690765,0.17110728146545848,
002668.npy,"(256, 256)",float32,0.0,1.0,0.5347590299824978,0.2283096077421736,,"(128, 128)",float32,-0.0575176402926445,1.5153417587280273,0.5366975973878918,0.24807630835296882,
002669.npy,"(256, 256)",float32,0.0,1.0,0.6759440173415702,0.26089465097470194,,"(128, 128)",float32,-0.050728797912597656,1.5170396566390991,0.6774245457181278,0.2894074163571887,
002670.npy,"(256, 256)",float32,0.0,1.0,0.6862946982533332,0.27606883469081667,,"(128, 128)",float32,-0.03915412724018097,1.6917980909347534,0.6868522470356291,0.30976769611898364,
002671.npy,"(256, 256)",float32,0.0,1.0,0.6754386401677046,0.2602423234454535,,"(128, 128)",float32,-0.03796153515577316,1.4418429136276245,0.6749498164269111,0.2808101822338742,
002672.npy,"(256, 256)",float32,0.0,1.0,0.4342332581785395,0.23852699649652376,,"(128, 128)",float32,0.008818515576422215,1.406090497970581,0.4348650373050873,0.24967234427785917,
002673.npy,"(256, 256)",float32,0.0,1.0,0.5489069689852748,0.14733519839996642,,"(128, 128)",float32,0.0011429045116528869,1.1597247123718262,0.5476040799241346,0.1681954623142427,
002674.npy,"(256, 256)",float32,0.0,1.0,0.5276390935217901,0.16295980729379217,,"(128, 128)",float32,0.002547220326960087,1.4842194318771362,0.5270077021296657,0.185633328567265,
002675.npy,"(256, 256)",float32,0.0,1.0,0.463512092321416,0.19000158684064644,,"(128, 128)",float32,0.004396750591695309,1.2674113512039185,0.46333765747993994,0.20231533508848493,
002676.npy,"(256, 256)",float32,0.0,1.0,0.7349366457307465,0.07967951269172487,,"(128, 128)",float32,-4.6594548621214926e-05,1.3354182243347168,0.7342702282184055,0.13145689689536544,
002677.npy,"(256, 256)",float32,0.0,1.0,0.6468054381285242,0.09223577665417604,,"(128, 128)",float32,-0.009334385395050049,1.30605149269104,0.6476041840521702,0.13861780030898743,
002678.npy,"(256, 256)",float32,0.0,1.0,0.6201815379749576,0.09395359328971992,,"(128, 128)",float32,-0.013324106112122536,1.2430795431137085,0.619872401462203,0.13400825484111625,
002679.npy,"(256, 256)",float32,0.0,1.0,0.6252073331033046,0.08995127422199584,,"(128, 128)",float32,0.042945459485054016,1.5328333377838135,0.6247868250070496,0.1396865964231113,
002680.npy,"(256, 256)",float32,0.0,1.0,0.22432839408055116,0.20667168575397904,,"(128, 128)",float32,-0.021301506087183952,1.2895002365112305,0.22397368767653614,0.21068650611996623,
002681.npy,"(256, 256)",float32,0.0,1.0,0.2745728673878176,0.2958695522967401,,"(128, 128)",float32,-0.0965309664607048,1.6459031105041504,0.2743034442232073,0.3010022893851698,
002682.npy,"(256, 256)",float32,0.0,1.0,0.228710477489944,0.2738556709605351,,"(128, 128)",float32,-0.020612848922610283,1.4394484758377075,0.2283107220041245,0.27857283682152334,
002683.npy,"(256, 256)",float32,0.0,1.0,0.27312332351605306,0.2966284440298176,,"(128, 128)",float32,-0.035251982510089874,1.4703501462936401,0.27291077904268946,0.3018037084674354,
002684.npy,"(256, 256)",float32,0.0,1.0,0.37669151802761247,0.181653351671705,,"(128, 128)",float32,-0.02722892165184021,1.2821210622787476,0.37830312923415954,0.19845148538400947,
002685.npy,"(256, 256)",float32,0.0,1.0,0.9193608662720862,0.07150170864669607,,"(128, 128)",float32,0.0686720535159111,1.6275080442428589,0.9203232274526272,0.1730051516396805,
002686.npy,"(256, 256)",float32,0.0,1.0,0.8926407103799079,0.08769842781724828,,"(128, 128)",float32,0.06870758533477783,1.5051381587982178,0.8913141097791595,0.16019524551111497,
002687.npy,"(256, 256)",float32,0.0,1.0,0.9572518707938116,0.06313567949055818,,"(128, 128)",float32,0.16646957397460938,1.7737425565719604,0.9567103633535226,0.16647596620144506,
002688.npy,"(256, 256)",float32,0.0,1.0,0.7565064875721639,0.29183734274606077,,"(128, 128)",float32,-0.047214727848768234,1.589607834815979,0.7581923093391671,0.31879037636662116,
002689.npy,"(256, 256)",float32,0.0,1.0,0.4551695359329005,0.3042829519925113,,"(128, 128)",float32,-0.034668728709220886,1.3600108623504639,0.4561924808747328,0.3154900655544271,
002690.npy,"(256, 256)",float32,0.0,1.0,0.4967636602296172,0.29184378926552923,,"(128, 128)",float32,-0.046136725693941116,1.365842342376709,0.496279698413731,0.30547841928712366,
002691.npy,"(256, 256)",float32,0.0,1.0,0.5533790631475854,0.28511165922003867,,"(128, 128)",float32,-0.04303378984332085,1.5342745780944824,0.5539711065678946,0.30322869907141126,
002692.npy,"(256, 256)",float32,0.0,1.0,0.7452855101635123,0.18533845312188504,,"(128, 128)",float32,0.012294311076402664,1.4085043668746948,0.7449579707833891,0.21938371133882534,
002693.npy,"(256, 256)",float32,0.0,1.0,0.947569782914278,0.05490124727001907,,"(128, 128)",float32,0.0009473552345298231,1.8193532228469849,0.9465442722486692,0.1728479997830015,
002694.npy,"(256, 256)",float32,0.0,1.0,0.4768465613801993,0.1474787843811754,,"(128, 128)",float32,0.01819147914648056,1.2655937671661377,0.4773140368733948,0.16153867840186967,
002695.npy,"(256, 256)",float32,0.0,1.0,0.48847174227347523,0.14372963940799421,,"(128, 128)",float32,0.013654022477567196,1.7743946313858032,0.4890401555941821,0.16260248757035123,
002696.npy,"(256, 256)",float32,0.0,1.0,0.565878456095561,0.22778418646308715,,"(128, 128)",float32,0.004918217658996582,1.84243643283844,0.5653279799159066,0.2587622574624098,
002697.npy,"(256, 256)",float32,0.0,1.0,0.44942698302629225,0.13574953329997366,,"(128, 128)",float32,0.008569207973778248,1.1980799436569214,0.44938527751781976,0.14962570587880805,
002698.npy,"(256, 256)",float32,0.0,1.0,0.4990701002768958,0.1493420744272331,,"(128, 128)",float32,-0.009359973482787609,1.4626896381378174,0.4999428656739724,0.16663627580469714,
002699.npy,"(256, 256)",float32,0.0,1.0,0.4036403025540949,0.15148155007941302,,"(128, 128)",float32,-0.011305565014481544,1.4675531387329102,0.40284084827479205,0.17033163400841925,
002700.npy,"(256, 256)",float32,0.0,1.0,0.3240030633824489,0.09621414972755449,,"(128, 128)",float32,0.014025948941707611,1.1184039115905762,0.32409263915712927,0.11008691419486683,
002701.npy,"(256, 256)",float32,0.0,1.0,0.2834080223861051,0.09544464709437145,,"(128, 128)",float32,-0.0053618610836565495,1.4435791969299316,0.28333764840689923,0.10900838609292589,
002702.npy,"(256, 256)",float32,0.0,1.0,0.26286551932253843,0.08445476696161631,,"(128, 128)",float32,0.0007650976767763495,1.3614453077316284,0.2623711200598038,0.09592228795286324,
002703.npy,"(256, 256)",float32,0.0,1.0,0.26503195927064116,0.08389865738236094,,"(128, 128)",float32,-0.007581768091768026,1.3335822820663452,0.2647614945872476,0.09550021869430687,
002704.npy,"(256, 256)",float32,0.0,1.0,0.403102466269349,0.27462532544035934,,"(128, 128)",float32,-0.04181738197803497,1.6227731704711914,0.4028129819024926,0.2812639483104717,
002705.npy,"(256, 256)",float32,0.0,1.0,0.17879888958572643,0.17520746492209563,,"(128, 128)",float32,-0.009672543033957481,1.2651400566101074,0.17853955373311692,0.17717194871812642,
002706.npy,"(256, 256)",float32,0.0,1.0,0.2044375786058269,0.19503337707997814,,"(128, 128)",float32,-0.030291493982076645,1.6404262781143188,0.2042591249232828,0.20038423897197719,
002707.npy,"(256, 256)",float32,0.0,1.0,0.17860628096039566,0.17527901801782786,,"(128, 128)",float32,-0.01174069195985794,1.3277870416641235,0.1787273703213259,0.17846007829906535,
002708.npy,"(256, 256)",float32,0.0,1.0,0.7691404497066969,0.11647006135502262,,"(128, 128)",float32,0.05922557786107063,1.613025426864624,0.7704977114055964,0.19267189782474156,
002709.npy,"(256, 256)",float32,0.0,1.0,0.6650315757666476,0.13952334417206608,,"(128, 128)",float32,0.04813073202967644,1.4895647764205933,0.6648833763235871,0.17076759465565808,
002710.npy,"(256, 256)",float32,0.0,1.0,0.6966041563008112,0.13519182295091253,,"(128, 128)",float32,0.086031973361969,1.718610405921936,0.6971120898106165,0.1760884183698274,
002711.npy,"(256, 256)",float32,0.0,1.0,0.6656750999380279,0.13891560253300383,,"(128, 128)",float32,0.1080726757645607,1.8015893697738647,0.6649359487105357,0.18667475121895824,
002712.npy,"(256, 256)",float32,0.0,1.0,0.29129211241253117,0.15221064350261362,,"(128, 128)",float32,0.004070209804922342,1.0549908876419067,0.29119947944539604,0.15905489341697465,
002713.npy,"(256, 256)",float32,0.0,1.0,0.49411739570246027,0.11966401662921881,,"(128, 128)",float32,0.09055858850479126,1.210853934288025,0.4945857370385056,0.1399013605205956,
002714.npy,"(256, 256)",float32,0.0,1.0,0.46469368951348855,0.11779547294934034,,"(128, 128)",float32,0.014615340158343315,1.104678750038147,0.46417518480529907,0.1292774276133383,
002715.npy,"(256, 256)",float32,0.0,1.0,0.4570945232106345,0.1314330157954746,,"(128, 128)",float32,-0.01746330037713051,1.1552499532699585,0.456594024368286,0.14701039112540923,
002716.npy,"(256, 256)",float32,0.0,1.0,0.38007475350659714,0.24552901120949333,,"(128, 128)",float32,-0.052831195294857025,1.4751285314559937,0.38048159972004925,0.2533836722009087,
002717.npy,"(256, 256)",float32,0.0,1.0,0.158772568916433,0.1252187151543333,,"(128, 128)",float32,-0.009005006402730942,1.1330493688583374,0.1584565698286795,0.1274443982863155,
002718.npy,"(256, 256)",float32,0.0,1.0,0.17338908874804293,0.12687932049041997,,"(128, 128)",float32,-0.01057142112404108,1.005615234375,0.17295115214632295,0.12920350840364284,
002719.npy,"(256, 256)",float32,0.0,1.0,0.16118246882145026,0.1252024844272899,,"(128, 128)",float32,-0.002299431711435318,1.1894104480743408,0.16097938287399804,0.1297174025541325,
002720.npy,"(256, 256)",float32,0.0,1.0,0.3072363819398598,0.21257639622099198,,"(128, 128)",float32,-0.016834819689393044,1.5116245746612549,0.3072888446099036,0.22056288610780053,
002721.npy,"(256, 256)",float32,0.0,1.0,0.38737096314238073,0.23414985295783597,,"(128, 128)",float32,-0.01813456602394581,1.544971227645874,0.3890346904671409,0.2465384100381843,
002722.npy,"(256, 256)",float32,0.0,1.0,0.39571871663346947,0.23715568078419164,,"(128, 128)",float32,-0.03235691413283348,1.471535563468933,0.39661608198827025,0.2524142799988305,
002723.npy,"(256, 256)",float32,0.0,1.0,0.3861033919522079,0.22047281334955837,,"(128, 128)",float32,-0.016708776354789734,1.5655100345611572,0.3873333308099909,0.22873989668360908,
002724.npy,"(256, 256)",float32,0.0,1.0,0.4495665016472101,0.16505441434659346,,"(128, 128)",float32,-9.818156104302034e-05,1.4237864017486572,0.4497251083750684,0.18147454028947688,
002725.npy,"(256, 256)",float32,0.0,1.0,0.21640450785190168,0.12266637035612102,,"(128, 128)",float32,-0.006347521673887968,1.1314038038253784,0.21670597083260645,0.13045477491556234,
002726.npy,"(256, 256)",float32,0.0,1.0,0.1936637845851692,0.11191985092710909,,"(128, 128)",float32,-0.00213614827953279,1.07816743850708,0.19339979900456683,0.11716335737495762,
002727.npy,"(256, 256)",float32,0.0,1.0,0.19175671000416283,0.11315882170538802,,"(128, 128)",float32,-0.0010519359493628144,1.636115312576294,0.1918052866026656,0.12103981829823911,
002728.npy,"(256, 256)",float32,0.0,1.0,0.5273798543276769,0.18908949385509102,,"(128, 128)",float32,0.008253773674368858,1.3934571743011475,0.5273480313281311,0.2019375298867084,
002729.npy,"(256, 256)",float32,0.0,1.0,0.8605002179459262,0.11310007318989795,,"(128, 128)",float32,-0.0024907432962208986,1.608418583869934,0.8584377559235321,0.18633951228776538,
002730.npy,"(256, 256)",float32,0.0,1.0,0.8540870511942984,0.12754660081043329,,"(128, 128)",float32,0.005758681334555149,1.489944338798523,0.8546554162344933,0.18111950430869145,
002731.npy,"(256, 256)",float32,0.0,1.0,0.7889860014138037,0.13756484715255168,,"(128, 128)",float32,0.01946437358856201,1.4748189449310303,0.7897909035701787,0.17887643934344047,
002732.npy,"(256, 256)",float32,0.0,1.0,0.3610865516295205,0.22308840336371868,,"(128, 128)",float32,-0.0012587307719513774,1.3415218591690063,0.36168988885842523,0.23136433235458953,
002733.npy,"(256, 256)",float32,0.0,1.0,0.641956849969894,0.22475663557823464,,"(128, 128)",float32,-0.004931170959025621,1.350827693939209,0.6426925187743076,0.2510012073829347,
002734.npy,"(256, 256)",float32,0.0,1.0,0.7360096197839638,0.22835806312057985,,"(128, 128)",float32,-0.0033110762014985085,1.7170307636260986,0.7365369544184732,0.2683437152890531,
002735.npy,"(256, 256)",float32,0.0,1.0,0.6447947273061345,0.22306815768802726,,"(128, 128)",float32,-0.0019292699871584773,1.2970002889633179,0.6456734103578441,0.24311157386805798,
002736.npy,"(256, 256)",float32,0.0,1.0,0.3357487804458579,0.22173612979274152,,"(128, 128)",float32,-0.004865116439759731,1.4086390733718872,0.33607963221269443,0.22973262574002623,
002737.npy,"(256, 256)",float32,0.0,1.0,0.42492020258855057,0.19869272695127274,,"(128, 128)",float32,-0.00804678164422512,1.150155782699585,0.4248539881401925,0.21314960546864015,
002738.npy,"(256, 256)",float32,0.0,1.0,0.45852248467548584,0.22159205914394192,,"(128, 128)",float32,0.0019336785189807415,1.7192161083221436,0.4593182397401563,0.24112373793803643,
002739.npy,"(256, 256)",float32,0.0,1.0,0.44644547009090196,0.22664633322211838,,"(128, 128)",float32,-0.00358559750020504,1.4835069179534912,0.44665684192665367,0.24509562913385904,
002740.npy,"(256, 256)",float32,0.0,1.0,0.5646308501206665,0.23131208775516596,,"(128, 128)",float32,0.0005304937367327511,1.8233907222747803,0.565494794642877,0.2579592305665258,
002741.npy,"(256, 256)",float32,0.0,1.0,0.5448650464645581,0.18106219449731212,,"(128, 128)",float32,-0.004216617438942194,1.3814774751663208,0.5448257792690754,0.19670793216192883,
002742.npy,"(256, 256)",float32,0.0,1.0,0.5174300299444923,0.18284439851846898,,"(128, 128)",float32,0.019019685685634613,1.4172331094741821,0.5170970976572562,0.2030616282697886,
002743.npy,"(256, 256)",float32,0.0,1.0,0.5478308865709423,0.18071387703258732,,"(128, 128)",float32,-0.03699963912367821,1.4644116163253784,0.5487000154787154,0.20630115437752952,
002744.npy,"(256, 256)",float32,0.0,1.0,0.6809127417880911,0.2162346558976817,,"(128, 128)",float32,-0.06263255327939987,1.5828622579574585,0.6796053516789797,0.2502398892454508,
002745.npy,"(256, 256)",float32,0.0,1.0,0.30309173867085804,0.1480272687930359,,"(128, 128)",float32,0.0001685773895587772,1.2927780151367188,0.3035049153327005,0.15816382531285075,
002746.npy,"(256, 256)",float32,0.0,1.0,0.3031755213387246,0.1203203750162215,,"(128, 128)",float32,-0.01392892561852932,1.3877332210540771,0.30278783292628475,0.13493457537245085,
002747.npy,"(256, 256)",float32,0.0,1.0,0.28676973557254115,0.13334628762966674,,"(128, 128)",float32,0.007277891971170902,1.3990226984024048,0.28623336629686946,0.1446327779976172,
002748.npy,"(256, 256)",float32,0.0,1.0,0.26172820457984614,0.19760537185281205,,"(128, 128)",float32,-0.003954577259719372,1.414133906364441,0.26092120982468137,0.20638966090740038,
002749.npy,"(256, 256)",float32,0.0,1.0,0.13859611375774913,0.07745501329009692,,"(128, 128)",float32,-0.05163288861513138,0.7232111692428589,0.13833414102977004,0.07948575294170483,
002750.npy,"(256, 256)",float32,0.0,1.0,0.14140941670668794,0.0772358021363826,,"(128, 128)",float32,-0.027908751741051674,0.7892794013023376,0.14128981387489925,0.08074035079090562,
002751.npy,"(256, 256)",float32,0.0,1.0,0.1385312004198996,0.07730090084484939,,"(128, 128)",float32,-0.03242146596312523,0.7505063414573669,0.1386268159704942,0.08001027060198808,
002752.npy,"(256, 256)",float32,0.0,1.0,0.25607994541018986,0.20416260658235127,,"(128, 128)",float32,-0.015846149995923042,1.4406706094741821,0.2560287247350068,0.210269904448861,
002753.npy,"(256, 256)",float32,0.0,1.0,0.22627357391573355,0.09513237715735649,,"(128, 128)",float32,-0.002546987496316433,1.522011399269104,0.22677027013827455,0.10913327251009149,
002754.npy,"(256, 256)",float32,0.0,1.0,0.2562030696738731,0.18441155724843042,,"(128, 128)",float32,0.004739273805171251,1.4859766960144043,0.2567220736710283,0.1894849813436744,
002755.npy,"(256, 256)",float32,0.0,1.0,0.25797847888060854,0.18747274447886297,,"(128, 128)",float32,-0.0035950078163295984,1.4777518510818481,0.25912965259563236,0.19773359093662107,
002756.npy,"(256, 256)",float32,0.0,1.0,0.36811099727842134,0.041337351035889605,,"(128, 128)",float32,0.049417074769735336,0.9483237266540527,0.36795198525783235,0.07886731593772882,
002757.npy,"(256, 256)",float32,0.0,1.0,0.5230340770503403,0.11367712492479494,,"(128, 128)",float32,0.0916900709271431,1.2270164489746094,0.5233864046681447,0.13520011074748123,
002758.npy,"(256, 256)",float32,0.0,1.0,0.5553839716698121,0.09881224373726474,,"(128, 128)",float32,0.10458088666200638,1.2768430709838867,0.5554393052466366,0.13015028910671203,
002759.npy,"(256, 256)",float32,0.0,1.0,0.47815955495224216,0.10924337867725398,,"(128, 128)",float32,0.0403122641146183,1.1589090824127197,0.47802563780760465,0.1310883080430873,
002760.npy,"(256, 256)",float32,0.0,1.0,0.7728717545152115,0.2109177012834384,,"(128, 128)",float32,0.022535739466547966,1.4798027276992798,0.7733192235543811,0.23768678901279022,
002761.npy,"(256, 256)",float32,0.0,1.0,0.8665346783343892,0.15047359329176746,,"(128, 128)",float32,-0.006014103069901466,1.5756500959396362,0.8642305359259694,0.20728412306993674,
002762.npy,"(256, 256)",float32,0.0,1.0,0.876138046550814,0.10168748761310296,,"(128, 128)",float32,-0.04646250233054161,1.4999109506607056,0.8759195393301127,0.16090241168533942,
002763.npy,"(256, 256)",float32,0.0,1.0,0.7490854047329805,0.2526965368441152,,"(128, 128)",float32,-0.016419868916273117,1.5258795022964478,0.7476252287794409,0.2823099115588836,
002764.npy,"(256, 256)",float32,0.0,1.0,0.3505831764869196,0.16284337688893172,,"(128, 128)",float32,-0.004774250090122223,1.070290446281433,0.34991828716189843,0.17796455912249484,
002765.npy,"(256, 256)",float32,0.0,1.0,0.39067644820340774,0.1708176312171327,,"(128, 128)",float32,0.011587767861783504,1.463222861289978,0.3909563510148928,0.18431656806103408,
002766.npy,"(256, 256)",float32,0.0,1.0,0.38631574325238205,0.16798143676955085,,"(128, 128)",float32,0.0093760434538126,1.26236093044281,0.38696281489092144,0.18482772034135878,
002767.npy,"(256, 256)",float32,0.0,1.0,0.40071535491916777,0.17631919216192923,,"(128, 128)",float32,-0.0054652756080031395,1.5679478645324707,0.4003051642756077,0.19172431677992344,
002768.npy,"(256, 256)",float32,0.0,1.0,0.3343311897363819,0.18062478610133234,,"(128, 128)",float32,0.0101851811632514,1.3397281169891357,0.3344400628436688,0.18863993693377323,
002769.npy,"(256, 256)",float32,0.0,1.0,0.5319887355693069,0.08969303064047421,,"(128, 128)",float32,0.014926427975296974,1.1268919706344604,0.5310394046397278,0.12827858061768221,
002770.npy,"(256, 256)",float32,0.0,1.0,0.440115095982506,0.08302038220338492,,"(128, 128)",float32,0.007833430543541908,1.118472695350647,0.44067396156503946,0.10452918438488003,
002771.npy,"(256, 256)",float32,0.0,1.0,0.5261768869677717,0.0868750607893098,,"(128, 128)",float32,0.0012123724445700645,1.0329939126968384,0.5250078423634363,0.11919820676502627,
002772.npy,"(256, 256)",float32,0.0,1.0,0.2537394601149572,0.07480537934826384,,"(128, 128)",float32,0.044701915234327316,1.252665638923645,0.25336973532080265,0.0856777837358062,
002773.npy,"(256, 256)",float32,0.0,1.0,0.44495624913349197,0.19383586176785847,,"(128, 128)",float32,-0.006590110249817371,1.3970139026641846,0.4447505840122403,0.2061542114800797,
002774.npy,"(256, 256)",float32,0.0,1.0,0.4411134665433849,0.2029965725380249,,"(128, 128)",float32,-0.004717455245554447,1.5840280055999756,0.4409948717742349,0.22367457515262076,
002775.npy,"(256, 256)",float32,0.0,1.0,0.4190158697496855,0.20657793847088887,,"(128, 128)",float32,-0.008778424002230167,1.3695883750915527,0.4187881988406126,0.2167589917920207,
002776.npy,"(256, 256)",float32,0.0,1.0,0.32798470903671273,0.2518536585466269,,"(128, 128)",float32,-0.06633525341749191,1.5089123249053955,0.3275272859102598,0.2594849867553218,
002777.npy,"(256, 256)",float32,0.0,1.0,0.20637401495214647,0.1711843638930168,,"(128, 128)",float32,-0.027558136731386185,1.3330650329589844,0.20659203040111151,0.17649245821757814,
002778.npy,"(256, 256)",float32,0.0,1.0,0.2230326752581675,0.18209766637315183,,"(128, 128)",float32,-0.024641385301947594,1.2990204095840454,0.2223269587710206,0.1867621033204523,
002779.npy,"(256, 256)",float32,0.0,1.0,0.24052474394149925,0.18485090465610185,,"(128, 128)",float32,-0.01725131832063198,1.2277129888534546,0.23959539112821915,0.1886789197988525,
002780.npy,"(256, 256)",float32,0.0,1.0,0.5221919232641454,0.27422130235437897,,"(128, 128)",float32,0.014127347618341446,1.5234391689300537,0.5220568731358526,0.29615018596601855,
002781.npy,"(256, 256)",float32,0.0,1.0,0.32820402666020243,0.17443123634475755,,"(128, 128)",float32,0.005447462201118469,1.2959758043289185,0.32770860848501115,0.18315365301506661,
002782.npy,"(256, 256)",float32,0.0,1.0,0.32845539464442197,0.17424298816753034,,"(128, 128)",float32,0.010524477809667587,1.2090238332748413,0.3284846971340585,0.18218794107888822,
002783.npy,"(256, 256)",float32,0.0,1.0,0.33344338329240486,0.1772502714508994,,"(128, 128)",float32,0.019336825236678123,1.304111123085022,0.33354250244485684,0.18800684385367997,
002784.npy,"(256, 256)",float32,0.0,1.0,0.3327331486858405,0.22446041415106813,,"(128, 128)",float32,-0.034384556114673615,1.4896706342697144,0.3331724452239818,0.23547034396736022,
002785.npy,"(256, 256)",float32,0.0,1.0,0.37427263442120307,0.11521469102594362,,"(128, 128)",float32,-0.021553194150328636,1.0623589754104614,0.374516848619038,0.13041493042833308,
002786.npy,"(256, 256)",float32,0.0,1.0,0.37665715928793375,0.11904098309929691,,"(128, 128)",float32,0.027699986472725868,1.1210639476776123,0.3773357395537005,0.1351904435577069,
002787.npy,"(256, 256)",float32,0.0,1.0,0.358210184212453,0.11953507116961512,,"(128, 128)",float32,0.02977631241083145,1.0504682064056396,0.35835790581529636,0.13499569395436067,
002788.npy,"(256, 256)",float32,0.0,1.0,0.6920119238839888,0.16999611130005549,,"(128, 128)",float32,0.0020092094782739878,1.207477331161499,0.6917026137177942,0.19680724416764148,
002789.npy,"(256, 256)",float32,0.0,1.0,0.5007305770052461,0.11758603706292034,,"(128, 128)",float32,-0.005908767692744732,1.2103995084762573,0.49999449112971206,0.14540333909603703,
002790.npy,"(256, 256)",float32,0.0,1.0,0.4910811438703746,0.11806036260978486,,"(128, 128)",float32,0.01879732869565487,1.208258032798767,0.4915863826589657,0.1430034646006404,
002791.npy,"(256, 256)",float32,0.0,1.0,0.548414119908962,0.12412203324092234,,"(128, 128)",float32,0.020414087921380997,1.3178226947784424,0.5489226068290236,0.15099165389324581,
002792.npy,"(256, 256)",float32,0.0,1.0,0.7841942712963075,0.1213152662395978,,"(128, 128)",float32,0.009148997254669666,1.655587077140808,0.7851600376914689,0.18594803338896448,
002793.npy,"(256, 256)",float32,0.0,1.0,0.2919325483092364,0.18307326526209544,,"(128, 128)",float32,-0.014983139932155609,1.5131241083145142,0.2910611951032473,0.19357203816212007,
002794.npy,"(256, 256)",float32,0.0,1.0,0.26937389949222523,0.19030287096640836,,"(128, 128)",float32,-0.01533809769898653,1.3273680210113525,0.2688364710849549,0.19773919814402208,
002795.npy,"(256, 256)",float32,0.0,1.0,0.30026810230600154,0.17511642460719867,,"(128, 128)",float32,-0.021926412358880043,1.1868668794631958,0.2999547430937201,0.18317558517624216,
002796.npy,"(256, 256)",float32,0.0,1.0,0.7506827365509707,0.2084717395756234,,"(128, 128)",float32,-0.01694544591009617,1.4004167318344116,0.7495689007374153,0.2402618448342528,
002797.npy,"(256, 256)",float32,0.0,1.0,0.5391576307417116,0.22542649218725017,,"(128, 128)",float32,0.0011019757948815823,1.3420038223266602,0.5383506854030458,0.24427321808008337,
002798.npy,"(256, 256)",float32,0.0,1.0,0.5395349489972245,0.22747027626903651,,"(128, 128)",float32,-0.0023186011239886284,1.3232427835464478,0.5386971427916301,0.24324120026652057,
002799.npy,"(256, 256)",float32,0.0,1.0,0.570563644134932,0.19314083293066003,,"(128, 128)",float32,-0.01031524408608675,1.2684190273284912,0.5693903986791042,0.20997886092331172,
002800.npy,"(256, 256)",float32,0.0,1.0,0.7446628546761076,0.18498545324536142,,"(128, 128)",float32,0.07267285883426666,1.7480348348617554,0.7450648247163372,0.2295327877880967,
002801.npy,"(256, 256)",float32,0.0,1.0,0.6816430727564253,0.22774617517765516,,"(128, 128)",float32,-0.018582789227366447,1.551447868347168,0.6830700451003899,0.26299423330578675,
002802.npy,"(256, 256)",float32,0.0,1.0,0.6799448243304571,0.22797621801826123,,"(128, 128)",float32,-0.019007861614227295,1.5555033683776855,0.6811791956304525,0.25510521490904386,
002803.npy,"(256, 256)",float32,0.0,1.0,0.6650640337610074,0.22969340706159905,,"(128, 128)",float32,-0.006223134230822325,1.537684440612793,0.6657253683423896,0.24990542931440232,
002804.npy,"(256, 256)",float32,0.0,1.0,0.3400314415613348,0.17959375193293825,,"(128, 128)",float32,-0.0010263656731694937,1.2546952962875366,0.33957530236174094,0.18801757770840738,
002805.npy,"(256, 256)",float32,0.0,1.0,0.38865193167003653,0.14410029669906954,,"(128, 128)",float32,0.0020225306507200003,1.4277853965759277,0.38967760951844355,0.16164788128097868,
002806.npy,"(256, 256)",float32,0.0,1.0,0.4757498722000406,0.14493396784339294,,"(128, 128)",float32,0.01264428161084652,1.2722829580307007,0.47713443354825813,0.1648901180334622,
002807.npy,"(256, 256)",float32,0.0,1.0,0.4115932457221749,0.14525969742974817,,"(128, 128)",float32,0.012420780025422573,1.3638172149658203,0.41272118909267874,0.16447511050867222,
002808.npy,"(256, 256)",float32,0.0,1.0,0.37785735926671027,0.22563070337144092,,"(128, 128)",float32,-0.03626769036054611,1.3372712135314941,0.37831364499060527,0.23440818721337506,
002809.npy,"(256, 256)",float32,0.0,1.0,0.14753722534148384,0.07121097738454765,,"(128, 128)",float32,-0.005955337081104517,1.0970672369003296,0.14735235273367664,0.07440165670208979,
002810.npy,"(256, 256)",float32,0.0,1.0,0.13878437537171706,0.07677345428243444,,"(128, 128)",float32,-0.02007160149514675,0.9518107175827026,0.1388111637224534,0.07981721291070411,
002811.npy,"(256, 256)",float32,0.0,1.0,0.1416472280835599,0.07650764367663149,,"(128, 128)",float32,-0.021525723859667778,1.085657000541687,0.14200718991501526,0.08254569048909617,
002812.npy,"(256, 256)",float32,0.0,1.0,0.4725557302560217,0.2411864126944766,,"(128, 128)",float32,-0.004068613518029451,1.5398836135864258,0.47183956192539256,0.2530400400560452,
002813.npy,"(256, 256)",float32,0.0,1.0,0.46859634002720796,0.29349409411103616,,"(128, 128)",float32,-0.01023647841066122,1.7300233840942383,0.4679197695386881,0.30918444073025947,
002814.npy,"(256, 256)",float32,0.0,1.0,0.4801230980910489,0.2898101446233205,,"(128, 128)",float32,0.0006024067406542599,1.6158562898635864,0.4809561213325999,0.30172627788744505,
002815.npy,"(256, 256)",float32,0.0,1.0,0.41674375700301525,0.28493530402932604,,"(128, 128)",float32,-0.0016473537543788552,1.4994914531707764,0.4166430321066983,0.29449809942105953,
002816.npy,"(256, 256)",float32,0.0,1.0,0.2745111973012939,0.1557971063333838,,"(128, 128)",float32,0.00788981094956398,1.4675014019012451,0.27458048971101334,0.16387772102759768,
002817.npy,"(256, 256)",float32,0.0,1.0,0.23236630215609466,0.11596361586336028,,"(128, 128)",float32,0.005895741283893585,1.390905499458313,0.23256425340795772,0.12666462625837752,
002818.npy,"(256, 256)",float32,0.0,1.0,0.3853685359953545,0.1526206408803374,,"(128, 128)",float32,0.036032289266586304,1.1826351881027222,0.38482825219034567,0.16213951620123898,
002819.npy,"(256, 256)",float32,0.0,1.0,0.2349499359825984,0.11958804822663875,,"(128, 128)",float32,0.005925203673541546,1.1794683933258057,0.23474770242557952,0.12503033504599662,
002820.npy,"(256, 256)",float32,0.0,1.0,0.46118222966279987,0.19575010810345914,,"(128, 128)",float32,-0.00012900964065920562,1.2780611515045166,0.460483808642846,0.2079508605620835,
002821.npy,"(256, 256)",float32,0.0,1.0,0.2692066857824642,0.1381841580546826,,"(128, 128)",float32,0.008721286430954933,1.0958441495895386,0.2684830070708131,0.14284457320690672,
002822.npy,"(256, 256)",float32,0.0,1.0,0.2677423363560507,0.1385410936454317,,"(128, 128)",float32,0.01204562559723854,1.384540319442749,0.2678217927730202,0.14799697803288245,
002823.npy,"(256, 256)",float32,0.0,1.0,0.28909443941915924,0.14675748136767433,,"(128, 128)",float32,0.013653099536895752,1.244262456893921,0.2888400958811417,0.15555300454183515,
002824.npy,"(256, 256)",float32,0.0,1.0,0.4579830170638104,0.2572931307687301,,"(128, 128)",float32,-0.007607720326632261,1.772047519683838,0.4587320400880799,0.2775564434821347,
002825.npy,"(256, 256)",float32,0.0,1.0,0.6176015093614069,0.13308491373302717,,"(128, 128)",float32,0.06457895785570145,1.374123454093933,0.6173958674830828,0.1708046097138779,
002826.npy,"(256, 256)",float32,0.0,1.0,0.628832403463548,0.13147448229287695,,"(128, 128)",float32,0.06237609684467316,1.298855185508728,0.6291222551012652,0.165396727201917,
002827.npy,"(256, 256)",float32,0.0,1.0,0.5632261509503067,0.14609714792886588,,"(128, 128)",float32,0.005358846392482519,1.6391700506210327,0.563095412357967,0.17885172497817023,
002828.npy,"(256, 256)",float32,0.0,1.0,0.3725025465292726,0.1801415151190114,,"(128, 128)",float32,-0.005682152695953846,1.0711828470230103,0.3724198441381432,0.1891731076246736,
002829.npy,"(256, 256)",float32,0.0,1.0,0.433620905028107,0.2228393944701044,,"(128, 128)",float32,0.03629513084888458,1.550960659980774,0.43450206921306744,0.23799105694783407,
002830.npy,"(256, 256)",float32,0.0,1.0,0.4623158504197704,0.23783020946684477,,"(128, 128)",float32,0.013649237342178822,1.6251041889190674,0.4641772699023363,0.256964613909018,
002831.npy,"(256, 256)",float32,0.0,1.0,0.4422731148391392,0.22354424323828276,,"(128, 128)",float32,-0.015106377191841602,1.3919172286987305,0.4426815016966543,0.23528128371788665,
002832.npy,"(256, 256)",float32,0.0,1.0,0.3738194457138516,0.18189389838378386,,"(128, 128)",float32,-0.005465301219373941,1.3450615406036377,0.3742644597437601,0.19778068722821984,
002833.npy,"(256, 256)",float32,0.0,1.0,0.2564536912716492,0.19591657627267658,,"(128, 128)",float32,-0.04703616723418236,1.3122031688690186,0.255861719609098,0.19987470702685714,
002834.npy,"(256, 256)",float32,0.0,1.0,0.25979975447278125,0.18992059610528444,,"(128, 128)",float32,-0.06273596733808517,1.2115082740783691,0.26037550079065136,0.19820955641614987,
002835.npy,"(256, 256)",float32,0.0,1.0,0.2569917959622566,0.19631779364011656,,"(128, 128)",float32,-0.06428780406713486,1.459855318069458,0.25683690455716734,0.2007191307472625,
002836.npy,"(256, 256)",float32,0.0,1.0,0.26002323888382506,0.22128578167997917,,"(128, 128)",float32,-0.010633154772222042,1.4792506694793701,0.26023601341225033,0.22869818685963736,
002837.npy,"(256, 256)",float32,0.0,1.0,0.603058093160719,0.21746848468074562,,"(128, 128)",float32,-0.0007601486868225038,1.5572185516357422,0.6017303646367402,0.24415627731166203,
002838.npy,"(256, 256)",float32,0.0,1.0,0.602673051137586,0.21783682071984317,,"(128, 128)",float32,-0.004438450094312429,1.4470860958099365,0.6019069481450003,0.24020616879857945,
002839.npy,"(256, 256)",float32,0.0,1.0,0.6142899184926094,0.22801461158445263,,"(128, 128)",float32,0.0008125590393319726,1.5460851192474365,0.6129808689710572,0.25456636130366495,
002840.npy,"(256, 256)",float32,0.0,1.0,0.4189122194506467,0.2484516959067898,,"(128, 128)",float32,0.02139522321522236,1.4637304544448853,0.41838793230942883,0.2598212449075738,
002841.npy,"(256, 256)",float32,0.0,1.0,0.8207482808014817,0.17635964360081788,,"(128, 128)",float32,0.025369014590978622,1.5666172504425049,0.8192087270963384,0.21155677725202812,
002842.npy,"(256, 256)",float32,0.0,1.0,0.8354483877798629,0.1573576074844982,,"(128, 128)",float32,-0.006921423599123955,1.4555256366729736,0.8341942874050687,0.20079861551277559,
002843.npy,"(256, 256)",float32,0.0,1.0,0.7759731439123172,0.21713938683845824,,"(128, 128)",float32,0.01598675176501274,1.5788145065307617,0.7751206879739811,0.2501520286737813,
002844.npy,"(256, 256)",float32,0.0,1.0,0.5988559517438716,0.17080209978273456,,"(128, 128)",float32,0.029409971088171005,1.7014614343643188,0.6000357910838829,0.2032159117945455,
002845.npy,"(256, 256)",float32,0.0,1.0,0.16671835633275794,0.20710697308834214,,"(128, 128)",float32,-0.009318642318248749,1.3865289688110352,0.16753753138157684,0.21223654378881604,
002846.npy,"(256, 256)",float32,0.0,1.0,0.15030413250861088,0.1814558015634743,,"(128, 128)",float32,-0.03278389573097229,1.2458155155181885,0.15041190005797506,0.18616617469270266,
002847.npy,"(256, 256)",float32,0.0,1.0,0.1315805311313718,0.17012144661471948,,"(128, 128)",float32,-0.010948482900857925,1.464958906173706,0.1322222134062265,0.17470510596553349,
002848.npy,"(256, 256)",float32,0.0,1.0,0.46449388578217565,0.20871700727380207,,"(128, 128)",float32,0.012668376788496971,1.6763439178466797,0.4658108425140881,0.22601814404770548,
002849.npy,"(256, 256)",float32,0.0,1.0,0.518408867515685,0.2558248297007805,,"(128, 128)",float32,-0.002168798353523016,1.4698024988174438,0.5184046266107796,0.269087087254151,
002850.npy,"(256, 256)",float32,0.0,1.0,0.4998546912002908,0.26671415027535667,,"(128, 128)",float32,-0.0022188909351825714,1.5380613803863525,0.49934336431063997,0.2811007354515564,
002851.npy,"(256, 256)",float32,0.0,1.0,0.690013497111057,0.20194615974731084,,"(128, 128)",float32,-0.0022560246288776398,1.4536960124969482,0.687057627593644,0.23047052979606594,
002852.npy,"(256, 256)",float32,0.0,1.0,0.3117413971596825,0.1653387360698695,,"(128, 128)",float32,-0.0800851508975029,1.4027597904205322,0.31152903378630725,0.1768389475983942,
002853.npy,"(256, 256)",float32,0.0,1.0,0.2072776627322409,0.20433684900150914,,"(128, 128)",float32,-0.05189104005694389,1.4659513235092163,0.20750809233634743,0.20801086511841985,
002854.npy,"(256, 256)",float32,0.0,1.0,0.21864618075415515,0.20427567390781382,,"(128, 128)",float32,-0.05470014363527298,1.3416821956634521,0.21917952932757642,0.21138947326530058,
002855.npy,"(256, 256)",float32,0.0,1.0,0.21645221664737596,0.20202261392131415,,"(128, 128)",float32,-0.04908410459756851,1.3045586347579956,0.21708807860119883,0.2062195341772699,
002856.npy,"(256, 256)",float32,0.0,1.0,0.3386433640540929,0.16929812220735377,,"(128, 128)",float32,-0.014647554606199265,1.3787083625793457,0.33817600267229864,0.177727470227859,
002857.npy,"(256, 256)",float32,0.0,1.0,0.43491555436923424,0.24427670830604006,,"(128, 128)",float32,-0.00010017914610216394,1.3885438442230225,0.43493334507937,0.2555641414918841,
002858.npy,"(256, 256)",float32,0.0,1.0,0.45301173633364167,0.24360476724194224,,"(128, 128)",float32,-0.0020096010994166136,1.6607128381729126,0.45363072776268965,0.26438902478587817,
002859.npy,"(256, 256)",float32,0.0,1.0,0.431157439855971,0.23784394772437878,,"(128, 128)",float32,0.001040271483361721,1.4778897762298584,0.4314454065161044,0.25048242931800957,
002860.npy,"(256, 256)",float32,0.0,1.0,0.44847654517948876,0.1771608401900696,,"(128, 128)",float32,-0.003964471630752087,1.4517711400985718,0.448479071266334,0.19376388464743127,
002861.npy,"(256, 256)",float32,0.0,1.0,0.3488388905445028,0.1295003648525478,,"(128, 128)",float32,-0.0018600584007799625,1.4159067869186401,0.3495327522266223,0.14394661158555594,
002862.npy,"(256, 256)",float32,0.0,1.0,0.3497679130497673,0.12402738514553131,,"(128, 128)",float32,0.008882855996489525,1.341589093208313,0.35072281002612726,0.13918920498716275,
002863.npy,"(256, 256)",float32,0.0,1.0,0.4154609686862756,0.1470206197876069,,"(128, 128)",float32,-0.0008400313672609627,1.3515040874481201,0.4164806560119807,0.16761849679344298,
002864.npy,"(256, 256)",float32,0.0,1.0,0.2430258524638873,0.171687379150799,,"(128, 128)",float32,0.003505332861095667,1.323887586593628,0.24360376221429192,0.1801943401049474,
002865.npy,"(256, 256)",float32,0.0,1.0,0.19712273847742212,0.10986594467218423,,"(128, 128)",float32,-0.01109424326568842,1.2156224250793457,0.19724978539029792,0.11657422468835005,
002866.npy,"(256, 256)",float32,0.0,1.0,0.1991731490368629,0.10945234118221647,,"(128, 128)",float32,-0.01013187412172556,1.0014735460281372,0.1989784033693489,0.11621633067353598,
002867.npy,"(256, 256)",float32,0.0,1.0,0.18953697551783844,0.10684730872324102,,"(128, 128)",float32,2.635287273733411e-05,1.0544041395187378,0.18969982521766904,0.11141522533668885,
002868.npy,"(256, 256)",float32,0.0,1.0,0.4788499300811395,0.26631755363418075,,"(128, 128)",float32,0.0018664816161617637,1.404874324798584,0.47987371348227015,0.27755131546633915,
002869.npy,"(256, 256)",float32,0.0,1.0,0.4655341164532558,0.2720549903606806,,"(128, 128)",float32,-0.016768386587500572,1.605901837348938,0.4648061794165166,0.28637828205111143,
002870.npy,"(256, 256)",float32,0.0,1.0,0.4314912533731814,0.2777838734799496,,"(128, 128)",float32,-0.006284254137426615,1.4329434633255005,0.4320053426062316,0.28836737615379276,
002871.npy,"(256, 256)",float32,0.0,1.0,0.43152114855551815,0.27938216347440575,,"(128, 128)",float32,-0.0009030629298649728,1.607436180114746,0.4326771681974044,0.2942079907796836,
002872.npy,"(256, 256)",float32,0.0,1.0,0.35524203580430497,0.26810128177773723,,"(128, 128)",float32,-0.01630818285048008,1.382757306098938,0.3560122096483751,0.2760836761074684,
002873.npy,"(256, 256)",float32,0.0,1.0,0.8447451617127371,0.10645947466452005,,"(128, 128)",float32,-0.018441060557961464,1.7770529985427856,0.8435772880544619,0.1776330626924328,
002874.npy,"(256, 256)",float32,0.0,1.0,0.8618732805773277,0.114060690253387,,"(128, 128)",float32,0.0058349561877548695,1.6024621725082397,0.861000340690822,0.17234834499981985,
002875.npy,"(256, 256)",float32,0.0,1.0,0.8346552148071282,0.13208052197385928,,"(128, 128)",float32,0.033920157700777054,1.677371859550476,0.8336038717363863,0.19313046143559695,
002876.npy,"(256, 256)",float32,0.0,1.0,0.3991814908480862,0.16004065222198982,,"(128, 128)",float32,-0.002913303207606077,1.179906964302063,0.39914766965100057,0.17025288340897712,
002877.npy,"(256, 256)",float32,0.0,1.0,0.29850782922926555,0.2620129336534285,,"(128, 128)",float32,0.017498092725872993,1.607984185218811,0.29814702347948696,0.2713562022468271,
002878.npy,"(256, 256)",float32,0.0,1.0,0.25395464778938504,0.2134622199086663,,"(128, 128)",float32,-0.011880551464855671,1.6886341571807861,0.25379786295474105,0.2217854458183554,
002879.npy,"(256, 256)",float32,0.0,1.0,0.25345986236050067,0.21358078535054142,,"(128, 128)",float32,-0.012040777131915092,1.4636998176574707,0.2538564549053035,0.22194630395017512,
002880.npy,"(256, 256)",float32,0.0,1.0,0.4317699241981252,0.1797234529839662,,"(128, 128)",float32,0.00819393526762724,1.317586898803711,0.4325144242145029,0.1915202550148543,
002881.npy,"(256, 256)",float32,0.0,1.0,0.4094107492527854,0.21066393532482128,,"(128, 128)",float32,-0.00276826205663383,1.3067734241485596,0.4088316386742292,0.22002589580834853,
002882.npy,"(256, 256)",float32,0.0,1.0,0.40218774763967513,0.2121065228376789,,"(128, 128)",float32,-0.010220653377473354,1.373813271522522,0.4020782027765808,0.2272852574570037,
002883.npy,"(256, 256)",float32,0.0,1.0,0.42382479258334865,0.20392255721594277,,"(128, 128)",float32,-0.009358576498925686,1.4893923997879028,0.4237384799759214,0.2148987425058225,
002884.npy,"(256, 256)",float32,0.0,1.0,0.598590422505179,0.17904212801037286,,"(128, 128)",float32,0.00877377763390541,1.4450347423553467,0.5982562054398386,0.20565825575032096,
002885.npy,"(256, 256)",float32,0.0,1.0,0.43863364432280605,0.15451635347440815,,"(128, 128)",float32,-0.01121680997312069,1.4318593740463257,0.439573223440334,0.1715915003623127,
002886.npy,"(256, 256)",float32,0.0,1.0,0.34583663522322716,0.12786444665550054,,"(128, 128)",float32,-0.008345282636582851,1.1187797784805298,0.3467141849713897,0.14116826226766435,
002887.npy,"(256, 256)",float32,0.0,1.0,0.3238664349595517,0.12893710006979167,,"(128, 128)",float32,0.0006113748531788588,1.6477601528167725,0.3246606396662486,0.145210016958357,
002888.npy,"(256, 256)",float32,0.0,1.0,0.6054673929229324,0.17272155522925314,,"(128, 128)",float32,0.020784322172403336,1.6218218803405762,0.6045711770655089,0.20394956522890012,
002889.npy,"(256, 256)",float32,0.0,1.0,0.471871104290301,0.1085382544181783,,"(128, 128)",float32,0.041998181492090225,1.3756974935531616,0.47243489013612816,0.13515419668549336,
002890.npy,"(256, 256)",float32,0.0,1.0,0.4688716460426008,0.10898499509562766,,"(128, 128)",float32,0.03848310187458992,1.433638334274292,0.4675832894636187,0.12890791038526223,
002891.npy,"(256, 256)",float32,0.0,1.0,0.47010712743021443,0.10882642459867645,,"(128, 128)",float32,0.007321132346987724,1.4101290702819824,0.47018897601867593,0.13650439008679152,
002892.npy,"(256, 256)",float32,0.0,1.0,0.680400855102471,0.22324432902402486,,"(128, 128)",float32,-0.03916580229997635,1.4398080110549927,0.678772143694701,0.25033703397116525,
002893.npy,"(256, 256)",float32,0.0,1.0,0.4041226152495163,0.21246814597189226,,"(128, 128)",float32,0.0018057716079056263,1.4864444732666016,0.40450692221813256,0.23085949738406525,
002894.npy,"(256, 256)",float32,0.0,1.0,0.45051978433099293,0.20118422328883095,,"(128, 128)",float32,0.0014634280232712626,1.3298933506011963,0.4507193886768661,0.21986489982255752,
002895.npy,"(256, 256)",float32,0.0,1.0,0.4296171226773282,0.21352232179220496,,"(128, 128)",float32,0.013189823366701603,1.2843044996261597,0.4295039745296094,0.22754037646426203,
002896.npy,"(256, 256)",float32,0.0,1.0,0.45097230793653553,0.16697307491659397,,"(128, 128)",float32,3.5399738408159465e-05,1.4389146566390991,0.4511608389403068,0.19007189035964772,
002897.npy,"(256, 256)",float32,0.0,1.0,0.4285649529893263,0.13177428454332385,,"(128, 128)",float32,0.0030501512810587883,1.3214555978775024,0.42838941753848303,0.14728808017020467,
002898.npy,"(256, 256)",float32,0.0,1.0,0.43064036521460736,0.13121617454374637,,"(128, 128)",float32,-0.0014748206594958901,1.2520725727081299,0.43102135371676553,0.14763041706470129,
002899.npy,"(256, 256)",float32,0.0,1.0,0.4234010369092225,0.12931731423323006,,"(128, 128)",float32,-0.003963909577578306,1.1713783740997314,0.42290381335655525,0.149453699227354,
002900.npy,"(256, 256)",float32,0.0,1.0,0.31290697278966206,0.18720908636266334,,"(128, 128)",float32,-0.009323183447122574,1.5109518766403198,0.3129318056660324,0.19825534288939775,
002901.npy,"(256, 256)",float32,0.0,1.0,0.7544161485291827,0.3148884297400824,,"(128, 128)",float32,-0.03359225019812584,1.8443071842193604,0.7559046960022187,0.3446458435608198,
002902.npy,"(256, 256)",float32,0.0,1.0,0.771219979821649,0.30854771088006816,,"(128, 128)",float32,-0.01058662123978138,1.944399118423462,0.7717336921815559,0.3465599655932353,
002903.npy,"(256, 256)",float32,0.0,1.0,0.7431779742366977,0.3180362223682177,,"(128, 128)",float32,-0.009957490488886833,1.8589786291122437,0.7437794940556302,0.34587149623132624,
002904.npy,"(256, 256)",float32,0.0,1.0,0.3432720454343601,0.18264345428720227,,"(128, 128)",float32,-0.0017139281844720244,1.1554399728775024,0.3441694273139575,0.19687519703017473,
002905.npy,"(256, 256)",float32,0.0,1.0,0.27239468759696095,0.14914434321918793,,"(128, 128)",float32,-0.012959938496351242,1.3770487308502197,0.27286421140159334,0.15925557387359413,
002906.npy,"(256, 256)",float32,0.0,1.0,0.2727616918326152,0.14910088406948366,,"(128, 128)",float32,-0.02445296384394169,1.1285879611968994,0.27286940761692335,0.15741661228950668,
002907.npy,"(256, 256)",float32,0.0,1.0,0.2743029608929497,0.14557941439643213,,"(128, 128)",float32,-0.005514503922313452,1.234147548675537,0.2738205286891713,0.15171599488915077,
002908.npy,"(256, 256)",float32,0.0,1.0,0.5302585311256274,0.23003809458563756,,"(128, 128)",float32,-0.004706680309027433,1.4863027334213257,0.5288373628276801,0.24575272605724768,
002909.npy,"(256, 256)",float32,0.0,1.0,0.22619582711956587,0.08087317894433974,,"(128, 128)",float32,0.007283632643520832,1.4136775732040405,0.2268821922655775,0.08844082579303102,
002910.npy,"(256, 256)",float32,0.0,1.0,0.22488458612939421,0.09069669533078323,,"(128, 128)",float32,-0.01721404306590557,1.5066817998886108,0.22542307858552846,0.09867546405321542,
002911.npy,"(256, 256)",float32,0.0,1.0,0.2242269529990395,0.08108196360085818,,"(128, 128)",float32,-0.007808668538928032,1.7168382406234741,0.22363035145048116,0.08914934941465426,
002912.npy,"(256, 256)",float32,0.0,1.0,0.6888427107295594,0.2585531096847494,,"(128, 128)",float32,-0.01724829711019993,1.6751818656921387,0.688940090915878,0.28976451783797513,
002913.npy,"(256, 256)",float32,0.0,1.0,0.1633691450501118,0.10111389880923646,,"(128, 128)",float32,-0.004066940862685442,1.1867437362670898,0.16332484215324605,0.1054395693497987,
002914.npy,"(256, 256)",float32,0.0,1.0,0.11429673824103048,0.08048655445436319,,"(128, 128)",float32,-0.00660184770822525,1.4597249031066895,0.11460665352277033,0.08610517131403544,
002915.npy,"(256, 256)",float32,0.0,1.0,0.11780360766541964,0.10834459046162041,,"(128, 128)",float32,-0.0060821762308478355,1.1128878593444824,0.1188973064405019,0.11358822547323878,
002916.npy,"(256, 256)",float32,0.0,1.0,0.545104679153444,0.15187720265833282,,"(128, 128)",float32,-0.0018822537967935205,1.3768162727355957,0.5458652404284052,0.18475687628369672,
002917.npy,"(256, 256)",float32,0.0,1.0,0.5879231346478839,0.30410402530602154,,"(128, 128)",float32,-0.015119276940822601,1.6066027879714966,0.5883941214850696,0.3289704899474693,
002918.npy,"(256, 256)",float32,0.0,1.0,0.5510400934817881,0.31787816321228063,,"(128, 128)",float32,-0.0003866071056108922,1.5599360466003418,0.5504713310007752,0.33884619824132867,
002919.npy,"(256, 256)",float32,0.0,1.0,0.6432015204752461,0.279681701205676,,"(128, 128)",float32,0.001696992665529251,1.4506425857543945,0.6435455016566323,0.3007036202049957,
002920.npy,"(256, 256)",float32,0.0,1.0,0.3779668842197079,0.20503610386453275,,"(128, 128)",float32,-0.016728458926081657,1.4726778268814087,0.3785918213860313,0.2135733862650116,
002921.npy,"(256, 256)",float32,0.0,1.0,0.4984122994174953,0.1615766981620479,,"(128, 128)",float32,0.029803894460201263,1.2224960327148438,0.4982451629616662,0.1768084124060822,
002922.npy,"(256, 256)",float32,0.0,1.0,0.4697682078408434,0.15325198185805633,,"(128, 128)",float32,0.009888816624879837,1.1994259357452393,0.4701674505285496,0.1743941507131271,
002923.npy,"(256, 256)",float32,0.0,1.0,0.46603513943260566,0.15547572317326677,,"(128, 128)",float32,0.026077643036842346,1.1950626373291016,0.46650109547431384,0.17596727754872044,
002924.npy,"(256, 256)",float32,0.0,1.0,0.28181927923268757,0.16691701370878856,,"(128, 128)",float32,0.0069295368157327175,1.3977776765823364,0.2823212800537078,0.1755175879614567,
002925.npy,"(256, 256)",float32,0.0,1.0,0.4528482353279184,0.15459947714732297,,"(128, 128)",float32,-0.013883266597986221,1.0839427709579468,0.4529328305139302,0.16658831417935605,
002926.npy,"(256, 256)",float32,0.0,1.0,0.5205384641995847,0.17261801617796857,,"(128, 128)",float32,0.003964527510106564,1.323693871498108,0.5201831610124259,0.19829443460179638,
002927.npy,"(256, 256)",float32,0.0,1.0,0.5096970569225334,0.16934384037941577,,"(128, 128)",float32,0.0315428301692009,1.2798653841018677,0.5092708475185646,0.1878400899597176,
002928.npy,"(256, 256)",float32,0.0,1.0,0.5200572480296426,0.2402538701939493,,"(128, 128)",float32,-0.033034853637218475,1.5030579566955566,0.5187225917379408,0.25900148045928784,
002929.npy,"(256, 256)",float32,0.0,1.0,0.5376580726201112,0.1352852653663573,,"(128, 128)",float32,0.03204667568206787,1.355360984802246,0.536291520790428,0.16437569554869527,
002930.npy,"(256, 256)",float32,0.0,1.0,0.510508018141528,0.13399198440692106,,"(128, 128)",float32,-0.00942466501146555,1.3246973752975464,0.5106482873506764,0.16164394403748225,
002931.npy,"(256, 256)",float32,0.0,1.0,0.5373386496133072,0.13557609663295267,,"(128, 128)",float32,0.03534186631441116,1.219617247581482,0.5367429297784838,0.15543362905073432,
002932.npy,"(256, 256)",float32,0.0,1.0,0.3494062140312053,0.16960841558400558,,"(128, 128)",float32,0.0110194506123662,1.3220880031585693,0.3501018883603706,0.18100248761028878,
002933.npy,"(256, 256)",float32,0.0,1.0,0.15122383160787534,0.18455607495295984,,"(128, 128)",float32,-0.00788082554936409,1.3696321249008179,0.1511742018953135,0.18876988294524885,
002934.npy,"(256, 256)",float32,0.0,1.0,0.14346907266826803,0.1772553393411547,,"(128, 128)",float32,-0.003089756006374955,1.189851999282837,0.14359356830321168,0.18152378554399934,
002935.npy,"(256, 256)",float32,0.0,1.0,0.1443392348531195,0.17761720036738507,,"(128, 128)",float32,-0.01542823575437069,1.0336452722549438,0.1446923417429531,0.18097300845434808,
002936.npy,"(256, 256)",float32,0.0,1.0,0.25701134255728064,0.17807741974806438,,"(128, 128)",float32,-0.016352957114577293,1.4117074012756348,0.2574701533182532,0.18808555828929135,
002937.npy,"(256, 256)",float32,0.0,1.0,0.5551622228012221,0.1735607476237526,,"(128, 128)",float32,-0.006170276086777449,1.4650574922561646,0.555387001014461,0.19886958336539742,
002938.npy,"(256, 256)",float32,0.0,1.0,0.5467822575527443,0.18274693809286263,,"(128, 128)",float32,-0.014092342928051949,1.5140931606292725,0.5471824990816465,0.2132234221831183,
002939.npy,"(256, 256)",float32,0.0,1.0,0.5579299963735805,0.17141580746791818,,"(128, 128)",float32,-0.004021041560918093,1.3772565126419067,0.5579721214942215,0.18988210249480678,
002940.npy,"(256, 256)",float32,0.0,1.0,0.5132324467746152,0.32258989851287906,,"(128, 128)",float32,-0.006643055006861687,1.4844591617584229,0.5134633436125497,0.33651302413341705,
002941.npy,"(256, 256)",float32,0.0,1.0,0.46558725541319745,0.26650525602284836,,"(128, 128)",float32,0.030469220131635666,1.5056546926498413,0.46658138167776997,0.27775248745090103,
002942.npy,"(256, 256)",float32,0.0,1.0,0.5015074462185751,0.2857251582134759,,"(128, 128)",float32,0.013765577226877213,1.670088291168213,0.501553138197778,0.29822261754365426,
002943.npy,"(256, 256)",float32,0.0,1.0,0.46559550023906127,0.2633904968428259,,"(128, 128)",float32,0.04569658637046814,1.6198838949203491,0.4667851759370478,0.2802729181121962,
002944.npy,"(256, 256)",float32,0.0,1.0,0.3874801919472675,0.21559162698452075,,"(128, 128)",float32,-0.022220898419618607,1.385087013244629,0.38869222750898746,0.22657252295386066,
002945.npy,"(256, 256)",float32,0.0,1.0,0.43124909452117777,0.14049921992479797,,"(128, 128)",float32,0.005816638469696045,1.3163864612579346,0.4321982565917324,0.15503726997993272,
002946.npy,"(256, 256)",float32,0.0,1.0,0.4387746370183052,0.14737156360193418,,"(128, 128)",float32,0.003711326979100704,1.1541341543197632,0.43932070053182315,0.16057234288474534,
002947.npy,"(256, 256)",float32,0.0,1.0,0.40522019442219914,0.1355450972438616,,"(128, 128)",float32,0.0007227242458611727,1.312665343284607,0.40559687658900145,0.15600629911143485,
002948.npy,"(256, 256)",float32,0.0,1.0,0.610862118778186,0.26900587870690656,,"(128, 128)",float32,-0.01231326162815094,1.4325312376022339,0.6113224637053527,0.2903251596980501,
002949.npy,"(256, 256)",float32,0.0,1.0,0.5816263004497543,0.21177885218707002,,"(128, 128)",float32,0.0009788525057956576,1.4884459972381592,0.5820245624884635,0.23366416679753135,
002950.npy,"(256, 256)",float32,0.0,1.0,0.5889728042131637,0.1618751616394242,,"(128, 128)",float32,0.004518108442425728,1.4498372077941895,0.5890517462823937,0.1932313995350939,
002951.npy,"(256, 256)",float32,0.0,1.0,0.5801265558733206,0.16373558555997653,,"(128, 128)",float32,-0.027273889631032944,1.3733117580413818,0.5806914025196193,0.19846078458300823,
002952.npy,"(256, 256)",float32,0.0,1.0,0.3760131562437863,0.2572661050793188,,"(128, 128)",float32,-0.007486647926270962,1.2377320528030396,0.37553231947795496,0.2649778210385763,
002953.npy,"(256, 256)",float32,0.0,1.0,0.42688242486113914,0.268932283977052,,"(128, 128)",float32,-0.0037457477301359177,1.4458824396133423,0.42563806654645475,0.2772772112815161,
002954.npy,"(256, 256)",float32,0.0,1.0,0.431661579205076,0.2835214377693428,,"(128, 128)",float32,-0.012967091985046864,1.5671663284301758,0.43008500972301533,0.2993470571039103,
002955.npy,"(256, 256)",float32,0.0,1.0,0.42077465324013685,0.2950953086784694,,"(128, 128)",float32,-0.00356925162486732,1.540019154548645,0.419567044912192,0.30671287331035807,
002956.npy,"(256, 256)",float32,0.0,1.0,0.5083202073226618,0.34172045756464037,,"(128, 128)",float32,-0.03267834708094597,1.4163299798965454,0.507541789759929,0.35315695650956846,
002957.npy,"(256, 256)",float32,0.0,1.0,0.3698733927350486,0.16577892397561728,,"(128, 128)",float32,-0.02823563665151596,1.256320834159851,0.3703396043126146,0.17949028798273778,
002958.npy,"(256, 256)",float32,0.0,1.0,0.36259162514026516,0.1636132503105738,,"(128, 128)",float32,-0.019262194633483887,1.2756634950637817,0.36267183225183675,0.17628259048512696,
002959.npy,"(256, 256)",float32,0.0,1.0,0.3958514264150727,0.1701194985234538,,"(128, 128)",float32,-0.02448173798620701,1.1982648372650146,0.39523200160889194,0.18199827498068702,
002960.npy,"(256, 256)",float32,0.0,1.0,0.3218615979024442,0.19185673665397704,,"(128, 128)",float32,-0.0038679868448525667,1.1344157457351685,0.32102363098859854,0.19911806083170483,
002961.npy,"(256, 256)",float32,0.0,1.0,0.1916975909170544,0.13156578506998212,,"(128, 128)",float32,-0.0074949711561203,1.3700672388076782,0.19166550367058743,0.13727826069286483,
002962.npy,"(256, 256)",float32,0.0,1.0,0.19012038721503188,0.12826874247335784,,"(128, 128)",float32,0.0009824886219576001,1.259529709815979,0.1909201340937372,0.13501437275688333,
002963.npy,"(256, 256)",float32,0.0,1.0,0.20320836337023707,0.15431836842491076,,"(128, 128)",float32,0.005191232077777386,1.3870867490768433,0.2036549565509631,0.16220233280968716,
002964.npy,"(256, 256)",float32,0.0,1.0,0.1844859422446845,0.16116076010259778,,"(128, 128)",float32,-0.013781853020191193,1.212749719619751,0.18474144799925085,0.16594460628791333,
002965.npy,"(256, 256)",float32,0.0,1.0,0.260178754078523,0.18482061844020847,,"(128, 128)",float32,-0.0034148215781897306,1.4018940925598145,0.260237712571632,0.19330456856466602,
002966.npy,"(256, 256)",float32,0.0,1.0,0.3106585876897725,0.19786204174435632,,"(128, 128)",float32,-0.0021415071096271276,1.3914499282836914,0.31080258835920915,0.20644054391551464,
002967.npy,"(256, 256)",float32,0.0,1.0,0.30406485980771136,0.1979613272579684,,"(128, 128)",float32,-0.016311410814523697,1.2322434186935425,0.30413183653143205,0.2055362648461255,
002968.npy,"(256, 256)",float32,0.0,1.0,0.7683399173146626,0.13810570850951315,,"(128, 128)",float32,-0.0053241741843521595,1.6333568096160889,0.768369909430902,0.19407616883381842,
002969.npy,"(256, 256)",float32,0.0,1.0,0.7533419002680297,0.1714710130746647,,"(128, 128)",float32,0.00504627451300621,1.5159813165664673,0.752347011390043,0.2090113131271027,
002970.npy,"(256, 256)",float32,0.0,1.0,0.7639343327967785,0.16173663021346993,,"(128, 128)",float32,0.002897264901548624,1.7371639013290405,0.7630417186374672,0.21471521859884818,
002971.npy,"(256, 256)",float32,0.0,1.0,0.7726577584855221,0.16303397730590957,,"(128, 128)",float32,-0.026117529720067978,1.4787286520004272,0.7711370028410443,0.1971208655627836,
002972.npy,"(256, 256)",float32,0.0,1.0,0.1282603640163238,0.240059141277509,,"(128, 128)",float32,-0.00401673698797822,1.444420337677002,0.12835708147880187,0.24417566843330699,
002973.npy,"(256, 256)",float32,0.0,1.0,0.49965151695630616,0.28876215812194495,,"(128, 128)",float32,-0.256684273481369,1.4639815092086792,0.49904827876494234,0.267289499914401,
002974.npy,"(256, 256)",float32,0.0,1.0,0.4998470521969987,0.28868874779562587,,"(128, 128)",float32,-0.2785630524158478,1.5032150745391846,0.5001113907973594,0.26689999066309544,
002975.npy,"(256, 256)",float32,0.0,1.0,0.5003965575575116,0.28919661201348523,,"(128, 128)",float32,-0.18001827597618103,1.4838639497756958,0.5005426459974769,0.26931386671063484,
002976.npy,"(256, 256)",float32,0.0,1.0,0.5049991356247121,0.25438248061249774,,"(128, 128)",float32,-0.005147817078977823,1.3558135032653809,0.5039023252483352,0.2716579071640062,
002977.npy,"(256, 256)",float32,0.0,1.0,0.10337320222084284,0.08606331172208706,,"(128, 128)",float32,-0.027895499020814896,0.9174414277076721,0.10356583636048544,0.08859214173419333,
002978.npy,"(256, 256)",float32,0.0,1.0,0.11777479169281294,0.10958978250069483,,"(128, 128)",float32,-0.002789287129417062,1.2109706401824951,0.1177353135475272,0.11103110510826107,
002979.npy,"(256, 256)",float32,0.0,1.0,0.1191387458511155,0.0999743199693101,,"(128, 128)",float32,-0.0076507339254021645,1.151495099067688,0.11954737242526647,0.10248889173148858,
002980.npy,"(256, 256)",float32,0.0,1.0,0.24357172604180108,0.21077115766989638,,"(128, 128)",float32,-0.04247123748064041,1.2365148067474365,0.2441084721714631,0.2161322471902136,
002981.npy,"(256, 256)",float32,0.0,1.0,0.49973247961754463,0.28817996350798025,,"(128, 128)",float32,-0.23199236392974854,1.4701333045959473,0.4989016792216816,0.2634340619548408,
002982.npy,"(256, 256)",float32,0.0,1.0,0.5015637073721433,0.2897624901370436,,"(128, 128)",float32,-0.19158664345741272,1.4486597776412964,0.5024480152743839,0.26874861243676373,
002983.npy,"(256, 256)",float32,0.0,1.0,0.5013642949050043,0.28842398432866145,,"(128, 128)",float32,-0.2705509066581726,1.4601316452026367,0.5010827194977452,0.2645327958742367,
002984.npy,"(256, 256)",float32,0.0,1.0,0.605809422732932,0.22854636346309937,,"(128, 128)",float32,-0.009142992086708546,1.8858754634857178,0.6058502392171476,0.26044622677380197,
002985.npy,"(256, 256)",float32,0.0,1.0,0.5798114073717784,0.07286827904037046,,"(128, 128)",float32,0.012780540622770786,1.4813429117202759,0.5793215811966661,0.12771688290194722,
002986.npy,"(256, 256)",float32,0.0,1.0,0.6220038905272176,0.09461253753713525,,"(128, 128)",float32,-0.000533195910975337,1.3481650352478027,0.6217807089553276,0.13312706499242902,
002987.npy,"(256, 256)",float32,0.0,1.0,0.5796681693381274,0.07435849172444482,,"(128, 128)",float32,0.00364508805796504,1.247056245803833,0.5796060540659198,0.1182542110365859,
002988.npy,"(256, 256)",float32,0.0,1.0,0.6521657030545145,0.12991951873915958,,"(128, 128)",float32,0.0011035019997507334,1.4368995428085327,0.651078099416381,0.16994699984878175,
002989.npy,"(256, 256)",float32,0.0,1.0,0.38542284734053567,0.19249326903212036,,"(128, 128)",float32,-0.00438292371109128,1.4316669702529907,0.385504394608188,0.20231047691016202,
002990.npy,"(256, 256)",float32,0.0,1.0,0.40493837989255965,0.2298804631637,,"(128, 128)",float32,-0.008406687527894974,1.38148832321167,0.403675495719348,0.2435330200000576,
002991.npy,"(256, 256)",float32,0.0,1.0,0.34516715884955157,0.18771031271441072,,"(128, 128)",float32,-0.008785122074186802,1.3698091506958008,0.3448993730244645,0.20010932630300993,
002992.npy,"(256, 256)",float32,0.0,1.0,0.4582980837753875,0.32356421721166295,,"(128, 128)",float32,-0.03372031822800636,1.4964978694915771,0.45900080358930495,0.33264603115135366,
002993.npy,"(256, 256)",float32,0.0,1.0,0.36175383892159374,0.2366628638591268,,"(128, 128)",float32,0.0007174293859861791,1.4585657119750977,0.36111456935622854,0.24420949300683234,
002994.npy,"(256, 256)",float32,0.0,1.0,0.3712622547339848,0.2389602892721442,,"(128, 128)",float32,0.01795770786702633,1.5713697671890259,0.3710096687641453,0.2504234440504425,
002995.npy,"(256, 256)",float32,0.0,1.0,0.3813912675604385,0.23980542608628977,,"(128, 128)",float32,0.0025462990161031485,1.3365323543548584,0.38163187022816203,0.2486726920432051,
002996.npy,"(256, 256)",float32,0.0,1.0,0.5454067226109167,0.28082838186742193,,"(128, 128)",float32,-0.013438418507575989,1.7048667669296265,0.544717014631928,0.29631007960197686,
002997.npy,"(256, 256)",float32,0.0,1.0,0.4839994341065008,0.08730763381261485,,"(128, 128)",float32,0.031432632356882095,1.0066574811935425,0.4832434567333621,0.12079198277305234,
002998.npy,"(256, 256)",float32,0.0,1.0,0.47545884357658963,0.08033969375051737,,"(128, 128)",float32,-0.0031191969756036997,1.1158703565597534,0.4755945096568297,0.11888665443624964,
002999.npy,"(256, 256)",float32,0.0,1.0,0.47210356729615643,0.07677009330152466,,"(128, 128)",float32,0.009008057415485382,1.002651572227478,0.4714052193803582,0.10355326278299731,
003000.npy,"(256, 256)",float32,0.0,1.0,0.2205675065548197,0.21431946298167875,,"(128, 128)",float32,-0.04667486622929573,1.63883638381958,0.22079806066943974,0.22274973962744268,
003001.npy,"(256, 256)",float32,0.0,1.0,0.38118845438214244,0.08578166661907974,,"(128, 128)",float32,-0.021130116656422615,1.5249078273773193,0.38052534300816276,0.1079173456166003,
003002.npy,"(256, 256)",float32,0.0,1.0,0.3767226945510673,0.06931283128526478,,"(128, 128)",float32,-0.0031130146235227585,1.4000672101974487,0.3770910709543216,0.09693671528471767,
003003.npy,"(256, 256)",float32,0.0,1.0,0.36682980362171325,0.08565874687209626,,"(128, 128)",float32,0.0012157285818830132,1.4569728374481201,0.36671734705527825,0.10861291933397622,
003004.npy,"(256, 256)",float32,0.0,1.0,0.13609821750179524,0.1461837030122315,,"(128, 128)",float32,-0.05482284724712372,1.15837562084198,0.13578493190756258,0.14806831083274527,
003005.npy,"(256, 256)",float32,0.0,1.0,0.1728235482787311,0.20103508134100856,,"(128, 128)",float32,-0.030959924682974815,1.4822787046432495,0.17310985017073993,0.20655000312956062,
003006.npy,"(256, 256)",float32,0.0,1.0,0.17379928703413383,0.19787854915511688,,"(128, 128)",float32,-0.02587241679430008,1.2757091522216797,0.17393532468959974,0.20379608084836898,
003007.npy,"(256, 256)",float32,0.0,1.0,0.20959780783687026,0.2298767358614732,,"(128, 128)",float32,-0.021604180335998535,1.3238190412521362,0.20991016472600832,0.2364123254649262,
003008.npy,"(256, 256)",float32,0.0,1.0,0.3576718318160982,0.15886528532606153,,"(128, 128)",float32,-0.006693550385534763,1.4490588903427124,0.3580178372015723,0.17604418144873718,
003009.npy,"(256, 256)",float32,0.0,1.0,0.34200561121318884,0.11522773897385437,,"(128, 128)",float32,0.005210505332797766,1.2749322652816772,0.34365527826693665,0.1317176564953171,
003010.npy,"(256, 256)",float32,0.0,1.0,0.34948808796514186,0.11455605590548808,,"(128, 128)",float32,-0.0017552610952407122,1.1946988105773926,0.3496055299340384,0.12897769354035113,
003011.npy,"(256, 256)",float32,0.0,1.0,0.4733819189354094,0.1421809932889474,,"(128, 128)",float32,0.027384823188185692,1.4499748945236206,0.47388575935985955,0.1638617264975011,
003012.npy,"(256, 256)",float32,0.0,1.0,0.540002727314134,0.24245124627574668,,"(128, 128)",float32,-0.022333452478051186,1.4197957515716553,0.5386734492463923,0.25740070071083243,
003013.npy,"(256, 256)",float32,0.0,1.0,0.8659071333404427,0.06606283976144722,,"(128, 128)",float32,0.04127989336848259,1.4318151473999023,0.8653205354287365,0.14071542523716069,
003014.npy,"(256, 256)",float32,0.0,1.0,0.8681610189049138,0.06597141497370701,,"(128, 128)",float32,0.040824566036462784,2.0554873943328857,0.8678515352110026,0.16793120130509068,
003015.npy,"(256, 256)",float32,0.0,1.0,0.8715852513203686,0.06607402838709345,,"(128, 128)",float32,0.05482855811715126,1.595819115638733,0.8711769243961953,0.16477257874284115,
003016.npy,"(256, 256)",float32,0.0,1.0,0.629046375989802,0.24185810978850927,,"(128, 128)",float32,-0.0023508351296186447,1.574167013168335,0.6270661843300074,0.2622221918587283,
003017.npy,"(256, 256)",float32,0.0,1.0,0.4620542754221617,0.18845516216106323,,"(128, 128)",float32,0.010637328960001469,1.4761028289794922,0.4625559970140216,0.20346465248297824,
003018.npy,"(256, 256)",float32,0.0,1.0,0.45914078443942685,0.18188270641432275,,"(128, 128)",float32,0.012579944916069508,1.436157464981079,0.45975465716429653,0.19925639614038448,
003019.npy,"(256, 256)",float32,0.0,1.0,0.45711216556237844,0.18254291965630107,,"(128, 128)",float32,0.009729449637234211,1.4319159984588623,0.45807847528629964,0.20303771614941796,
003020.npy,"(256, 256)",float32,0.0,1.0,0.1730667009134237,0.12939814596458607,,"(128, 128)",float32,0.00955144502222538,1.519558072090149,0.17338079024648323,0.13699079966298944,
003021.npy,"(256, 256)",float32,0.0,1.0,0.26715755512608297,0.15358459341707445,,"(128, 128)",float32,-0.0016769859939813614,1.1174012422561646,0.2672209564268968,0.15993178398137514,
003022.npy,"(256, 256)",float32,0.0,1.0,0.2627757187160853,0.15278329593614665,,"(128, 128)",float32,-0.007201193831861019,1.042550802230835,0.26257131763980324,0.1583157060095153,
003023.npy,"(256, 256)",float32,0.0,1.0,0.26536642655507325,0.16562104036510295,,"(128, 128)",float32,0.0063677034340798855,1.1640058755874634,0.2655398193311669,0.17060038343198022,
003024.npy,"(256, 256)",float32,0.0,1.0,0.480229827220084,0.22111049510794983,,"(128, 128)",float32,-0.006146369501948357,1.2954154014587402,0.4813634379823437,0.23917945238279162,
003025.npy,"(256, 256)",float32,0.0,1.0,0.4676006898434908,0.2023280911673424,,"(128, 128)",float32,-0.005544583313167095,1.429292917251587,0.4676638564025746,0.2195489175718826,
003026.npy,"(256, 256)",float32,0.0,1.0,0.46455018295215567,0.2007340421998144,,"(128, 128)",float32,0.0035309172235429287,1.42051362991333,0.4646244047081183,0.21433880293387486,
003027.npy,"(256, 256)",float32,0.0,1.0,0.46723053785603597,0.20162786458766116,,"(128, 128)",float32,0.0027191038243472576,1.5698597431182861,0.46789027758083535,0.224747615846186,
003028.npy,"(256, 256)",float32,0.0,1.0,0.5675254402257459,0.22982396059257035,,"(128, 128)",float32,-0.024234099313616753,1.5862019062042236,0.5662661921397145,0.2566930985546215,
003029.npy,"(256, 256)",float32,0.0,1.0,0.1508326720598366,0.12329436685147574,,"(128, 128)",float32,-0.022376764565706253,1.017738699913025,0.15088606978173136,0.12546557229382824,
003030.npy,"(256, 256)",float32,0.0,1.0,0.15006918124597918,0.12344486518337013,,"(128, 128)",float32,-0.022635450586676598,1.0201164484024048,0.15027201579641014,0.12594825135707458,
003031.npy,"(256, 256)",float32,0.0,1.0,0.15383651004596638,0.12297282583251393,,"(128, 128)",float32,-0.025682365521788597,1.0762346982955933,0.15367893265413368,0.12547131704893433,
003032.npy,"(256, 256)",float32,0.0,1.0,0.7244246506268439,0.20505127036753637,,"(128, 128)",float32,0.009314295835793018,1.4626258611679077,0.7231761803168979,0.23690249413648576,
003033.npy,"(256, 256)",float32,0.0,1.0,0.5559406252380867,0.21265995360425724,,"(128, 128)",float32,0.002838166430592537,1.5163220167160034,0.5564727542622165,0.23927144006693188,
003034.npy,"(256, 256)",float32,0.0,1.0,0.5558662828111274,0.21309013502469595,,"(128, 128)",float32,0.004330629017204046,1.3412039279937744,0.5561395928991999,0.23435543843254314,
003035.npy,"(256, 256)",float32,0.0,1.0,0.5538134582921685,0.2194049258003214,,"(128, 128)",float32,0.010880655609071255,1.4779003858566284,0.5520848323785117,0.23789309640683357,
003036.npy,"(256, 256)",float32,0.0,1.0,0.4965811111740024,0.23676383017449174,,"(128, 128)",float32,-0.025086741894483566,1.4872033596038818,0.49695588236005506,0.24800270875406283,
003037.npy,"(256, 256)",float32,0.0,1.0,0.18050377659721795,0.1490158617760493,,"(128, 128)",float32,-0.0350324772298336,1.2028093338012695,0.18048563878999957,0.1539524845783444,
003038.npy,"(256, 256)",float32,0.0,1.0,0.1843758624196319,0.15016654427565587,,"(128, 128)",float32,-0.01906045898795128,1.250748872756958,0.1847380184655556,0.15761127889547732,
003039.npy,"(256, 256)",float32,0.0,1.0,0.1905630290660596,0.1493634136003258,,"(128, 128)",float32,-0.025981858372688293,1.2135599851608276,0.19095712777055596,0.15457008688557441,
003040.npy,"(256, 256)",float32,0.0,1.0,0.039145366141259796,0.06583280826011781,,"(128, 128)",float32,-0.0898788720369339,0.889117419719696,0.039017044427332837,0.06508840466365866,
003041.npy,"(256, 256)",float32,0.0,1.0,0.13883459712390994,0.17071179050825724,,"(128, 128)",float32,-0.07509691268205643,1.24162757396698,0.13851614979226845,0.172930715530162,
003042.npy,"(256, 256)",float32,0.0,1.0,0.14034444594366083,0.17382951980386363,,"(128, 128)",float32,-0.08886575698852539,1.1713085174560547,0.14005317996620842,0.1773774116146838,
003043.npy,"(256, 256)",float32,0.0,1.0,0.13216391501074667,0.16648231101584837,,"(128, 128)",float32,-0.055236998945474625,1.0856406688690186,0.1315909850429149,0.16806043420516384,
003044.npy,"(256, 256)",float32,0.0,1.0,0.5282584964037937,0.12422302414478407,,"(128, 128)",float32,0.021488716825842857,1.2920194864273071,0.5277599667339246,0.15456541463313683,
003045.npy,"(256, 256)",float32,0.0,1.0,0.6054467104815728,0.1728014585393939,,"(128, 128)",float32,-0.0038279052823781967,1.383313775062561,0.604061802141473,0.1974569915363102,
003046.npy,"(256, 256)",float32,0.0,1.0,0.6977564446270321,0.16462187724469152,,"(128, 128)",float32,0.04787769913673401,1.504470944404602,0.6975715279645556,0.20917933666798816,
003047.npy,"(256, 256)",float32,0.0,1.0,0.6581844759483317,0.15993314073753087,,"(128, 128)",float32,0.008817991241812706,1.4626471996307373,0.6575789656855022,0.1905848540394632,
003048.npy,"(256, 256)",float32,0.0,1.0,0.4342739231643833,0.19731377165866223,,"(128, 128)",float32,0.006661109160631895,1.254410743713379,0.4344614866974723,0.20960862579690598,
003049.npy,"(256, 256)",float32,0.0,1.0,0.9190148659271529,0.10227635021604042,,"(128, 128)",float32,0.005736605729907751,1.6995664834976196,0.9190955033655825,0.19514183968763898,
003050.npy,"(256, 256)",float32,0.0,1.0,0.9132362265966307,0.0750280342044101,,"(128, 128)",float32,0.001099828165024519,1.684587836265564,0.9132614795578888,0.18859587004048384,
003051.npy,"(256, 256)",float32,0.0,1.0,0.8999216919039412,0.05038294680924925,,"(128, 128)",float32,-0.000616455334238708,2.1580049991607666,0.8996981825774881,0.1688251374280609,
003052.npy,"(256, 256)",float32,0.0,1.0,0.22251553141902392,0.11322491312049719,,"(128, 128)",float32,-0.009077071212232113,1.0219080448150635,0.22199541419600166,0.11976243674588062,
003053.npy,"(256, 256)",float32,0.0,1.0,0.33554020405574647,0.12584565287371496,,"(128, 128)",float32,-0.010312494821846485,0.9059391617774963,0.3348564083465675,0.13779873615831253,
003054.npy,"(256, 256)",float32,0.0,1.0,0.33399220445731537,0.12683911968244754,,"(128, 128)",float32,-0.0003054495027754456,0.968565821647644,0.3336374407227307,0.13734841689053912,
003055.npy,"(256, 256)",float32,0.0,1.0,0.3362919780856899,0.12495184457304045,,"(128, 128)",float32,-0.002390115987509489,1.0408049821853638,0.33528968270987036,0.1339145271712803,
003056.npy,"(256, 256)",float32,0.0,1.0,0.42107110748176524,0.16850710823134019,,"(128, 128)",float32,-0.015947148203849792,1.4782874584197998,0.42159064134102664,0.18256313524660936,
003057.npy,"(256, 256)",float32,0.0,1.0,0.5294782513935066,0.07924922977918268,,"(128, 128)",float32,-0.00030143276671878994,1.1733320951461792,0.5305408150109105,0.11367560621502856,
003058.npy,"(256, 256)",float32,0.0,1.0,0.5324613594415766,0.08464601666413293,,"(128, 128)",float32,-0.01776321418583393,1.2370011806488037,0.5329665914659927,0.1314988430909645,
003059.npy,"(256, 256)",float32,0.0,1.0,0.5181107302327925,0.07545453376070514,,"(128, 128)",float32,-0.03739345818758011,1.299430251121521,0.5176425988124862,0.11858744419567828,
003060.npy,"(256, 256)",float32,0.0,1.0,0.4507606971336183,0.18162542808778032,,"(128, 128)",float32,-0.0060707381926476955,1.403927206993103,0.45006089008478956,0.20374537731048376,
003061.npy,"(256, 256)",float32,0.0,1.0,0.5956164800119215,0.20608410522570297,,"(128, 128)",float32,0.0052141183987259865,1.6701298952102661,0.5955146538418887,0.23788649326970213,
003062.npy,"(256, 256)",float32,0.0,1.0,0.5636922879653703,0.20606339149125288,,"(128, 128)",float32,0.007694897707551718,1.5858871936798096,0.5634048771857181,0.2312858766219928,
003063.npy,"(256, 256)",float32,0.0,1.0,0.5798408341556431,0.20798702210110265,,"(128, 128)",float32,-0.0010013346327468753,1.4679497480392456,0.5801573599312704,0.22580824941942357,
003064.npy,"(256, 256)",float32,0.0,1.0,0.647668190248254,0.18427444410328733,,"(128, 128)",float32,-0.00337155326269567,1.5058205127716064,0.6472702273224655,0.21318572492529408,
003065.npy,"(256, 256)",float32,0.0,1.0,0.2883701612685883,0.17372410774086067,,"(128, 128)",float32,0.00698506785556674,1.3221935033798218,0.2888645759259987,0.18227155581838053,
003066.npy,"(256, 256)",float32,0.0,1.0,0.3637672989896714,0.23111904865779453,,"(128, 128)",float32,0.0067048887722194195,1.531777024269104,0.36406433248643566,0.2413769946849447,
003067.npy,"(256, 256)",float32,0.0,1.0,0.23889244130856468,0.16776035577839155,,"(128, 128)",float32,0.004473697394132614,1.0879905223846436,0.23964906421304022,0.17502483291097098,
003068.npy,"(256, 256)",float32,0.0,1.0,0.735486425492482,0.23260905087027572,,"(128, 128)",float32,-0.007590739522129297,1.587459683418274,0.7364856106566364,0.25873458058512894,
003069.npy,"(256, 256)",float32,0.0,1.0,0.6147610939511978,0.11209133065808667,,"(128, 128)",float32,-0.003184667555615306,1.3858096599578857,0.6132513510469408,0.1402989577507981,
003070.npy,"(256, 256)",float32,0.0,1.0,0.6636538653370045,0.12541075473628263,,"(128, 128)",float32,0.0078055523335933685,1.3602238893508911,0.6626530066077407,0.1561050513464246,
003071.npy,"(256, 256)",float32,0.0,1.0,0.6426048995178681,0.1260376948759527,,"(128, 128)",float32,0.00512788025662303,1.4120516777038574,0.6415829272131361,0.15363131173302783,
003072.npy,"(256, 256)",float32,0.0,1.0,0.2877070601191889,0.1408771535565184,,"(128, 128)",float32,-0.007755005732178688,1.37306547164917,0.28783548363963973,0.14818480375646392,
003073.npy,"(256, 256)",float32,0.0,1.0,0.28696964414004267,0.10186271601114136,,"(128, 128)",float32,0.020279545336961746,1.2578842639923096,0.28727573034552734,0.11738888150117398,
003074.npy,"(256, 256)",float32,0.0,1.0,0.2931636509783857,0.09403087529275041,,"(128, 128)",float32,0.0032572965137660503,1.2498104572296143,0.29359102189980035,0.10721821248191407,
003075.npy,"(256, 256)",float32,0.0,1.0,0.3124321398041232,0.08955970890675326,,"(128, 128)",float32,0.0347726009786129,1.2312370538711548,0.3127531262746288,0.10516528899948971,
003076.npy,"(256, 256)",float32,0.0,1.0,0.4152911234299026,0.2195999358344587,,"(128, 128)",float32,0.011966480873525143,1.5085110664367676,0.4144814185619907,0.23164719605056355,
003077.npy,"(256, 256)",float32,0.0,1.0,0.5615106492862054,0.18913413606263998,,"(128, 128)",float32,-0.002768718870356679,1.3756920099258423,0.5614739147757604,0.20617320679021375,
003078.npy,"(256, 256)",float32,0.0,1.0,0.49993504698880287,0.16823040997581387,,"(128, 128)",float32,0.001382004120387137,1.2955783605575562,0.5007877363355888,0.19072880987508048,
003079.npy,"(256, 256)",float32,0.0,1.0,0.5537930133158824,0.18680567958985006,,"(128, 128)",float32,0.005385636817663908,1.4609917402267456,0.5536782075127746,0.2127582157663468,
003080.npy,"(256, 256)",float32,0.0,1.0,0.49938783295427225,0.23963062834173457,,"(128, 128)",float32,-0.006276422645896673,1.3387134075164795,0.4993204854129427,0.2515943877265725,
003081.npy,"(256, 256)",float32,0.0,1.0,0.48945485136657396,0.17489346244644519,,"(128, 128)",float32,0.00531051866710186,1.4079912900924683,0.48892612829359905,0.19318858091125923,
003082.npy,"(256, 256)",float32,0.0,1.0,0.5187477614563285,0.16831411862245088,,"(128, 128)",float32,-0.004877666477113962,1.5070288181304932,0.5183426732744891,0.1910563326117367,
003083.npy,"(256, 256)",float32,0.0,1.0,0.4523950760926212,0.17297921637041577,,"(128, 128)",float32,-0.0030822346452623606,1.4954619407653809,0.4524562255867153,0.19861067714626954,
003084.npy,"(256, 256)",float32,0.0,1.0,0.485484654748106,0.22994346954287745,,"(128, 128)",float32,0.023575667291879654,1.3962119817733765,0.48612818393894486,0.24691590043499434,
003085.npy,"(256, 256)",float32,0.0,1.0,0.17272558701866103,0.10100245578962898,,"(128, 128)",float32,0.0007308936910703778,1.048949956893921,0.1728969930414408,0.10568021139777682,
003086.npy,"(256, 256)",float32,0.0,1.0,0.18605616655933588,0.12304923572372362,,"(128, 128)",float32,0.0006243011448532343,1.1748756170272827,0.18639830388146095,0.1273065693286948,
003087.npy,"(256, 256)",float32,0.0,1.0,0.20970272487008046,0.14451557108877328,,"(128, 128)",float32,-0.006187861785292625,1.172104835510254,0.20970002120211007,0.15249598841505738,
003088.npy,"(256, 256)",float32,0.0,1.0,0.25296986501814445,0.14830618852366248,,"(128, 128)",float32,-0.030254002660512924,1.4447556734085083,0.25361573334772913,0.15823215441896304,
003089.npy,"(256, 256)",float32,0.0,1.0,0.30264356015778304,0.13905783863610524,,"(128, 128)",float32,-0.01283325906842947,1.3449162244796753,0.3024044272983417,0.1471203536384409,
003090.npy,"(256, 256)",float32,0.0,1.0,0.2986516544606985,0.1355110624610271,,"(128, 128)",float32,-0.013783593662083149,1.194556474685669,0.29799531737269636,0.14409071249089164,
003091.npy,"(256, 256)",float32,0.0,1.0,0.3100780157860825,0.14013234077482511,,"(128, 128)",float32,-0.0028712511993944645,1.1354305744171143,0.30989386009508735,0.14906766302602903,
003092.npy,"(256, 256)",float32,0.0,1.0,0.5171763311264925,0.1250885813384804,,"(128, 128)",float32,-0.01797562837600708,1.4257962703704834,0.5168367608229119,0.16076189508291058,
003093.npy,"(256, 256)",float32,0.0,1.0,0.6721974860152837,0.1276094271289808,,"(128, 128)",float32,-0.009021203964948654,1.4518272876739502,0.6730682456952763,0.1853523850465609,
003094.npy,"(256, 256)",float32,0.0,1.0,0.6240154694924485,0.14450127826489798,,"(128, 128)",float32,0.00415751151740551,1.3577369451522827,0.6250394317222572,0.17406426694601418,
003095.npy,"(256, 256)",float32,0.0,1.0,0.6246970674161076,0.14448697745291456,,"(128, 128)",float32,0.006174108944833279,1.357911229133606,0.6247025192496096,0.17655575131019868,
003096.npy,"(256, 256)",float32,0.0,1.0,0.34213255446752056,0.18375377645654478,,"(128, 128)",float32,-0.03413164243102074,1.2034008502960205,0.34187513982237694,0.1919176273926593,
003097.npy,"(256, 256)",float32,0.0,1.0,0.35227958979456786,0.22376134540418904,,"(128, 128)",float32,-0.047789525240659714,1.2246400117874146,0.35287944991313946,0.23477024639163382,
003098.npy,"(256, 256)",float32,0.0,1.0,0.32803325396348515,0.21969046484055235,,"(128, 128)",float32,-0.048795104026794434,1.3676272630691528,0.3283558908914882,0.22735806771257852,
003099.npy,"(256, 256)",float32,0.0,1.0,0.3592763079679479,0.2208326552588415,,"(128, 128)",float32,-0.05821331590414047,1.1565237045288086,0.3594910899813162,0.23246644703471503,
003100.npy,"(256, 256)",float32,0.0,1.0,0.19063266907841103,0.17308033969911812,,"(128, 128)",float32,-0.03528482839465141,1.4357960224151611,0.1903342510703635,0.1769814592534622,
003101.npy,"(256, 256)",float32,0.0,1.0,0.27165167407291424,0.14484972278067704,,"(128, 128)",float32,-0.032120563089847565,1.3129128217697144,0.27241899571712924,0.15164848409758405,
003102.npy,"(256, 256)",float32,0.0,1.0,0.2711561786234453,0.14302975927147343,,"(128, 128)",float32,-0.03361646458506584,1.2691439390182495,0.27136505035912784,0.1486237254219498,
003103.npy,"(256, 256)",float32,0.0,1.0,0.26281423607856813,0.1371654159373578,,"(128, 128)",float32,-0.029230479151010513,1.106022834777832,0.2626564929076065,0.1425042965531175,
003104.npy,"(256, 256)",float32,0.0,1.0,0.1081796847016907,0.10555161864482378,,"(128, 128)",float32,0.004316897131502628,1.196029543876648,0.10854661752514971,0.10928830988835553,
003105.npy,"(256, 256)",float32,0.0,1.0,0.13723400495333493,0.18122614136531823,,"(128, 128)",float32,-0.006686261855065823,1.3681809902191162,0.13775889546704434,0.18587921131800966,
003106.npy,"(256, 256)",float32,0.0,1.0,0.09467834638086003,0.12825735682765513,,"(128, 128)",float32,-0.006171295419335365,1.2762869596481323,0.09466516715228579,0.13076718286062336,
003107.npy,"(256, 256)",float32,0.0,1.0,0.12712088222812667,0.1642335503522937,,"(128, 128)",float32,-0.007777475751936436,1.4007556438446045,0.12772142124418906,0.16840947466779213,
003108.npy,"(256, 256)",float32,0.0,1.0,0.585893851082119,0.24701237530361952,,"(128, 128)",float32,0.022783078253269196,1.6111334562301636,0.5852433472598477,0.27336559599241883,
003109.npy,"(256, 256)",float32,0.0,1.0,0.6967841943513662,0.22109073109319377,,"(128, 128)",float32,0.026981621980667114,1.5288810729980469,0.6971079001034468,0.2471148140556407,
003110.npy,"(256, 256)",float32,0.0,1.0,0.6930299256121231,0.22074853770019887,,"(128, 128)",float32,0.02885754406452179,1.602004051208496,0.692304943301906,0.2518264227893116,
003111.npy,"(256, 256)",float32,0.0,1.0,0.6844661835393566,0.22391612759720486,,"(128, 128)",float32,0.014591730199754238,1.5026580095291138,0.683846818233576,0.2521582398751254,
003112.npy,"(256, 256)",float32,0.0,1.0,0.44060039240888216,0.19048524067689715,,"(128, 128)",float32,-0.01714387722313404,1.63923978805542,0.440016545793803,0.20786532088760099,
003113.npy,"(256, 256)",float32,0.0,1.0,0.2566319346872675,0.21185019370859082,,"(128, 128)",float32,-0.04200693219900131,1.1687246561050415,0.256648909398828,0.21635044084455837,
003114.npy,"(256, 256)",float32,0.0,1.0,0.22806462405495054,0.21519749292415427,,"(128, 128)",float32,-0.05984333157539368,1.1060067415237427,0.2282186800370926,0.21963465851535097,
003115.npy,"(256, 256)",float32,0.0,1.0,0.2098042673740507,0.20719487675214754,,"(128, 128)",float32,-0.033959705382585526,1.159976840019226,0.21013555085313396,0.21286494849741458,
003116.npy,"(256, 256)",float32,0.0,1.0,0.8099540028984507,0.15199960614917243,,"(128, 128)",float32,0.028743566945195198,1.6397638320922852,0.8104952290856318,0.20426705073482976,
003117.npy,"(256, 256)",float32,0.0,1.0,0.1150499858551261,0.06021929663365168,,"(128, 128)",float32,-0.00391111196950078,1.0939654111862183,0.11513311092440404,0.06550126104785056,
003118.npy,"(256, 256)",float32,0.0,1.0,0.12099051747733569,0.14155033835586112,,"(128, 128)",float32,-0.010311468504369259,1.3251821994781494,0.12171040664602079,0.14760222154792538,
003119.npy,"(256, 256)",float32,0.0,1.0,0.09967663289874107,0.06501858631464796,,"(128, 128)",float32,-0.005564361810684204,1.104292392730713,0.10018437067969632,0.06896482717959876,
003120.npy,"(256, 256)",float32,0.0,1.0,0.25751105146594,0.1700894571066368,,"(128, 128)",float32,0.03734834864735603,1.4115785360336304,0.2574298809731772,0.17520825285306396,
003121.npy,"(256, 256)",float32,0.0,1.0,0.4583250636303742,0.22106254533271955,,"(128, 128)",float32,-0.005906305275857449,1.401398777961731,0.45930250907349546,0.23589670458879317,
003122.npy,"(256, 256)",float32,0.0,1.0,0.5260526729969897,0.1513412830325059,,"(128, 128)",float32,0.007797540631145239,1.3377199172973633,0.5263394750151917,0.17287512800899488,
003123.npy,"(256, 256)",float32,0.0,1.0,0.4974962140315262,0.17800517856033016,,"(128, 128)",float32,-0.014603628776967525,1.3861606121063232,0.49885777782407104,0.1945100258196656,
003124.npy,"(256, 256)",float32,0.0,1.0,0.751926133284833,0.16208854169814293,,"(128, 128)",float32,0.0012130156392231584,1.4874783754348755,0.7509609471991112,0.19824406960049976,
003125.npy,"(256, 256)",float32,0.0,1.0,0.4675212500646353,0.21452253890028183,,"(128, 128)",float32,0.00697425939142704,1.694473385810852,0.4676346232650985,0.23033986764392378,
003126.npy,"(256, 256)",float32,0.0,1.0,0.395158125245473,0.24595529382703715,,"(128, 128)",float32,0.00968136452138424,1.4143452644348145,0.39586838595437257,0.25586792412414655,
003127.npy,"(256, 256)",float32,0.0,1.0,0.39041571496872507,0.2224761415136583,,"(128, 128)",float32,-0.0022760131396353245,1.416105031967163,0.39127956062000635,0.23355260486294785,
003128.npy,"(256, 256)",float32,0.0,1.0,0.5540820287814228,0.20284722854206808,,"(128, 128)",float32,0.0012466798070818186,1.614753007888794,0.5524932480941658,0.22682939485747738,
003129.npy,"(256, 256)",float32,0.0,1.0,0.8464349022108593,0.07128081216600218,,"(128, 128)",float32,0.041739869862794876,1.4485571384429932,0.8455935461283843,0.14365053569814082,
003130.npy,"(256, 256)",float32,0.0,1.0,0.8400307946955365,0.07107457285024914,,"(128, 128)",float32,0.03423166647553444,1.757371425628662,0.8377151079207579,0.17506876884377212,
003131.npy,"(256, 256)",float32,0.0,1.0,0.8203496405164081,0.1566067960294457,,"(128, 128)",float32,0.005781822372227907,1.6027848720550537,0.8191997773962214,0.21630185521637615,
003132.npy,"(256, 256)",float32,0.0,1.0,0.6735162942116233,0.2298730106237265,,"(128, 128)",float32,0.03549657389521599,1.750327706336975,0.6729359636967729,0.2586141319566321,
003133.npy,"(256, 256)",float32,0.0,1.0,0.2547864494423615,0.18247098523238792,,"(128, 128)",float32,-0.008644052781164646,1.4576442241668701,0.2550923694987758,0.18909781789933588,
003134.npy,"(256, 256)",float32,0.0,1.0,0.24962546226223253,0.19068794305807985,,"(128, 128)",float32,-0.024755379185080528,1.7276179790496826,0.2494862281846022,0.19985192177208833,
003135.npy,"(256, 256)",float32,0.0,1.0,0.25199939185715203,0.1847735280372255,,"(128, 128)",float32,-0.006475438829511404,1.3190152645111084,0.2516782732412902,0.18924389841588105,
003136.npy,"(256, 256)",float32,0.0,1.0,0.23629456163894247,0.14096838195863154,,"(128, 128)",float32,-0.023027457296848297,1.1430679559707642,0.23676622665578861,0.14749888786699988,
003137.npy,"(256, 256)",float32,0.0,1.0,0.19407460079290217,0.12757929807489643,,"(128, 128)",float32,-0.01218191534280777,1.1161655187606812,0.1948429907334699,0.13294779488490654,
003138.npy,"(256, 256)",float32,0.0,1.0,0.22169292947830854,0.14436796352014739,,"(128, 128)",float32,-0.00249055796302855,1.1947611570358276,0.22119744949166886,0.15012865793431532,
003139.npy,"(256, 256)",float32,0.0,1.0,0.23406010002483413,0.15303594650554386,,"(128, 128)",float32,-0.026732325553894043,1.4033550024032593,0.23410288325055717,0.16165972281546126,
003140.npy,"(256, 256)",float32,0.0,1.0,0.43915174844683547,0.28216053232713567,,"(128, 128)",float32,-0.012696273624897003,1.6554791927337646,0.44012982752224894,0.29954074307320916,
003141.npy,"(256, 256)",float32,0.0,1.0,0.16210089789387616,0.1614774440401652,,"(128, 128)",float32,-0.008794772438704967,1.6971396207809448,0.1626608159467553,0.1689171649120681,
003142.npy,"(256, 256)",float32,0.0,1.0,0.16023239406927914,0.16131987735203926,,"(128, 128)",float32,-0.0034443202894181013,1.4474551677703857,0.16079988877230988,0.1675132704455428,
003143.npy,"(256, 256)",float32,0.0,1.0,0.20194490685860877,0.1953893717774677,,"(128, 128)",float32,0.005976070649921894,1.577750325202942,0.20287268642462664,0.20308435454877946,
003144.npy,"(256, 256)",float32,0.0,1.0,0.8554006554255125,0.13013845741509614,,"(128, 128)",float32,2.9910046578152105e-05,1.5020201206207275,0.853366044717158,0.19074303016870484,
003145.npy,"(256, 256)",float32,0.0,1.0,0.1653133126682051,0.12495308800823877,,"(128, 128)",float32,-0.04396252706646919,1.2355579137802124,0.16560107418572179,0.12967264537293724,
003146.npy,"(256, 256)",float32,0.0,1.0,0.16388965778745865,0.12445072283946719,,"(128, 128)",float32,-0.0346926786005497,1.053952693939209,0.1640469213881653,0.1280410386898024,
003147.npy,"(256, 256)",float32,0.0,1.0,0.16411821523013886,0.12461006012329441,,"(128, 128)",float32,-0.02973351813852787,1.0812218189239502,0.16423915434764497,0.12651808423080427,
003148.npy,"(256, 256)",float32,0.0,1.0,0.36402074872812284,0.19505398270541305,,"(128, 128)",float32,-0.0006650516879744828,1.1924067735671997,0.36416719657144725,0.20434297082745034,
003149.npy,"(256, 256)",float32,0.0,1.0,0.3748262189965837,0.28052021172776254,,"(128, 128)",float32,-0.024262910708785057,1.4601359367370605,0.375076906735069,0.2886955285491315,
003150.npy,"(256, 256)",float32,0.0,1.0,0.4275516427256274,0.29628536094435654,,"(128, 128)",float32,-0.019400451332330704,1.4325218200683594,0.4275115103958924,0.3066812345226119,
003151.npy,"(256, 256)",float32,0.0,1.0,0.3582895509296633,0.2779298016263197,,"(128, 128)",float32,-0.0014362307265400887,1.6039327383041382,0.35856840073266083,0.28904707303808425,
003152.npy,"(256, 256)",float32,0.0,1.0,0.618135867235095,0.21405008182012408,,"(128, 128)",float32,-0.005711384117603302,1.602902889251709,0.6190122198875372,0.23700896127023088,
003153.npy,"(256, 256)",float32,0.0,1.0,0.29081108041379267,0.18838942759249763,,"(128, 128)",float32,-0.020427651703357697,1.3695098161697388,0.29024426496950184,0.19447663892629444,
003154.npy,"(256, 256)",float32,0.0,1.0,0.2922823263758332,0.18788105133640415,,"(128, 128)",float32,-0.011472786776721478,1.50093674659729,0.29276351491937547,0.196504378055038,
003155.npy,"(256, 256)",float32,0.0,1.0,0.29784953506166545,0.1880817050608592,,"(128, 128)",float32,-0.00109128060285002,1.2296125888824463,0.2974671390153034,0.1983439760959934,
003156.npy,"(256, 256)",float32,0.0,1.0,0.3534210886446303,0.15372540813402993,,"(128, 128)",float32,-0.004066559486091137,1.2850342988967896,0.3532680324958122,0.16183197459513268,
003157.npy,"(256, 256)",float32,0.0,1.0,0.4945910128571285,0.2109674379208425,,"(128, 128)",float32,0.012373285368084908,1.4123122692108154,0.49481705133564446,0.2305032481090321,
003158.npy,"(256, 256)",float32,0.0,1.0,0.4928105687743849,0.20728953173245082,,"(128, 128)",float32,-0.003276730887591839,1.6632276773452759,0.4920001799698923,0.2293268709722261,
003159.npy,"(256, 256)",float32,0.0,1.0,0.4856431142154669,0.20245173570649036,,"(128, 128)",float32,0.0013380837626755238,1.2906280755996704,0.48599744027140446,0.21661506216342408,
003160.npy,"(256, 256)",float32,0.0,1.0,0.45705083955325,0.19772361774085642,,"(128, 128)",float32,-0.03404976800084114,1.3855466842651367,0.4570054701818549,0.21701884452863868,
003161.npy,"(256, 256)",float32,0.0,1.0,0.5325227319246988,0.1590011475135382,,"(128, 128)",float32,0.009430838748812675,1.4874786138534546,0.5323279648537209,0.18066843221651105,
003162.npy,"(256, 256)",float32,0.0,1.0,0.5121500521976712,0.18196210340821123,,"(128, 128)",float32,-0.04296739771962166,1.5544263124465942,0.511571685812374,0.19842197236796413,
003163.npy,"(256, 256)",float32,0.0,1.0,0.5361344962720245,0.17843111857189328,,"(128, 128)",float32,-0.031256962567567825,1.5357825756072998,0.5366747668924425,0.20249182729062198,
003164.npy,"(256, 256)",float32,0.0,1.0,0.5297344726295137,0.26402507705166334,,"(128, 128)",float32,-0.012443679384887218,1.4370315074920654,0.5291917983568908,0.27807075885449706,
003165.npy,"(256, 256)",float32,0.0,1.0,0.5079749079160658,0.2419551551416769,,"(128, 128)",float32,0.0004108498396817595,1.2843656539916992,0.5074234503686288,0.2549040111729754,
003166.npy,"(256, 256)",float32,0.0,1.0,0.5064644271537069,0.2417367909395832,,"(128, 128)",float32,-0.003156669670715928,1.4502891302108765,0.5062974337813273,0.26265715536091544,
003167.npy,"(256, 256)",float32,0.0,1.0,0.5037265527038473,0.2530580998934974,,"(128, 128)",float32,0.0039909458719193935,1.3778241872787476,0.5039365736320178,0.2660844994864572,
003168.npy,"(256, 256)",float32,0.0,1.0,0.4042185381999843,0.351956193519635,,"(128, 128)",float32,0.009750429540872574,1.3923258781433105,0.40350811244798024,0.3599688142490735,
003169.npy,"(256, 256)",float32,0.0,1.0,0.1512532508022435,0.15171905758717225,,"(128, 128)",float32,-0.01041583064943552,1.193031668663025,0.1518715518929632,0.155971945614956,
003170.npy,"(256, 256)",float32,0.0,1.0,0.1583743662986492,0.1598160162034748,,"(128, 128)",float32,-0.011218199506402016,1.2995327711105347,0.15927380186057882,0.16746694891873418,
003171.npy,"(256, 256)",float32,0.0,1.0,0.1901858877515734,0.19370655959913052,,"(128, 128)",float32,-0.0004355111450422555,1.2763259410858154,0.18965836922158807,0.19865900460351488,
003172.npy,"(256, 256)",float32,0.0,1.0,0.8181273672282501,0.09318625975202531,,"(128, 128)",float32,0.007773761637508869,1.5859098434448242,0.8182332103704653,0.15733589641878248,
003173.npy,"(256, 256)",float32,0.0,1.0,0.4481604295606658,0.14156255495214937,,"(128, 128)",float32,0.008912025950849056,1.497878909111023,0.448200429765393,0.16065358441526212,
003174.npy,"(256, 256)",float32,0.0,1.0,0.44062910555400947,0.1267964549466788,,"(128, 128)",float32,0.013873717747628689,1.628791093826294,0.44018432183764844,0.14882543873874957,
003175.npy,"(256, 256)",float32,0.0,1.0,0.43515087973008804,0.11214024326942178,,"(128, 128)",float32,0.00876946747303009,1.394839882850647,0.43488263634878876,0.13462489784199355,
003176.npy,"(256, 256)",float32,0.0,1.0,0.20963869655718437,0.10940770721908696,,"(128, 128)",float32,-0.02617013454437256,1.153224229812622,0.20994246616769985,0.1144241486104595,
003177.npy,"(256, 256)",float32,0.0,1.0,0.4106583915241395,0.2272754630565542,,"(128, 128)",float32,-0.026734324172139168,1.3255743980407715,0.4110057373186162,0.23754506993914626,
003178.npy,"(256, 256)",float32,0.0,1.0,0.4087579083353372,0.22497986440862128,,"(128, 128)",float32,-0.016940781846642494,1.3594779968261719,0.40880206825762855,0.2364221368718232,
003179.npy,"(256, 256)",float32,0.0,1.0,0.3938980879272247,0.2209991814116349,,"(128, 128)",float32,-0.01997152529656887,1.261407494544983,0.3940310680028273,0.23227406001728773,
003180.npy,"(256, 256)",float32,0.0,1.0,0.566631937418407,0.3071416238186047,,"(128, 128)",float32,0.0032726654317229986,1.4858237504959106,0.5670146660362576,0.32451715785322,
003181.npy,"(256, 256)",float32,0.0,1.0,0.4965226680575512,0.1617671486147809,,"(128, 128)",float32,0.023122334852814674,1.490439534187317,0.49700825254217307,0.1873840363186883,
003182.npy,"(256, 256)",float32,0.0,1.0,0.479469277397115,0.1548693711736545,,"(128, 128)",float32,0.043207719922065735,1.431687593460083,0.47943549772116967,0.17522470810703744,
003183.npy,"(256, 256)",float32,0.0,1.0,0.5044594045497988,0.16374868621169394,,"(128, 128)",float32,0.05409175902605057,1.360000491142273,0.5045519816751494,0.17936313823593203,
003184.npy,"(256, 256)",float32,0.0,1.0,0.33914954238714284,0.2701787423217713,,"(128, 128)",float32,-0.019249005243182182,1.3363195657730103,0.3396981660878451,0.2776342854528009,
003185.npy,"(256, 256)",float32,0.0,1.0,0.2334481265153444,0.20654004611008808,,"(128, 128)",float32,-0.014247558079659939,1.304725170135498,0.23386488826890126,0.21146611046024652,
003186.npy,"(256, 256)",float32,0.0,1.0,0.23660727478616075,0.20210180091031565,,"(128, 128)",float32,-0.012501440942287445,1.262527585029602,0.2365087942882534,0.2080244633407578,
003187.npy,"(256, 256)",float32,0.0,1.0,0.21404688584668763,0.19091238778009773,,"(128, 128)",float32,-0.03137396275997162,1.4379212856292725,0.21415968959242987,0.19995641689877286,
003188.npy,"(256, 256)",float32,0.0,1.0,0.6280187752314745,0.09517372505012489,,"(128, 128)",float32,-0.0029858779162168503,1.3772468566894531,0.6274931606249217,0.14718278287634232,
003189.npy,"(256, 256)",float32,0.0,1.0,0.517672330711946,0.12367083857936266,,"(128, 128)",float32,0.0007345363846980035,1.456275224685669,0.5181942531146682,0.1598102077067518,
003190.npy,"(256, 256)",float32,0.0,1.0,0.5163345784933497,0.1226096031958894,,"(128, 128)",float32,0.0655190497636795,1.1419912576675415,0.5145185576479889,0.1463477229663863,
003191.npy,"(256, 256)",float32,0.0,1.0,0.5096841933395027,0.12844534413639402,,"(128, 128)",float32,0.001714007230475545,1.287548542022705,0.5088817582767007,0.15411732772232217,
003192.npy,"(256, 256)",float32,0.0,1.0,0.252171887639733,0.20915167464833578,,"(128, 128)",float32,0.01297575980424881,1.3291826248168945,0.2524951772751365,0.21661969644953308,
003193.npy,"(256, 256)",float32,0.0,1.0,0.48253701147615224,0.35843047513146914,,"(128, 128)",float32,-0.011641894467175007,1.4677859544754028,0.4822435754933112,0.3681234615169437,
003194.npy,"(256, 256)",float32,0.0,1.0,0.5043791901912034,0.3496073702197748,,"(128, 128)",float32,-0.019047483801841736,1.610646367073059,0.504343562485882,0.36470698375249216,
003195.npy,"(256, 256)",float32,0.0,1.0,0.5228390209676621,0.3508447327178994,,"(128, 128)",float32,0.0033116063568741083,1.6152255535125732,0.5220147032949711,0.36432051799709736,
003196.npy,"(256, 256)",float32,0.0,1.0,0.3825715599319603,0.2678911753973312,,"(128, 128)",float32,-0.057813264429569244,1.716833233833313,0.38363024842218807,0.2806986516346144,
003197.npy,"(256, 256)",float32,0.0,1.0,0.2300320294462616,0.2353418630297414,,"(128, 128)",float32,-0.1295667439699173,1.2150511741638184,0.23014412809092571,0.24111665160291265,
003198.npy,"(256, 256)",float32,0.0,1.0,0.20016174641338796,0.2093932638801109,,"(128, 128)",float32,-0.10885880142450333,1.5100516080856323,0.20027028362713895,0.2162826826840152,
003199.npy,"(256, 256)",float32,0.0,1.0,0.24915571732573072,0.2425909532310083,,"(128, 128)",float32,-0.08225751668214798,1.1161640882492065,0.24911847467728745,0.24687482508559802,
